Date,Stock,Code,post_count,engagement_sum,daily_growth,weekly_growth,growth_rate,norm_engagement,popularity,valid
2026-04-10,유한양행,000100,87,943.1021134182879,0.0,0.0,0.0,0.11827226188749106,0.11827226188749106,True
2026-04-11,유한양행,000100,7,279.77892477899417,-0.9195402298850575,-0.9195402298850575,-0.9195402298850575,0.03498941443659069,0.002815240242024539,True
2026-04-12,유한양행,000100,1,12.25227342804663,-0.8571428571428571,-0.9787234042553191,-0.9057750759878419,0.0014003862296679411,0.00013195128607813432,False
2026-04-13,유한양행,000100,109,1264.1697004479865,108.0,2.4421052631578943,65.77684210526316,0.1585835661355378,10.589709756322366,True
2026-04-14,유한양행,000100,73,777.8215137899326,-0.3302752293577982,0.43137254901960786,-0.025616118006835747,0.09752062949894373,0.09502252954559788,True
2026-04-15,유한양행,000100,1,2.6094379124341005,-0.9863013698630136,-0.9819494584837545,-0.98456060531131,0.00018969012708138088,2.9287007405572115e-06,False
2026-03-20,DL이앤씨,000210,62,587.3867567061609,0.0,0.0,0.0,0.07361079324538038,0.07361079324538038,True
2026-03-21,DL이앤씨,000210,3,68.65096245388521,-0.9516129032258065,-0.9516129032258065,-0.9516129032258065,0.008481464495912411,0.00041039344335060015,True
2026-03-22,DL이앤씨,000210,4,91.07312775078034,0.3333333333333333,-0.8769230769230769,-0.1507692307692308,0.011296655949976966,0.009593467822134286,True
2026-03-23,DL이앤씨,000210,23,181.72710840041395,4.75,0.0,2.85,0.02267862143914948,0.0873126925407255,True
2026-03-24,DL이앤씨,000210,39,291.6720285495379,0.6956521739130435,0.6956521739130435,0.6956521739130435,0.03648264061050414,0.06186186886128962,True
2026-03-25,DL이앤씨,000210,15,161.3918680472657,-0.6153846153846154,-0.42748091603053434,-0.540223135642983,0.020125451658242595,0.00925321705719551,True
2026-03-26,DL이앤씨,000210,9,85.85381988841314,-0.4,-0.6301369863013698,-0.49205479452054796,0.010641351223795916,0.005405223333950034,True
2026-03-27,DL이앤씨,000210,7,93.47960052706443,-0.2222222222222222,-0.6838709677419355,-0.4068817204301075,0.011598798116200853,0.00687945918375956,True
2026-03-28,DL이앤씨,000210,2,31.021668922531894,-0.7142857142857143,-0.86,-0.7725714285714286,0.0037569580011439768,0.0008544395911173158,False
2026-03-30,DL이앤씨,000210,12,94.52328787863365,5.0,-0.1515151515151515,2.9393939393939394,0.011729837187314105,0.04620844952578284,True
2026-03-31,DL이앤씨,000210,8,73.48648772932896,-0.3333333333333333,-0.47663551401869164,-0.39065420560747666,0.009088583801790841,0.00553809031660526,True
2026-04-01,DL이앤씨,000210,11,109.52456533940159,0.375,-0.16304347826086954,0.15978260869565214,0.01361330684996319,0.015788476531424702,True
2026-04-02,DL이앤씨,000210,10,79.80567183219833,-0.09090909090909091,0.09375000000000006,-0.017045454545454516,0.0098819823361207,0.00971353945539137,True
2026-04-03,DL이앤씨,000210,9,83.92215350447626,-0.1,0.0677966101694915,-0.0328813559322034,0.010398822876325571,0.01005689548005317,True
2026-04-04,DL이앤씨,000210,1,15.123963979403259,-0.8888888888888888,-0.8813559322033898,-0.8858757062146893,0.0017609383258571783,0.0002009658428379379,False
2026-04-06,DL이앤씨,000210,2,22.157993891603972,1.0,-0.7358490566037735,0.30566037735849055,0.002644088576257123,0.003452281688245149,False
2026-04-07,DL이앤씨,000210,4,32.362765149405796,1.0,-0.4716981132075472,0.4113207547169811,0.003925337931760955,0.005539910892372065,True
2026-04-08,DL이앤씨,000210,23,197.02770480195872,4.75,2.5777777777777775,3.881111111111111,0.02459967177756993,0.120073731243183,True
2026-04-09,DL이앤씨,000210,4,34.268396755784934,-0.8260869565217391,-0.5333333333333333,-0.7089855072463768,0.004164597510032673,0.0012119582319051606,True
2026-04-10,DL이앤씨,000210,8,87.88656834583796,1.0,0.056603773584905696,0.6226415094339622,0.010896570825017823,0.017681228131160995,True
2026-04-11,DL이앤씨,000210,1,15.091309882077699,-0.875,-0.8627450980392157,-0.8700980392156863,0.0017568384749055024,0.0002282167626715481,False
2026-04-12,DL이앤씨,000210,1,16.192956850890212,0.0,-0.8372093023255814,-0.3348837209302326,0.0018951546049906982,0.001260498179133348,False
2026-04-13,DL이앤씨,000210,8,83.03962000579877,7.0,0.30232558139534876,4.32093023255814,0.010288017308241271,0.054741822328502394,True
2026-04-14,DL이앤씨,000210,8,71.8308853641212,0.0,0.14285714285714285,0.05714285714285714,0.008880716382737101,0.009388185890322078,True
2026-04-11,기아,000270,3,67.53687060967665,0.0,0.0,0.0,0.008341585862545398,0.008341585862545398,True
2026-04-12,기아,000270,8,174.2912589738751,1.6666666666666667,1.6666666666666667,1.6666666666666667,0.0217450211609372,0.05798672309583254,True
2026-04-13,기아,000270,90,1049.3803299840151,10.25,15.363636363636363,12.295454545454545,0.13161591193499506,1.7498933745902752,True
2026-04-14,기아,000270,169,1428.130982031844,0.8777777777777778,4.019801980198021,2.134587458745875,0.1791695529303218,0.5616226336044919,True
2026-04-14,SK하이닉스,000660,538,7965.8021369893295,0.0,0.0,0.0,1.0,1.0,True
2026-04-15,SK하이닉스,000660,24,220.95010142444343,-0.9553903345724907,-0.9553903345724907,-0.9553903345724907,0.027603223202716517,0.0012313705517940463,True
2026-04-11,현대건설,000720,5,84.99120102108446,0.0,0.0,0.0,0.010533046016369995,0.010533046016369995,True
2026-04-12,현대건설,000720,39,1063.6908503871355,6.8,6.8,6.800000000000001,0.1334126543195345,1.0406187036923693,True
2026-04-13,현대건설,000720,77,1297.39707635068,0.9743589743589743,2.5,1.5846153846153845,0.1627553944778793,0.4206600964966726,True
2026-04-14,현대건설,000720,162,1910.789571903381,1.103896103896104,3.016528925619834,1.8689492325855963,0.23976924611095113,0.6878857946276402,True
2026-02-04,삼성화재,000810,1,27.417580402414544,0.0,0.0,0.0,0.0033044504459110524,0.0033044504459110524,False
2026-02-09,삼성화재,000810,2,20.20506789571507,1.0,1.0,1.0,0.0023988910004989848,0.0047977820009979695,False
2026-02-12,삼성화재,000810,4,28.391614360893517,1.0,1.6666666666666667,1.2666666666666666,0.0034267442582868973,0.0077672869854503,True
2026-02-13,삼성화재,000810,6,52.60543463251362,0.5,1.5714285714285712,0.9285714285714286,0.006466885074141075,0.012471849785843502,True
2026-02-20,삼성화재,000810,8,56.773961451173776,0.3333333333333333,1.4615384615384615,0.7846153846153846,0.0069902600881302885,0.012474925695740206,True
2026-02-21,삼성화재,000810,1,14.340359303727752,-0.875,-0.7619047619047619,-0.8297619047619048,0.0016625536624173727,0.00028302996872105266,False
2026-02-22,삼성화재,000810,2,11.157121510848338,1.0,-0.45454545454545453,0.41818181818181815,0.0012628855789780648,0.00179100136655071,False
2026-02-23,삼성화재,000810,30,224.09060875245893,14.0,7.750000000000001,11.5,0.027997526307443007,0.3499690788430376,True
2026-02-24,삼성화재,000810,7,83.81681849011221,-0.7666666666666667,-0.07547169811320752,-0.49018867924528303,0.010385597649041546,0.0052946952542849545,True
2026-02-25,삼성화재,000810,11,99.15505091853281,0.5714285714285714,0.3275862068965516,0.4738916256157635,0.012311373339354772,0.018145630064704175,True
2026-02-26,삼성화재,000810,9,86.46553658803154,-0.18181818181818182,-0.030769230769230847,-0.12139860139860142,0.01071815467262754,0.00941698568579667,True
2026-02-27,삼성화재,000810,8,72.40261267584054,-0.1111111111111111,-0.17647058823529405,-0.13725490196078427,0.008952499005900193,0.0077237246325413435,True
2026-03-01,삼성화재,000810,1,22.583409222158764,-0.875,-0.8970588235294118,-0.8838235294117648,0.0026975011520341706,0.00031338616325102844,False
2026-03-03,삼성화재,000810,1,5.624972813284271,0.0,-0.8970588235294118,-0.35882352941176476,0.0005683024497495373,0.00036438215895705624,False
2026-03-04,삼성화재,000810,4,25.690265430657536,3.0,-0.582089552238806,1.5671641791044775,0.0030875792257331583,0.007926322788449302,True
2026-03-05,삼성화재,000810,6,40.051724690544845,0.5,0.02439024390243909,0.3097560975609756,0.0048907171850242495,0.006405646654531761,True
2026-03-06,삼성화재,000810,3,18.236407685813536,-0.5,-0.47500000000000003,-0.49,0.0021517179319979164,0.0010973761453189374,True
2026-03-07,삼성화재,000810,1,12.472270673671474,-0.6666666666666666,-0.78125,-0.7124999999999999,0.001428007753173816,0.00041055222903747227,False
2026-03-08,삼성화재,000810,1,9.068904202220232,0.0,-0.7083333333333334,-0.2833333333333334,0.0010007016443027827,0.0007171695117503275,False
2026-03-09,삼성화재,000810,4,21.171837260371632,3.0,0.6470588235294119,2.0588235294117645,0.002520272714414431,0.007709069479385318,True
2026-03-11,삼성화재,000810,3,30.564963704801897,-0.25,0.049999999999999975,-0.13,0.003699616856390298,0.0032186666650595593,True
2026-03-12,삼성화재,000810,3,23.224776433994457,0.0,-0.045454545454545435,-0.018181818181818174,0.00277802733983848,0.002727517751841417,True
2026-03-13,삼성화재,000810,3,31.10152223608391,0.0,0.0,0.0,0.003766983900200278,0.003766983900200278,True
2026-03-16,삼성화재,000810,4,40.4488191609229,0.3333333333333333,0.5555555555555555,0.42222222222222217,0.004940573964896415,0.007026594083408233,True
2026-03-17,삼성화재,000810,4,48.54165867050527,0.0,0.4736842105263157,0.1894736842105263,0.005956661944126818,0.007085292628277162,True
2026-03-18,삼성화재,000810,3,39.9313076228856,-0.25,-0.045454545454545435,-0.16818181818181815,0.0048755983463523766,0.004055611351738568,True
2026-03-19,삼성화재,000810,2,21.56792656895933,-0.3333333333333333,-0.41666666666666663,-0.36666666666666664,0.0025700032922519257,0.001627668751759553,False
2026-03-20,삼성화재,000810,9,85.02978368344743,3.5,1.8636363636363638,2.8454545454545457,0.010537890222088803,0.0405229778540324,True
2026-03-23,삼성화재,000810,7,81.80770016811027,-0.2222222222222222,0.75,0.1666666666666667,0.010133344904696306,0.01182223572214569,True
2026-03-24,삼성화재,000810,6,64.12346039028431,-0.14285714285714285,0.31250000000000006,0.03928571428571433,0.007913018721432555,0.008223887314060263,True
2026-03-25,삼성화재,000810,12,132.52566104053005,1.0,1.4,1.16,0.01650118530391894,0.035642560256464915,True
2026-03-26,삼성화재,000810,19,219.10086034021188,0.5833333333333334,2.0930232558139537,1.1872093023255816,0.02737104367732721,0.05986620134540987,True
2026-03-27,삼성화재,000810,20,164.29701951175895,0.05263157894736842,1.4137931034482756,0.5970961887477313,0.020490204904296715,0.03272482815931236,True
2026-03-28,삼성화재,000810,1,8.104793232414984,-0.95,-0.9066666666666666,-0.9326666666666666,0.000879653702365549,5.923001595928032e-05,False
2026-03-29,삼성화재,000810,2,34.93187261389102,1.0,-0.8108108108108109,0.27567567567567564,0.004247899525738401,0.005418942097698717,False
2026-03-30,삼성화재,000810,6,57.122292252803526,2.0,-0.3731343283582089,1.0507462686567164,0.007033994396701786,0.01442493776278844,True
2026-03-31,삼성화재,000810,7,70.31560118560526,0.16666666666666666,-0.25757575757575757,-0.003030303030303036,0.008690466466488914,0.008664131719620766,True
2026-04-01,삼성화재,000810,9,86.29495382117031,0.2857142857142857,-0.05970149253731341,0.14754797441364603,0.010696737332191427,0.0122750192583911,True
2026-04-02,삼성화재,000810,11,91.87913749519134,0.2222222222222222,0.20312500000000006,0.21458333333333335,0.011397853658329994,0.013843643089179972,True
2026-04-03,삼성화재,000810,4,33.844548440936606,-0.6363636363636364,-0.5,-0.5818181818181818,0.004111381679269624,0.0017193050658763883,True
2026-04-04,삼성화재,000810,1,5.709530201312334,-0.75,-0.825,-0.78,0.0005789189639444259,0.0001273621720677737,False
2026-04-05,삼성화재,000810,1,6.598421958998375,0.0,-0.825,-0.33,0.0006905228365718691,0.00046265030050315225,False
2026-04-06,삼성화재,000810,6,49.75585982043596,5.0,0.07692307692307697,3.0307692307692307,0.0061091096964085104,0.02462441139167738,True
2026-04-07,삼성화재,000810,3,16.102866077103325,-0.5,-0.4615384615384615,-0.4846153846153846,0.0018838433523486516,0.0009709038815950742,True
2026-04-08,삼성화재,000810,7,40.272016390736965,1.3333333333333333,0.4,0.96,0.004918375678464581,0.00964001632979058,True
2026-04-09,삼성화재,000810,3,21.681383401644727,-0.5714285714285714,-0.36363636363636365,-0.48831168831168825,0.002584248245919509,0.0013223296219380346,True
2026-04-10,삼성화재,000810,5,49.75518008920242,0.6666666666666666,0.3999999999999999,0.5599999999999999,0.006109024353466186,0.009530077991407251,True
2026-04-11,삼성화재,000810,1,5.852030263919617,-0.8,-0.7307692307692307,-0.7723076923076924,0.0005968104098928347,0.00013588913948329155,False
2026-04-13,삼성화재,000810,2,19.386839199301363,1.0,-0.46153846153846156,0.41538461538461535,0.002296159154438907,0.0032499483416673757,False
2026-04-14,삼성화재,000810,4,29.980816476693057,1.0,0.03703703703703702,0.6148148148148148,0.0036262748636472857,0.005855762372408209,True
2026-02-26,현대해상,001450,5,125.94462304989702,0.0,0.0,0.0,0.01567490997926643,0.01567490997926643,True
2026-02-27,현대해상,001450,23,337.2703531858721,3.6,3.6,3.6000000000000005,0.04220769045007716,0.19415537607035496,True
2026-02-28,현대해상,001450,3,56.749088346307374,-0.8695652173913043,-0.7857142857142857,-0.8360248447204969,0.006987137171528401,0.0011457169026605578,True
2026-03-02,현대해상,001450,6,88.41568357344778,1.0,-0.41935483870967744,0.432258064516129,0.010963003332639594,0.015701849934490256,True
2026-03-03,현대해상,001450,34,302.96241457686045,4.666666666666667,2.675675675675676,3.8702702702702707,0.03790019319012095,0.18458418413134584,True
2026-03-04,현대해상,001450,16,196.67718361154678,-0.5294117647058824,0.12676056338028174,-0.2669428334714167,0.024555662457031523,0.01800070434298384,True
2026-03-05,현대해상,001450,13,182.04743099671452,-0.1875,-0.10344827586206896,-0.15387931034482757,0.02271883920686766,0.019222879897879835,True
2026-03-06,현대해상,001450,9,100.07087124701653,-0.3076923076923077,-0.37000000000000005,-0.33261538461538465,0.012426358200453935,0.00829316028824141,True
2026-03-07,현대해상,001450,2,24.18686701579054,-0.7777777777777778,-0.8653846153846154,-0.8128205128205128,0.0028988216140776136,0.000542599943147861,False
2026-03-08,현대해상,001450,4,64.10645378064389,1.0,-0.6626506024096386,0.33493975903614454,0.007910883474390694,0.01056055287906613,True
2026-03-09,현대해상,001450,6,86.68617962308453,0.5,-0.5,0.09999999999999998,0.010745857277547951,0.011820443005302748,True
2026-03-10,현대해상,001450,6,135.52697584934828,0.0,-0.5,-0.2,0.016878012237841886,0.01350240979027351,True
2026-03-11,현대해상,001450,3,39.51448449095739,-0.5,-0.625,-0.55,0.004823264555064914,0.002170469049779211,True
2026-03-12,현대해상,001450,3,41.84567784934561,0.0,-0.5116279069767442,-0.2046511627906977,0.005115955092905848,0.004068968934357675,True
2026-03-14,현대해상,001450,2,46.73683136358936,-0.3333333333333333,-0.5757575757575758,-0.4303030303030303,0.005730058743980239,0.0032643971026311666,False
2026-03-15,현대해상,001450,1,32.06610809010375,-0.5,-0.7307692307692307,-0.5923076923076923,0.0038880914657271554,0.001585144982181071,False
2026-03-16,현대해상,001450,7,137.59595282658805,6.0,0.9599999999999999,3.9839999999999995,0.017137780472883318,0.08541469787685045,True
2026-03-17,현대해상,001450,7,90.87485764586874,0.0,0.75,0.30000000000000004,0.011271762354842292,0.01465329106129498,True
2026-03-18,현대해상,001450,8,70.26031823009288,0.14285714285714285,0.9310344827586206,0.45812807881773393,0.008683525472974097,0.012661692315272574,True
2026-03-19,현대해상,001450,9,155.3594515169261,0.125,1.032258064516129,0.4879032258064516,0.019368057925804035,0.028817795865410036,True
2026-03-20,현대해상,001450,10,201.64039408972556,0.1111111111111111,0.8918918918918919,0.42342342342342343,0.025178813144660576,0.03584011240411145,True
2026-03-21,현대해상,001450,1,16.231108616854588,-0.9,-0.8409090909090909,-0.8763636363636365,0.0018999447099639789,0.00023490225505009175,False
2026-03-23,현대해상,001450,1,8.123963979403259,0.0,-0.8372093023255814,-0.3348837209302326,0.000882060665403008,0.0005866729076866517,False
2026-03-25,현대해상,001450,7,77.14721003803922,6.0,0.13953488372093018,3.6558139534883716,0.00954820195296965,0.044454651883361014,True
2026-03-26,현대해상,001450,9,157.6734921451441,0.2857142857142857,0.4651162790697673,0.35747508305647835,0.0196585948705932,0.026686052704732163,True
2026-03-27,현대해상,001450,5,56.65457842626471,-0.4444444444444444,-0.22222222222222227,-0.35555555555555557,0.006975271077611715,0.004495174694460882,True
2026-03-29,현대해상,001450,1,19.741700694652053,-0.8,-0.8333333333333334,-0.8133333333333334,0.0023407134174130615,0.0004369331712504381,False
2026-03-30,현대해상,001450,2,27.520893634619405,1.0,-0.5882352941176471,0.3647058823529411,0.0033174218304559337,0.004527305086269274,False
2026-03-31,현대해상,001450,2,25.522677756412907,0.0,-0.46153846153846156,-0.18461538461538463,0.0030665379310101477,0.0025004078514390435,False
2026-04-02,현대해상,001450,5,68.17815287459997,1.5,0.2962962962962963,1.0185185185185184,0.008422101384929192,0.017000167610320034,True
2026-04-03,현대해상,001450,7,85.99608549234596,0.4,0.5806451612903225,0.472258064516129,0.010659213232531283,0.015693112642991218,True
2026-04-04,현대해상,001450,2,33.51086622746664,-0.7142857142857143,-0.5483870967741936,-0.647926267281106,0.0040694865588253885,0.0014327593230150214,False
2026-04-06,현대해상,001450,4,66.79578275868961,1.0,0.16666666666666674,0.6666666666666666,0.008248539354450185,0.013747565590750308,True
2026-04-07,현대해상,001450,2,24.539060938574856,-0.5,-0.3913043478260869,-0.45652173913043476,0.0029430409527751644,0.0015994787786821544,False
2026-04-08,현대해상,001450,15,213.72446230151093,6.5,3.375,5.25,0.026696015658766652,0.16685009786729157,True
2026-04-09,현대해상,001450,10,140.7772127220315,-0.3333333333333333,0.8918918918918919,0.1567567567567568,0.017537200223483894,0.0202862748531111,True
2026-04-10,현대해상,001450,4,53.46650066029073,-0.6,-0.3777777777777778,-0.5111111111111111,0.006574995316425261,0.0032144421546967945,True
2026-04-11,현대해상,001450,2,24.129994544166642,-0.5,-0.6818181818181818,-0.5727272727272728,0.0028916810505340337,0.0012355364488645416,False
2026-04-12,현대해상,001450,2,31.982305213876057,0.0,-0.641025641025641,-0.2564102564102564,0.003877569683470252,0.002883321046683008,False
2026-04-13,현대해상,001450,9,108.14063655145159,3.5,0.6153846153846154,2.3461538461538463,0.013439549122050523,0.044970798985322906,True
2026-04-14,현대해상,001450,9,110.90824428403621,0.0,0.4318181818181818,0.17272727272727273,0.013787033209060358,0.016168429854261694,True
2026-02-20,아모레G,002790,20,274.248221487786,0.0,0.0,0.0,0.03429501278384166,0.03429501278384166,True
2026-02-21,아모레G,002790,2,27.307618437631156,-0.9,-0.9,-0.9000000000000001,0.003290644286718514,0.00032906442867185095,False
2026-02-22,아모레G,002790,1,9.762173934797756,-0.5,-0.9090909090909091,-0.6636363636363636,0.0010877443986787004,0.00036587766137374475,False
2026-02-23,아모레G,002790,10,100.39030501868365,9.0,0.3043478260869565,5.521739130434782,0.012466464372727198,0.08130302851778606,True
2026-02-24,아모레G,002790,20,234.71951863235438,1.0,1.4242424242424243,1.1696969696969697,0.029332027942931684,0.06364161214284572,True
2026-02-25,아모레G,002790,25,317.9279433532082,0.25,1.358490566037736,0.6933962264150945,0.03977917446418039,0.06736190392755076,True
2026-02-26,아모레G,002790,12,166.4330524185947,-0.52,-0.07692307692307693,-0.34276923076923077,0.020758392276269994,0.013643054123726987,True
2026-02-27,아모레G,002790,15,255.50955273703022,0.25,0.16666666666666663,0.21666666666666665,0.03194229887645739,0.03886313029968982,True
2026-03-02,아모레G,002790,3,31.798502741543274,-0.8,-0.7529411764705882,-0.7811764705882354,0.0038544925567746053,0.0008434536653647957,True
2026-03-03,아모레G,002790,19,208.39382244945674,5.333333333333333,0.5465116279069766,3.4186046511627906,0.026026732761352776,0.11500184243388435,True
2026-03-04,아모레G,002790,14,126.97798869353551,-0.2631578947368421,-0.05769230769230772,-0.18097165991902836,0.015804653119162817,0.012944458809743474,True
2026-03-05,아모레G,002790,10,151.38975371006427,-0.2857142857142857,-0.35185185185185186,-0.31216931216931215,0.01886964667991764,0.012979122054969807,True
2026-03-06,아모레G,002790,4,44.913013218681165,-0.6,-0.7142857142857143,-0.6457142857142857,0.005501071169081556,0.0019489509284746085,True
2026-03-07,아모레G,002790,1,8.532599493153256,-0.75,-0.9090909090909091,-0.8136363636363636,0.0009333664688748774,0.00017394556919940902,False
2026-03-09,아모레G,002790,5,62.10624915779439,4.0,-0.4696969696969697,2.212121212121212,0.007659749880196468,0.024604045069721987,True
2026-03-10,아모레G,002790,9,141.11747647220773,0.8,0.125,0.53,0.0175799216818685,0.026897280173258806,True
2026-03-11,아모레G,002790,3,26.085971980751395,-0.6666666666666666,-0.6612903225806451,-0.6645161290322581,0.0031372617467292844,0.0010525007150317598,True
2026-03-12,아모레G,002790,1,27.225746673713203,-0.6666666666666666,-0.8478260869565217,-0.7391304347826086,0.003280364963242876,0.000855747381715533,False
2026-03-13,아모레G,002790,3,38.721410843980486,2.0,-0.36363636363636365,1.0545454545454545,0.004723691024861639,0.00970503792380664,True
2026-03-16,아모레G,002790,1,27.313205979041786,-0.6666666666666666,-0.7307692307692307,-0.6923076923076923,0.003291345824621752,0.0010127217921913085,False
2026-03-17,아모레G,002790,6,100.69715278481547,5.0,0.8260869565217392,3.3304347826086955,0.012504990322271987,0.054152045047751736,True
2026-03-18,아모레G,002790,5,95.92222414512355,-0.16666666666666666,0.25,1.3877787807814457e-17,0.01190547916345941,0.01190547916345941,True
2026-03-19,아모레G,002790,3,69.3560705025481,-0.4,-0.25,-0.33999999999999997,0.008569993597651876,0.0056561957744502385,True
2026-03-20,아모레G,002790,6,124.98911898439087,1.0,0.9090909090909092,0.9636363636363636,0.015554942668174074,0.030544251057505453,True
2026-03-22,아모레G,002790,4,58.91167368960865,-0.3333333333333333,0.11999999999999994,-0.152,0.007258658306821701,0.006155342244184802,True
2026-03-23,아모레G,002790,1,8.634728988229636,-0.75,-0.75,-0.75,0.000946189230545748,0.000236547307636437,False
2026-03-24,아모레G,002790,3,67.75274143659817,2.0,-0.19230769230769235,1.123076923076923,0.008368689297877555,0.017767371124724655,True
2026-03-25,아모레G,002790,3,48.22590915557721,0.0,-0.25,-0.1,0.005917018344845459,0.005325316510360913,True
2026-03-26,아모레G,002790,3,40.79615203608692,0.0,-0.16000000000000003,-0.06400000000000002,0.004984182979856839,0.004665195269146001,True
2026-03-27,아모레G,002790,2,20.083249628147005,-0.3333333333333333,-0.3913043478260869,-0.3565217391304347,0.0023835962356417275,0.0015337923603259813,False
2026-03-30,아모레G,002790,3,39.745132889679,0.5,-0.045454545454545435,0.2818181818181818,0.004852223372930049,0.006219668141664881,True
2026-03-31,아모레G,002790,2,22.475393326367602,-0.3333333333333333,-0.26315789473684215,-0.30526315789473685,0.002683939329493485,0.0018646315341744211,False
2026-04-01,아모레G,002790,7,81.05287745978238,2.5,1.8823529411764706,2.2529411764705882,0.01003857393098875,0.03265489049315752,True
2026-04-02,아모레G,002790,4,37.60291517262961,-0.42857142857142855,0.21739130434782614,-0.17018633540372666,0.004583259473595214,0.0038032513395796315,True
2026-04-03,아모레G,002790,4,52.84246394034655,0.0,0.16666666666666674,0.0666666666666667,0.006496645040359256,0.00692975470971654,True
2026-04-06,아모레G,002790,4,64.24037742220881,0.0,0.11999999999999994,0.04799999999999998,0.007927698116787563,0.008308227626393366,True
2026-04-07,아모레G,002790,1,11.663439094112068,-0.75,-0.7307692307692307,-0.7423076923076923,0.0013264557522674415,0.000341817443853533,False
2026-04-08,아모레G,002790,4,56.040814959199324,3.0,0.11999999999999994,1.8479999999999999,0.006898210649039334,0.019646103928464023,True
2026-04-09,아모레G,002790,7,65.50525310606791,0.75,0.8846153846153846,0.8038461538461539,0.008086508257044057,0.014586816817514088,True
2026-04-10,아모레G,002790,12,159.46956728799992,0.7142857142857143,1.7096774193548385,1.112442396313364,0.019884099201957914,0.042004014166716626,True
2026-04-13,아모레G,002790,4,51.868843107613834,-0.6666666666666666,-0.2222222222222223,-0.4888888888888889,0.006374403097553318,0.0032580282498605845,True
2026-04-14,아모레G,002790,6,51.034827503016416,0.5,0.16666666666666657,0.36666666666666664,0.006269689142788911,0.008568575161811512,True
2026-02-24,LG,003550,1,8.988984046564275,0.0,0.0,0.0,0.0009906673529562055,0.0009906673529562055,False
2026-02-25,LG,003550,14,133.70897983853646,13.0,13.0,13.0,0.016649755654885127,0.23309657916839177,True
2026-02-26,LG,003550,12,192.55061042297265,-0.14285714285714285,0.6,0.1542857142857143,0.024037554887079104,0.02774620621251417,True
2026-02-27,LG,003550,15,189.05286793574294,0.25,0.6666666666666666,0.41666666666666663,0.023598399496500874,0.033431065953376235,True
2026-03-01,LG,003550,2,32.11548009095222,-0.8666666666666667,-0.8095238095238095,-0.8438095238095238,0.003894290315526819,0.0006082510588060938,False
2026-03-02,LG,003550,3,44.30442558477864,0.5,-0.6590909090909092,0.03636363636363632,0.005424660586815043,0.005621920971790136,True
2026-03-03,LG,003550,9,69.3576812459693,2.0,0.148936170212766,1.2595744680851064,0.008570195832853249,0.019364995690404577,True
2026-03-04,LG,003550,5,34.12616381278837,-0.4444444444444444,-0.375,-0.4166666666666667,0.004146739602006911,0.0024189314345040313,True
2026-03-05,LG,003550,9,103.41529201252064,0.8,0.05000000000000003,0.5,0.012846263443019734,0.0192693951645296,True
2026-03-06,LG,003550,8,81.5740091328914,-0.1111111111111111,0.01818181818181823,-0.059393939393939374,0.010104004071795982,0.009503887466319616,True
2026-03-07,LG,003550,3,25.974290506175194,-0.625,-0.5882352941176471,-0.6102941176470589,0.0031232396962876264,0.0012171448816415012,True
2026-03-08,LG,003550,7,69.26088043121774,1.3333333333333333,0.25641025641025644,0.9025641025641025,0.008558042108053405,0.016282223703014426,True
2026-03-09,LG,003550,8,61.05443327544326,0.14285714285714285,0.27272727272727276,0.19480519480519481,0.007527690239923711,0.008994123403545213,True
2026-03-10,LG,003550,6,51.13394537083069,-0.25,-0.14285714285714285,-0.20714285714285713,0.006282133782756599,0.004980834642042732,True
2026-03-11,LG,003550,7,62.6682582110129,0.16666666666666666,0.06521739130434787,0.12608695652173912,0.007730312337603146,0.008705003893213978,True
2026-03-12,LG,003550,4,43.084038904772754,-0.42857142857142855,-0.41666666666666663,-0.42380952380952375,0.005271436216790328,0.003037351343960142,True
2026-03-13,LG,003550,8,50.26295645905075,1.0,0.30232558139534876,0.7209302325581395,0.0061727776831756445,0.010622919733837156,True
2026-03-14,LG,003550,1,8.499809670330265,-0.875,-0.8372093023255814,-0.8598837209302326,0.0009292495770506806,0.0001302029930634965,False
2026-03-15,LG,003550,3,17.694977760872177,2.0,-0.4878048780487805,1.0048780487804878,0.0020837392654647255,0.004177643112712206,True
2026-03-16,LG,003550,6,45.72611716024686,1.0,0.13513513513513517,0.654054054054054,0.00560315958192003,0.009267928821986645,True
2026-03-17,LG,003550,4,48.610136789646916,-0.3333333333333333,-0.2,-0.28,0.0059652596425758915,0.004294986942654642,True
2026-03-18,LG,003550,5,50.527081061981285,0.25,0.06060606060606058,0.17424242424242423,0.006205939570760213,0.007287277526271463,True
2026-03-19,LG,003550,6,67.14042687612947,0.2,0.35483870967741926,0.2619354838709677,0.008291810785253732,0.010463730255455677,True
2026-03-20,LG,003550,9,96.31868409879785,0.5,0.9090909090909091,0.6636363636363636,0.011955256277252128,0.01988919907942854,True
2026-03-21,LG,003550,1,6.77912349311153,-0.8888888888888888,-0.7941176470588235,-0.8509803921568627,0.0007132106282207047,0.00010628236812700698,False
2026-03-22,LG,003550,1,4.931825632724326,0.0,-0.7941176470588235,-0.3176470588235294,0.00048127508226369046,0.000328399467897577,False
2026-03-23,LG,003550,13,133.82379774415114,12.0,1.8437500000000002,7.937499999999999,0.016664171496637254,0.14893603275119546,True
2026-03-24,LG,003550,15,183.3840512186466,0.15384615384615385,1.6923076923076925,0.7692307692307694,0.022886657157377286,0.04049177804766751,True
2026-03-25,LG,003550,5,49.27930965756738,-0.6666666666666666,-0.30000000000000004,-0.52,0.006049276940375512,0.0029036529313802456,True
2026-03-26,LG,003550,6,60.059620396892825,0.2,-0.16000000000000003,0.05599999999999998,0.007402787552025128,0.007817343654938535,True
2026-03-27,LG,003550,6,82.05675467842941,0.0,-0.16000000000000003,-0.06400000000000002,0.010164614682604142,0.009514079342917477,True
2026-03-28,LG,003550,2,18.343471684579367,-0.6666666666666666,-0.7021276595744681,-0.6808510638297872,0.002165160240105657,0.0006910085872677629,False
2026-03-29,LG,003550,2,22.54383512236266,0.0,-0.7083333333333334,-0.2833333333333334,0.002692532467427973,0.0019296482683233804,False
2026-03-30,LG,003550,9,82.61316684385322,3.5,0.2857142857142857,2.2142857142857144,0.01023447442863213,0.03289652494917471,True
2026-03-31,LG,003550,3,20.560657982963686,-0.6666666666666666,-0.5333333333333333,-0.6133333333333333,0.00244353674106495,0.0009448342065451141,True
2026-04-01,LG,003550,5,28.107664101611014,0.6666666666666666,0.06060606060606058,0.4242424242424242,0.003391093181206389,0.004829738773233342,True
2026-04-02,LG,003550,6,48.095617840431764,0.2,0.2727272727272727,0.22909090909090907,0.00590065975538367,0.007252447262980655,True
2026-04-03,LG,003550,4,34.24467746400879,-0.3333333333333333,-0.15151515151515155,-0.2606060606060606,0.004161619459223552,0.0030770762062137776,True
2026-04-05,LG,003550,3,36.936472535426674,-0.25,-0.32258064516129037,-0.27903225806451615,0.004499584967050668,0.0032440556133413686,True
2026-04-06,LG,003550,4,37.37221182024157,0.3333333333333333,-0.12499999999999994,0.15,0.004554293756080109,0.005237437819492125,True
2026-04-07,LG,003550,4,33.23935126565139,0.0,-0.17647058823529405,-0.07058823529411762,0.00403539678247989,0.0037505452448930742,True
2026-04-08,LG,003550,7,64.31404237952161,0.75,0.6896551724137929,0.7258620689655171,0.007936947043264782,0.0136980758453587,True
2026-04-09,LG,003550,4,44.16867711822945,-0.42857142857142855,-0.15151515151515155,-0.3177489177489177,0.005407616830430616,0.0036893524349604556,True
2026-04-10,LG,003550,8,61.03948017911199,1.0,0.7500000000000001,0.9,0.007525812819592258,0.01429904435722529,True
2026-04-11,LG,003550,1,6.075173815233827,-0.875,-0.7941176470588235,-0.8426470588235294,0.0006248269645106158,9.831836059211159e-05,False
2026-04-13,LG,003550,5,36.03102506111122,4.0,0.12903225806451607,2.4516129032258065,0.0043859024587805965,0.015138437519016898,True
2026-04-14,LG,003550,8,64.77081930550295,0.6,0.6969696969696969,0.6387878787878787,0.007994297191272773,0.013100957336485804,True
2026-04-03,포스코퓨처엠,003670,10,181.44406709306884,0.0,0.0,0.0,0.02264308448457643,0.02264308448457643,True
2026-04-04,포스코퓨처엠,003670,3,75.419717720394,-0.7,-0.7,-0.7,0.00933130846631471,0.002799392539894414,True
2026-04-05,포스코퓨처엠,003670,5,77.383819901511,0.6666666666666666,-0.23076923076923078,0.30769230769230765,0.009577909256290859,0.012524958258226509,True
2026-04-06,포스코퓨처엠,003670,40,406.6799475909413,7.0,5.666666666666667,6.466666666666667,0.05092233929919145,0.3802201334339629,True
2026-04-07,포스코퓨처엠,003670,40,295.26713565729005,0.0,1.7586206896551724,0.703448275862069,0.036934020513924616,0.06291519356509917,True
2026-04-08,포스코퓨처엠,003670,39,466.9609482335762,-0.025,0.9897959183673468,0.38091836734693874,0.058490857129853635,0.08077109893248054,True
2026-04-09,포스코퓨처엠,003670,23,316.3054505599763,-0.41025641025641024,0.007299270072992753,-0.24323413812464903,0.039575464082720474,0.029949360185676958,True
2026-04-10,포스코퓨처엠,003670,33,427.3437288510071,0.43478260869565216,0.44375,0.4383695652173913,0.05351675868918907,0.07697687692761293,True
2026-04-11,포스코퓨처엠,003670,3,93.46767362190488,-0.9090909090909091,-0.8852459016393442,-0.8995529061102832,0.011597300646128983,0.0011649151468689919,True
2026-04-12,포스코퓨처엠,003670,4,114.63593539811234,0.3333333333333333,-0.8469945355191257,-0.13879781420765033,0.014255059558379647,0.012276488450276677,True
2026-04-13,포스코퓨처엠,003670,18,254.21429136990972,3.5,-0.3076923076923077,1.976923076923077,0.0317796736935986,0.0946056439955589,True
2026-04-14,포스코퓨처엠,003670,58,440.30591358497105,2.2222222222222223,1.5374999999999999,1.9483333333333333,0.05514421220252636,0.16258351897711523,True
2026-04-09,현대제철,004020,62,707.420602686243,0.0,0.0,0.0,0.0886815169211362,0.0886815169211362,True
2026-04-10,현대제철,004020,95,967.6907235236366,0.532258064516129,0.532258064516129,0.532258064516129,0.12135945904794944,0.18595400983153543,True
2026-04-11,현대제철,004020,5,108.45715038052067,-0.9473684210526315,-0.9363057324840764,-0.9429433456252095,0.01347928868399247,0.0007690831156605825,True
2026-04-12,현대제철,004020,12,109.40848280254033,1.4,-0.7777777777777778,0.5288888888888889,0.013598732228760875,0.02079095060752774,True
2026-04-13,현대제철,004020,54,598.9610607182793,3.5,0.2413793103448276,2.1965517241379313,0.07506399284988836,0.239945935764988,True
2026-04-14,현대제철,004020,54,531.6920309999541,0.0,0.18421052631578944,0.07368421052631578,0.06661810035562213,0.07152680248708902,True
2026-04-15,현대제철,004020,2,8.472270673671474,-0.9629629629629629,-0.9574468085106383,-0.9607565011820332,0.0009257919472000044,3.63313151856266e-05,False
2026-03-23,롯데지주,004990,9,88.91704971350109,0.0,0.0,0.0,0.011025951832668307,0.011025951832668307,True
2026-03-24,롯데지주,004990,28,388.80931023179585,2.111111111111111,2.111111111111111,2.111111111111111,0.04867861016304422,0.15144456495169314,True
2026-03-25,롯데지주,004990,21,326.0542691733338,-0.25,0.13513513513513514,-0.09594594594594594,0.040799466782020434,0.03688492334752928,True
2026-03-26,롯데지주,004990,13,212.33015039760932,-0.38095238095238093,-0.32758620689655166,-0.3596059113300492,0.026520954289617447,0.01698386235295699,True
2026-03-27,롯데지주,004990,15,217.07248852029997,0.15384615384615385,-0.15492957746478872,0.03033586132177682,0.0271163735802393,0.02793897212871893,True
2026-03-28,롯데지주,004990,1,17.4971682252932,-0.9333333333333333,-0.9418604651162791,-0.9367441860465116,0.0020589034966297004,0.00013023761653099515,False
2026-03-29,롯데지주,004990,2,53.665950178476905,1.0,-0.8620689655172413,0.2551724137931034,0.0066000369915570015,0.008284184361816374,False
2026-03-30,롯데지주,004990,35,435.63456916271446,16.5,1.752808988764045,10.60112359550562,0.05455770645152515,0.6329306956314575,True
2026-03-31,롯데지주,004990,30,302.0747926193091,-0.14285714285714285,0.8260869565217392,0.24472049689441006,0.037788748745918026,0.0470364301160371,True
2026-04-01,롯데지주,004990,28,338.332709311605,-0.06666666666666667,0.6752136752136751,0.23008547008547006,0.0423410734595562,0.0520831392504216,True
2026-04-02,롯데지주,004990,12,151.52584667123003,-0.5714285714285714,-0.32258064516129037,-0.471889400921659,0.018886733688962445,0.009974284243111043,True
2026-04-03,롯데지주,004990,13,171.54839796730806,0.08333333333333333,-0.26016260162601634,-0.05406504065040655,0.021400644123165398,0.020243617428701576,True
2026-04-05,롯데지주,004990,1,16.804021044733258,-0.9230769230769231,-0.9421487603305785,-0.9307056579783852,0.0019718761291438536,0.000136639858917152,False
2026-04-06,롯데지주,004990,8,134.46277865679446,7.0,-0.5371900826446281,3.9851239669421488,0.016744398075148513,0.08347290015644285,True
2026-04-07,롯데지주,004990,14,162.2613117566092,0.75,-0.22834645669291337,0.35866141732283463,0.0202346137515518,0.027491988998663487,True
2026-04-08,롯데지주,004990,13,172.12284454046878,-0.07142857142857142,-0.14150943396226412,-0.09946091644204849,0.0214727681603476,0.01933706696057179,True
2026-04-09,롯데지주,004990,6,101.79365179118513,-0.5384615384615384,-0.5280898876404494,-0.5343128781331028,0.012642660105330343,0.005887523997192731,True
2026-04-10,롯데지주,004990,3,64.71557176934981,-0.5,-0.6865671641791045,-0.5746268656716418,0.007987360644798467,0.0033976086324889,True
2026-04-11,롯데지주,004990,1,18.783825182329736,-0.6666666666666666,-0.8793103448275862,-0.7517241379310344,0.002220448361802179,0.0005512837312060583,False
2026-04-12,롯데지주,004990,1,8.787491742782045,0.0,-0.8478260869565217,-0.33913043478260874,0.0009653691980208274,0.0006379831221702859,False
2026-04-13,롯데지주,004990,10,99.96610114518951,9.0,0.5217391304347827,5.608695652173912,0.012413203900171182,0.08203508664460954,True
2026-04-14,롯데지주,004990,17,236.44768785622767,0.7,1.4791666666666667,1.0116666666666667,0.02954900641783835,0.05944275124388482,True
2026-04-14,현대차,005380,273,2727.759113705787,0.0,0.0,0.0,0.34234300033403886,0.34234300033403886,True
2026-04-15,현대차,005380,7,34.751094658681986,-0.9743589743589743,-0.9743589743589743,-0.9743589743589742,0.004225202139119,0.00010833851638766722,True
2026-04-13,POSCO홀딩스,005490,37,695.7714008248995,0.0,0.0,0.0,0.08721891359569964,0.08721891359569964,True
2026-04-14,POSCO홀딩스,005490,238,2741.2959426678112,5.4324324324324325,5.4324324324324325,5.4324324324324325,0.344042602700912,2.2130307957518127,True
2026-04-15,POSCO홀딩스,005490,1,8.828641396489095,-0.9957983193277311,-0.9927272727272727,-0.9945699006875477,0.0009705356996463348,5.2701052353599824e-06,False
2025-11-25,DB손해보험,005830,1,10.60934924316738,0.0,0.0,0.0,0.0011941106062521912,0.0011941106062521912,False
2025-11-26,DB손해보험,005830,1,16.217443431696534,0.0,0.0,0.0,0.0018982289919694955,0.0018982289919694955,False
2025-11-28,DB손해보험,005830,1,14.87777633327726,0.0,0.0,0.0,0.0017300284940771874,0.0017300284940771874,False
2025-12-02,DB손해보험,005830,1,7.559615237493242,0.0,0.0,0.0,0.0008112044508358466,0.0008112044508358466,False
2025-12-05,DB손해보험,005830,1,7.2285110035911835,0.0,0.0,0.0,0.0007696330059132307,0.0007696330059132307,False
2025-12-07,DB손해보험,005830,1,10.045776576879511,0.0,0.0,0.0,0.0011233518310460482,0.0011233518310460482,False
2025-12-09,DB손해보험,005830,1,8.210600077024653,0.0,0.0,0.0,0.0008929381698013465,0.0008929381698013465,False
2025-12-10,DB손해보험,005830,1,9.212606095751518,0.0,0.0,0.0,0.0010187439848727273,0.0010187439848727273,False
2025-12-11,DB손해보험,005830,1,14.848005274576362,0.0,0.0,0.0,0.001726290620017146,0.001726290620017146,False
2025-12-16,DB손해보험,005830,1,6.723832440821209,0.0,0.0,0.0,0.0007062686181234238,0.0007062686181234238,False
2025-12-17,DB손해보험,005830,1,5.802118375377063,0.0,0.0,0.0,0.0005905437750598163,0.0005905437750598163,False
2025-12-18,DB손해보험,005830,1,8.398594934535208,0.0,0.0,0.0,0.0009165416670222454,0.0009165416670222454,False
2025-12-21,DB손해보험,005830,1,6.438079308923196,0.0,0.0,0.0,0.0006703911832619983,0.0006703911832619983,False
2025-12-22,DB손해보험,005830,2,21.37660551575657,1.0,1.0,1.0,0.0025459821780184303,0.005091964356036861,False
2025-12-23,DB손해보험,005830,3,24.503557130177953,0.5,1.6250000000000002,0.9500000000000002,0.0029385833093378668,0.005730237453208841,True
2025-12-24,DB손해보험,005830,2,14.24847099694679,-0.3333333333333333,0.39999999999999997,-0.03999999999999998,0.0016510167224049804,0.001584976053508781,False
2025-12-28,DB손해보험,005830,1,9.22059017009974,-0.5,-0.36363636363636365,-0.44545454545454544,0.0010197464169561642,0.0005654957403120548,False
2026-01-06,DB손해보험,005830,1,6.820281565605037,0.0,-0.36363636363636365,-0.14545454545454548,0.0007183781868581185,0.0006138868142242103,False
2026-01-07,DB손해보험,005830,1,4.663439094112067,0.0,-0.36363636363636365,-0.14545454545454548,0.00044757809181327114,0.00038247582391315896,False
2026-01-08,DB손해보험,005830,4,33.54882455483959,3.0,1.5454545454545456,2.418181818181818,0.004074252376819144,0.013926535397127255,True
2026-01-12,DB손해보험,005830,1,9.66988092298052,-0.75,-0.5,-0.6499999999999999,0.0010761566463498144,0.0003766548262224351,False
2026-01-13,DB손해보험,005830,2,19.016988453697987,1.0,0.07692307692307689,0.6307692307692307,0.0022497229318656034,0.0036687789350423683,False
2026-01-14,DB손해보험,005830,1,8.148468295917647,-0.5,-0.41666666666666663,-0.4666666666666667,0.0008851372791700358,0.0004720732155573524,False
2026-01-16,DB손해보험,005830,3,20.47395513419444,2.0,0.9090909090909092,1.5636363636363637,0.002432650855796232,0.006236432193950339,True
2026-01-19,DB손해보험,005830,1,7.539585955617669,-0.6666666666666666,-0.46153846153846156,-0.5846153846153845,0.0008086896953507923,0.0003359172580687907,False
2026-01-20,DB손해보험,005830,1,9.021023349349527,0.0,-0.46153846153846156,-0.18461538461538463,0.0009946900140239891,0.000811054934511868,False
2026-01-27,DB손해보험,005830,3,19.441837195100714,2.0,0.6153846153846153,1.4461538461538461,0.0023030643701357355,0.0056336497669474146,True
2026-01-29,DB손해보험,005830,1,5.407171771460119,-0.6666666666666666,-0.41666666666666663,-0.5666666666666667,0.0005409566683091243,0.0002344145562672872,False
2026-01-30,DB손해보험,005830,2,12.331043811404658,1.0,0.16666666666666674,0.6666666666666666,0.0014102761625591957,0.0023504602709319925,False
2026-02-03,DB손해보험,005830,1,5.927253685157205,-0.5,-0.41666666666666663,-0.4666666666666667,0.0006062550076740704,0.00032333600409283753,False
2026-02-04,DB손해보험,005830,7,57.77380241289591,6.0,3.0833333333333335,4.833333333333333,0.007115794071739517,0.04150879875181385,True
2026-02-05,DB손해보험,005830,7,55.26901385646522,0.0,2.0625,0.8250000000000001,0.006801307970824062,0.012412387046753915,True
2026-02-06,DB손해보험,005830,7,52.08833276328359,0.0,1.2272727272727273,0.49090909090909096,0.006401960891134593,0.00954474169223703,True
2026-02-07,DB손해보험,005830,1,10.828945617610207,-0.8571428571428571,-0.75,-0.8142857142857143,0.001221681798797124,0.0002268837626337516,False
2026-02-08,DB손해보험,005830,1,14.084499413075172,0.0,-0.7307692307692307,-0.2923076923076923,0.0016304294421172585,0.0011538423744214443,False
2026-02-09,DB손해보험,005830,10,74.69988771823873,9.0,1.6923076923076923,6.076923076923077,0.009240930965140575,0.06539735759945638,True
2026-02-11,DB손해보험,005830,3,31.11972703159931,-0.7,-0.38235294117647056,-0.5729411764705883,0.003769269584213367,0.0016096998341993552,True
2026-02-12,DB손해보험,005830,4,37.65175932030259,0.3333333333333333,-0.2222222222222223,0.11111111111111106,0.004589392049342887,0.005099324499269874,True
2026-02-13,DB손해보험,005830,5,38.56826701777326,0.25,0.06060606060606058,0.17424242424242423,0.004704463212334495,0.005524180287210961,True
2026-02-19,DB손해보험,005830,1,6.07753744390572,-0.8,-0.7741935483870968,-0.7896774193548387,0.0006251237274302352,0.00013147763557564947,False
2026-02-20,DB손해보험,005830,13,79.19064561935082,12.0,2.64,8.256,0.009804763364825643,0.09075288970482616,True
2026-02-21,DB손해보험,005830,1,9.267858159063328,-0.9230769230769231,-0.8108108108108109,-0.8781704781704782,0.0010256810997496917,0.00012495823793208296,False
2026-02-23,DB손해보험,005830,24,128.78291225681082,23.0,3.540540540540541,15.216216216216216,0.016031268404675676,0.25996651467041637,True
2026-02-24,DB손해보험,005830,8,41.28465848203393,-0.6666666666666666,0.09803921568627452,-0.36078431372549014,0.005045516894475509,0.003225173544311796,True
2026-02-25,DB손해보험,005830,5,39.11832415604052,-0.375,-0.375,-0.375,0.0047735250595911305,0.0029834531622444566,True
2026-02-26,DB손해보험,005830,8,48.52704605983294,0.6,-0.017543859649122747,0.3529824561403509,0.005954827273115272,0.008056776829871048,True
2026-02-27,DB손해보험,005830,55,463.1004292485659,5.875,5.416666666666667,5.691666666666666,0.058006153716470096,0.3881578452860457,True
2026-02-28,DB손해보험,005830,3,51.515443228344395,-0.9454545454545454,-0.8157894736842105,-0.8935885167464115,0.006330032346253731,0.0006735881310080524,True
2026-03-01,DB손해보험,005830,1,15.505331535932363,-0.6666666666666666,-0.9326923076923077,-0.773076923076923,0.0018088205295508101,0.00041046312016729936,False
2026-03-02,DB손해보험,005830,1,26.224558429275362,0.0,-0.9326923076923077,-0.3730769230769231,0.0031546618229649124,0.001977730296704926,False
2026-03-03,DB손해보험,005830,1,7.429345628954441,0.0,-0.9135802469135802,-0.3654320987654321,0.0007948485867242949,0.0005043853994768983,False
2026-03-04,DB손해보험,005830,5,36.872703951181165,4.0,-0.527027027027027,2.189189189189189,0.0044915785693175015,0.01432449381566122,True
2026-03-05,DB손해보험,005830,7,61.20445913606794,0.4,-0.33783783783783783,0.10486486486486485,0.007546526579551346,0.008337892069515108,True
2026-03-06,DB손해보험,005830,3,28.906386477269773,-0.5714285714285714,-0.7123287671232876,-0.6277886497064579,0.003491375931616584,0.0012995297498893824,True
2026-03-07,DB손해보험,005830,2,31.102599237053898,-0.3333333333333333,-0.3333333333333333,-0.3333333333333333,0.003767119121927822,0.0025114127479518816,False
2026-03-08,DB손해보험,005830,2,27.918923764240052,0.0,-0.3,-0.12,0.003367396086043257,0.002963308555718066,False
2026-03-09,DB손해보험,005830,2,16.300350865005253,0.0,-0.3333333333333333,-0.13333333333333333,0.001908638347829585,0.0016541532347856404,False
2026-03-10,DB손해보험,005830,2,21.528786380841368,0.0,-0.36363636363636365,-0.14545454545454548,0.0025650890869715185,0.0021919852197756612,False
2026-03-11,DB손해보험,005830,1,21.040254711277413,-0.5,-0.6956521739130435,-0.5782608695652174,0.0025037520054280705,0.0010559301935935776,False
2026-03-12,DB손해보험,005830,1,12.840641657373398,0.0,-0.631578947368421,-0.25263157894736843,0.0014742581857931228,0.0011018140125401235,False
2026-03-13,DB손해보험,005830,1,12.700443573390686,0.0,-0.46153846153846156,-0.18461538461538463,0.0014566557623572824,0.0011877346985374763,False
2026-03-14,DB손해보험,005830,1,16.052089168924418,0.0,-0.36363636363636365,-0.14545454545454548,0.0018774681108821697,0.0016043818402083996,False
2026-03-15,DB손해보험,005830,1,20.15485809401642,0.0,-0.3,-0.12,0.002392586961492016,0.002105476526112974,False
2026-03-16,DB손해보험,005830,5,43.52632256185167,4.0,2.888888888888889,3.5555555555555554,0.005326966677617562,0.024267292642480003,True
2026-03-18,DB손해보험,005830,4,42.142832364400434,-0.2,1.3333333333333333,0.41333333333333333,0.005153264016475101,0.007283279809951476,True
2026-03-19,DB손해보험,005830,1,13.006353159601733,-0.75,-0.5,-0.6499999999999999,0.0014950639197058066,0.0005232723718970325,False
2026-03-23,DB손해보험,005830,2,26.267952949236253,1.0,0.0,0.6,0.003160110176419164,0.0050561762822706625,False
2026-03-25,DB손해보험,005830,1,7.303304908059076,-0.5,-0.5333333333333333,-0.5133333333333333,0.0007790236761667983,0.00037912485573450853,False
2026-03-26,DB손해보험,005830,12,100.12609543618143,11.0,4.6000000000000005,8.44,0.01243329181562161,0.11737027473946798,True
2026-03-27,DB손해보험,005830,2,27.216537695377937,-0.8333333333333334,-0.46153846153846156,-0.6846153846153846,0.003279208739623666,0.0010342119871120793,False
2026-03-30,DB손해보험,005830,5,50.38513194034208,1.5,0.2962962962962963,1.0185185185185184,0.006188117297627385,0.012490829360025647,True
2026-04-01,DB손해보험,005830,2,14.729374121205883,-0.6,-0.4814814814814815,-0.5525925925925926,0.0017113960099412564,0.0007656912518551991,False
2026-04-05,DB손해보험,005830,1,15.92692602597041,-0.5,-0.72,-0.588,0.001861753383702954,0.0007670423940856171,False
2026-04-08,DB손해보험,005830,4,29.007255844105362,3.0,0.11999999999999994,1.8479999999999999,0.003504040479207435,0.009979507284782774,True
2026-04-09,DB손해보험,005830,2,14.07120295694072,-0.5,-0.4814814814814815,-0.4925925925925926,0.0016287600195087188,0.0008264448987877573,False
2026-04-10,DB손해보험,005830,1,5.9344739331306915,-0.5,-0.75,-0.6000000000000001,0.0006071615383379043,0.00024286461533516165,False
2026-04-14,삼성전자,005930,501,7530.291870224091,0.0,0.0,0.0,0.9453199650916566,0.9453199650916566,True
2026-04-15,삼성전자,005930,48,441.00009220591187,-0.9041916167664671,-0.9041916167664671,-0.9041916167664671,0.055231369071427755,0.005291628174508047,True
2026-04-13,삼성SDI,006400,31,830.6193289693842,0.0,0.0,0.0,0.1041496038249449,0.1041496038249449,True
2026-04-14,삼성SDI,006400,243,3213.1362827262856,6.838709677419355,6.838709677419355,6.838709677419356,0.40328402186926804,3.1612263649752306,True
2026-04-15,삼성SDI,006400,5,20.552957837420784,-0.9794238683127572,-0.9635036496350365,-0.9730557808416689,0.002442569957364964,6.581314024079709e-05,True
2026-04-14,미래에셋증권,006800,266,4552.896172872661,0.0,0.0,0.0,0.5714961701295798,0.5714961701295798,True
2026-04-15,미래에셋증권,006800,2,33.24210050958487,-0.9924812030075187,-0.9924812030075187,-0.9924812030075187,0.004035741960919358,3.0343924518190883e-05,False
2026-02-25,GS리테일,007070,2,22.500170136485423,0.0,0.0,0.0,0.0026870501559091804,0.0026870501559091804,False
2026-02-26,GS리테일,007070,24,160.7556428507361,11.0,11.0,11.0,0.02004557107077861,0.24054685284934332,True
2026-02-27,GS리테일,007070,13,113.55456870953986,-0.4583333333333333,0.0,-0.27499999999999997,0.014119289697615982,0.010236485030771588,True
2026-03-03,GS리테일,007070,10,89.31752968096814,-0.23076923076923078,-0.23076923076923078,-0.23076923076923078,0.011076233675077764,0.008520179750059817,True
2026-03-04,GS리테일,007070,18,123.89277250643309,0.8,0.46938775510204084,0.6677551020408163,0.015417292035660545,0.025712267452126118,True
2026-03-05,GS리테일,007070,24,260.7565284225131,0.3333333333333333,0.7910447761194029,0.5164179104477612,0.032601077407159826,0.049436857680111024,True
2026-03-06,GS리테일,007070,7,101.49063109407923,-0.7083333333333334,-0.5384615384615384,-0.6403846153846153,0.012604614659424397,0.004532813348677621,True
2026-03-09,GS리테일,007070,6,62.141038161483266,-0.14285714285714285,-0.5714285714285714,-0.3142857142857143,0.007664117777078127,0.005255395047139288,True
2026-03-10,GS리테일,007070,7,87.62550590483183,0.16666666666666666,-0.5196078431372549,-0.10784313725490201,0.010863793403962976,0.009692207840790498,True
2026-03-11,GS리테일,007070,3,61.13397137531706,-0.5714285714285714,-0.7529411764705882,-0.6440336134453781,0.0075376765626571475,0.0026831594890265277,True
2026-03-12,GS리테일,007070,3,26.75995775875661,0.0,-0.72,-0.288,0.003221883324408228,0.0022939809269786585,True
2026-03-13,GS리테일,007070,7,69.61169422633967,1.3333333333333333,-0.2794117647058823,0.6882352941176471,0.008602088166269378,0.014522348845407713,True
2026-03-14,GS리테일,007070,1,14.72738781871234,-0.8571428571428571,-0.8771929824561403,-0.8651629072681704,0.001711146621814331,0.00023072603572333596,False
2026-03-16,GS리테일,007070,12,88.9298428593749,11.0,1.4705882352941178,7.188235294117646,0.011027558062684796,0.09029624013680726,True
2026-03-17,GS리테일,007070,3,27.09219072679642,-0.75,-0.4615384615384615,-0.6346153846153846,0.0032635964863620246,0.0011924679469399707,True
2026-03-18,GS리테일,007070,8,72.79152148470621,1.6666666666666667,0.5555555555555555,1.2222222222222223,0.009001328043623889,0.020002951208053087,True
2026-03-19,GS리테일,007070,5,37.66987136681444,-0.375,-0.05405405405405403,-0.2466216216216216,0.004591666088352083,0.003459261951697684,True
2026-03-20,GS리테일,007070,4,45.690499242193155,-0.2,-0.282051282051282,-0.2328205128205128,0.005598687611564418,0.004295198290718138,True
2026-03-22,GS리테일,007070,2,17.167015247237806,-0.5,-0.65,-0.56,0.002017451485637514,0.0008876786536805061,False
2026-03-23,GS리테일,007070,3,20.502510677528203,0.5,-0.4,0.13999999999999996,0.0024362361170988285,0.002777309173492664,True
2026-03-24,GS리테일,007070,5,44.521269774298986,0.6666666666666666,-0.05405405405405403,0.37837837837837834,0.0054518862316677175,0.007514762103109556,True
2026-03-25,GS리테일,007070,8,88.09601292199116,0.6,0.8666666666666667,0.7066666666666667,0.010922867419172729,0.018641693728721456,True
2026-03-26,GS리테일,007070,6,48.5496562829834,-0.25,0.2,-0.06999999999999998,0.00595766607597596,0.005540629450657643,True
2026-03-27,GS리테일,007070,1,15.89440283426485,-0.8333333333333334,-0.7878787878787878,-0.8151515151515152,0.0018576699684691418,0.00034338747902005345,False
2026-03-30,GS리테일,007070,11,81.71003798586486,10.0,1.6551724137931032,6.662068965517241,0.010121083031803922,0.07754843619540798,True
2026-03-31,GS리테일,007070,8,71.6073341708362,-0.2727272727272727,0.5555555555555555,0.0585858585858586,0.008852648647059091,0.009371288668805986,True
2026-04-01,GS리테일,007070,13,100.18947530493192,0.625,1.1666666666666667,0.8416666666666668,0.01244124940858837,0.022912634327483583,True
2026-04-02,GS리테일,007070,6,49.45303990105176,-0.5384615384615384,-0.19230769230769235,-0.39999999999999997,0.006071089458938896,0.0036426536753633378,True
2026-04-03,GS리테일,007070,6,50.0370252435626,0.0,-0.20754716981132074,-0.0830188679245283,0.0061444111263053896,0.0056343090705366404,True
2026-04-06,GS리테일,007070,2,19.729306381246207,-0.6666666666666666,-0.7254901960784313,-0.6901960784313725,0.0023391572623889093,0.000724680093053819,False
2026-04-07,GS리테일,007070,7,51.73851142306498,2.5,0.04255319148936168,1.5170212765957447,0.006358039439553411,0.01600332054679082,True
2026-04-08,GS리테일,007070,16,201.62905527508946,1.2857142857142858,1.1132075471698113,1.216711590296496,0.025177389511677764,0.055811011143945544,True
2026-04-09,GS리테일,007070,9,89.67913098533391,-0.4375,0.08620689655172403,-0.2280172413793104,0.011121634147706075,0.008585709809716197,True
2026-04-10,GS리테일,007070,5,51.065522610826,-0.4444444444444444,-0.4067796610169492,-0.42937853107344637,0.006273543034865922,0.003579818341929142,True
2026-04-11,GS리테일,007070,2,22.777924329560783,-0.6,-0.7254901960784313,-0.6501960784313725,0.0027219232923936672,0.0009521394418882947,False
2026-04-12,GS리테일,007070,2,19.589119214821842,0.0,-0.7021276595744681,-0.28085106382978725,0.00232155620969566,0.0016695446784619854,False
2026-04-13,GS리테일,007070,6,58.86433544908077,2.0,-0.023255813953488434,1.1906976744186046,0.007252714803666679,0.01588850545361398,True
2026-04-14,GS리테일,007070,4,48.07922487656933,-0.3333333333333333,-0.4042553191489362,-0.36170212765957444,0.005898601553994051,0.0037650648216983307,True
2026-03-13,한미약품,008930,13,118.91274411062561,0.0,0.0,0.0,0.014792029792017315,0.014792029792017315,True
2026-03-15,한미약품,008930,1,15.442417710521793,-0.9230769230769231,-0.9230769230769231,-0.9230769230769231,0.001800921450166944,0.00013853241924361099,False
2026-03-16,한미약품,008930,15,137.22495484783806,14.0,1.1428571428571428,8.857142857142858,0.017091200210655175,0.16847040207645816,True
2026-03-17,한미약품,008930,15,156.99053200677116,0.0,0.5517241379310346,0.22068965517241385,0.01957284652650796,0.02389237127718558,True
2026-03-18,한미약품,008930,17,191.96062999759127,0.13333333333333333,0.5454545454545454,0.29818181818181816,0.023963480513368683,0.031108954702809524,True
2026-03-19,한미약품,008930,11,127.00360628580567,-0.35294117647058826,-0.09836065573770486,-0.2511089681774349,0.015807869509100084,0.011838371707586427,True
2026-03-20,한미약품,008930,16,149.33291490996663,0.45454545454545453,0.3333333333333333,0.406060606060606,0.018611402440980328,0.026168759795802642,True
2026-03-21,한미약품,008930,1,5.8289456176102075,-0.9375,-0.9204545454545454,-0.9306818181818182,0.0005939120413298596,4.116890286491073e-05,False
2026-03-23,한미약품,008930,14,109.62428511038668,13.0,0.28947368421052627,7.91578947368421,0.01362582706125239,0.12148500548295552,True
2026-03-24,한미약품,008930,6,59.10618549225864,-0.5714285714285714,-0.5280898876404494,-0.5540930979133225,0.007283080032256522,0.003247575654832845,True
2026-03-25,한미약품,008930,14,103.33699534727296,1.3333333333333333,0.22499999999999998,0.8899999999999999,0.012836432987309129,0.02426085834601425,True
2026-03-26,한미약품,008930,12,94.57632918821406,-0.14285714285714285,0.06329113924050626,-0.060397830018083194,0.011736496733324314,0.011027637798617203,True
2026-03-27,한미약품,008930,5,46.60092541771508,-0.5833333333333334,-0.527027027027027,-0.5608108108108109,0.005712995215444268,0.002509085736512685,True
2026-03-28,한미약품,008930,1,13.634728988229636,-0.8,-0.8970588235294118,-0.8388235294117647,0.0015739589880130124,0.00025368515453856784,False
2026-03-30,한미약품,008930,5,44.67664984751217,4.0,-0.33962264150943394,2.2641509433962264,0.005471394813842975,0.017859458543298765,True
2026-03-31,한미약품,008930,11,111.85009220642272,1.2,0.35087719298245623,0.8603508771929824,0.013905285937421883,0.025868710891302042,True
2026-04-01,한미약품,008930,13,160.5282401817056,0.18181818181818182,0.6851851851851851,0.38316498316498315,0.02001701976710167,0.027686840809176317,True
2026-04-02,한미약품,008930,6,45.3718128901271,-0.5384615384615384,-0.31147540983606553,-0.4476670870113493,0.005558675280775491,0.003070239310188733,True
2026-04-03,한미약품,008930,2,19.710454369295533,-0.6666666666666666,-0.7358490566037735,-0.6943396226415094,0.0023367903177949003,0.0007142642103448564,False
2026-04-06,한미약품,008930,10,88.01751405332479,4.0,0.6279069767441859,2.6511627906976742,0.0109130115760239,0.03984518180083145,True
2026-04-07,한미약품,008930,7,65.50118001527676,-0.3,0.02083333333333339,-0.17166666666666663,0.008085996864400436,0.006697900736011695,True
2026-04-08,한미약품,008930,11,99.21551508988193,0.5714285714285714,0.42592592592592593,0.5132275132275133,0.012318964854991432,0.018641396553055817,True
2026-04-09,한미약품,008930,7,90.65321756609224,-0.36363636363636365,-0.18333333333333332,-0.2915151515151515,0.011243934567017028,0.007966157278086609,True
2026-04-10,한미약품,008930,9,109.34742121488149,0.2857142857142857,0.125,0.22142857142857142,0.013591065705145844,0.01660051596842814,True
2026-04-12,한미약품,008930,1,7.988961416889864,-0.8888888888888888,-0.8653846153846154,-0.8794871794871795,0.0008651105602177093,0.00010425691366726243,False
2026-04-13,한미약품,008930,5,32.15667747199495,4.0,-0.25531914893617025,2.2978723404255317,0.003899462809507916,0.01285993054199419,True
2026-04-14,한미약품,008930,9,66.53425646133869,0.8,0.25999999999999995,0.584,0.008215703694398325,0.013013674651926948,True
2026-04-10,삼성전기,009150,101,1397.3684932952006,0.0,0.0,0.0,0.17530720091166338,0.17530720091166338,True
2026-04-11,삼성전기,009150,25,493.05666544297776,-0.7524752475247525,-0.7524752475247525,-0.7524752475247525,0.0617672775425497,0.01528893008478953,True
2026-04-12,삼성전기,009150,37,504.534750447013,0.48,-0.4126984126984127,0.1229206349206349,0.06320839647038408,0.07097801269683891,True
2026-04-13,삼성전기,009150,53,720.6318672505547,0.43243243243243246,-0.02453987730061354,0.24964350853921405,0.09034024339141096,0.11289309871392934,True
2026-04-14,삼성전기,009150,65,1033.8237837567845,0.22641509433962265,0.2037037037037037,0.21733053808525507,0.12966272608457569,0.15784239611413756,True
2026-03-27,HD한국조선해양,009540,13,196.3083417386964,0.0,0.0,0.0,0.024509352902418912,0.024509352902418912,True
2026-03-28,HD한국조선해양,009540,6,99.47283019834607,-0.5384615384615384,-0.5384615384615384,-0.5384615384615384,0.01235127178363807,0.005700586977063725,True
2026-03-29,HD한국조선해양,009540,1,14.779921907472252,-0.8333333333333334,-0.8947368421052632,-0.8578947368421053,0.0017177424842462455,0.00024410024776130856,False
2026-03-30,HD한국조선해양,009540,39,453.99032036518037,38.0,4.8500000000000005,24.740000000000002,0.05686234354762544,1.4636367229158789,True
2026-03-31,HD한국조선해양,009540,26,333.76687456380085,-0.3333333333333333,0.7627118644067796,0.1050847457627119,0.041767814865103274,0.046156975071266676,True
2026-04-01,HD한국조선해양,009540,54,755.3363713924866,1.0769230769230769,2.176470588235294,1.5167420814479637,0.09469753102105141,0.23832926132990404,True
2026-04-02,HD한국조선해양,009540,15,231.31958448210193,-0.7222222222222222,-0.3525179856115108,-0.5743405275779376,0.028905152775549954,0.012303752080719705,True
2026-04-03,HD한국조선해양,009540,19,278.6290512550488,0.26666666666666666,-0.13636363636363635,0.10545454545454547,0.03484504327194165,0.03851961147152822,True
2026-04-04,HD한국조선해양,009540,2,67.64284260346675,-0.8947368421052632,-0.9125,-0.9018421052631579,0.008354891065113385,0.0008200985177071823,False
2026-04-05,HD한국조선해양,009540,6,93.98408152912111,2.0,-0.7307692307692307,0.9076923076923076,0.011662137699462446,0.022247770380512972,True
2026-04-06,HD한국조선해양,009540,10,146.14114157093675,0.6666666666666666,-0.5652173913043478,0.17391304347826084,0.018210662685993674,0.02137773445747083,True
2026-04-07,HD한국조선해양,009540,2,52.570625477265025,-0.8,-0.8939393939393939,-0.8375757575757576,0.006462514647151464,0.0010496690457191466,False
2026-04-08,HD한국조선해양,009540,23,357.0927603974602,10.5,0.4907407407407407,6.496296296296296,0.04469647200360436,0.3350579975381305,True
2026-04-09,HD한국조선해양,009540,19,284.820858576227,-0.17391304347826086,0.7272727272727273,0.18656126482213442,0.03562244914800166,0.04226821831711501,True
2026-04-10,HD한국조선해양,009540,21,352.98883210218685,0.10526315789473684,0.8148148148148149,0.38908382066276803,0.044181207589487,0.06137140063989949,True
2026-04-11,HD한국조선해양,009540,2,14.311722986264787,-0.9047619047619048,-0.8313253012048193,-0.8753872633390706,0.0016589582596036765,0.00020672732873546675,False
2026-04-12,HD한국조선해양,009540,6,89.00376020652453,2.0,-0.49397590361445787,1.0024096385542167,0.011036838677703345,0.022100272147401154,True
2026-04-13,HD한국조선해양,009540,11,179.20817537536817,0.8333333333333334,-0.07228915662650606,0.4710843373493976,0.022362359444307624,0.03289691672469832,True
2026-04-14,HD한국조선해양,009540,12,155.9651961524355,0.09090909090909091,0.0,0.05454545454545454,0.019444111558388204,0.020504699461573014,True
2026-03-16,고려아연,010130,11,87.33444662384319,0.0,0.0,0.0,0.010827249761116011,0.010827249761116011,True
2026-03-17,고려아연,010130,7,73.94385312036486,-0.36363636363636365,-0.36363636363636365,-0.36363636363636365,0.009146007833911748,0.005820186803398385,True
2026-03-18,고려아연,010130,16,209.06594481297728,1.2857142857142858,0.7777777777777778,1.0825396825396827,0.026111120379979896,0.05437744434687877,True
2026-03-19,고려아연,010130,17,150.42753570416954,0.0625,0.49999999999999994,0.2375,0.018748836407079406,0.023201685053760766,True
2026-03-20,고려아연,010130,14,182.84067804582807,-0.17647058823529413,0.09803921568627451,-0.06666666666666667,0.022818434508394384,0.021297205541168093,True
2026-03-21,고려아연,010130,3,47.05058219967551,-0.7857142857142857,-0.7692307692307693,-0.7791208791208791,0.005769451401235229,0.0012743513534596495,True
2026-03-22,고려아연,010130,7,110.24526140533374,1.3333333333333333,-0.3823529411764706,0.6470588235294117,0.013703793088866757,0.022570953322839364,True
2026-03-23,고려아연,010130,21,180.35068549174997,2.0,0.9600000000000002,1.584,0.022505806104040606,0.05815500297284093,True
2026-03-24,고려아연,010130,36,403.15205415393126,0.7142857142857143,1.9647058823529413,1.214453781512605,0.05047939833772703,0.11178429453746073,True
2026-03-25,고려아연,010130,21,200.95733115497038,-0.4166666666666667,0.2894736842105264,-0.13421052631578945,0.02509305189408335,0.021725300192509008,True
2026-03-26,고려아연,010130,7,74.9459234991387,-0.6666666666666666,-0.5882352941176471,-0.6352941176470588,0.009271821729641343,0.00338148792492802,True
2026-03-27,고려아연,010130,22,199.89280562273785,2.142857142857143,0.41284403669724773,1.4508519003931846,0.024959396507045886,0.06117178436196042,True
2026-03-28,고려아연,010130,2,41.67621709585738,-0.9090909090909091,-0.8803418803418803,-0.8975912975912976,0.005094678625682343,0.0005217394272454798,False
2026-03-30,고려아연,010130,8,104.27665746783228,3.0,-0.5172413793103449,1.593103448275862,0.012954411279614067,0.03359212855955096,True
2026-03-31,고려아연,010130,5,38.04797838214754,-0.375,-0.7008547008547009,-0.5053418803418803,0.004639138918214549,0.002294787734116812,True
2026-04-01,고려아연,010130,7,55.28807439178201,0.4,-0.5148514851485149,0.034059405940594034,0.006803701096350666,0.007035431113889738,True
2026-04-02,고려아연,010130,11,78.33380149630354,0.5714285714285714,0.06944444444444436,0.37063492063492054,0.009697183199363114,0.013291297924841348,True
2026-04-03,고려아연,010130,2,36.90947272542897,-0.8181818181818182,-0.7741935483870968,-0.8005865102639296,0.004496195034215884,0.0008966019423069801,False
2026-04-04,고려아연,010130,1,17.238324625039507,-0.5,-0.8771929824561403,-0.6508771929824562,0.0020264046597990573,0.0007074640829824779,False
2026-04-05,고려아연,010130,1,18.298317366548037,0.0,-0.8055555555555556,-0.32222222222222224,0.0021594909370498314,0.001463654968444886,False
2026-04-06,고려아연,010130,6,68.85430124787159,5.0,0.2,3.08,0.008506994484989315,0.0347085374987564,True
2026-04-07,고려아연,010130,8,66.85546331750021,0.3333333333333333,0.6969696969696969,0.47878787878787876,0.008256032484436193,0.012208920764863218,True
2026-04-08,고려아연,010130,9,82.2592409424492,0.125,0.7499999999999999,0.375,0.010190037633174972,0.014011301745615585,True
2026-04-09,고려아연,010130,5,44.76093986199665,-0.4444444444444444,-0.07894736842105267,-0.29824561403508776,0.005481977758232942,0.003847001935602064,True
2026-04-10,고려아연,010130,10,70.56670613428327,1.0,1.1875000000000002,1.0750000000000002,0.008721993685034998,0.018098136896447622,True
2026-04-11,고려아연,010130,1,10.495265555937008,-0.9,-0.825,-0.8700000000000001,0.001179786948519475,0.0001533723033075316,False
2026-04-12,고려아연,010130,2,27.66179025135177,1.0,-0.65,0.33999999999999997,0.0033351119574387407,0.004469050022967912,False
2026-04-13,고려아연,010130,12,133.09729200682256,5.0,1.048780487804878,3.419512195121951,0.016572955830532986,0.07324438040225799,True
2026-04-14,고려아연,010130,16,152.59498167256083,0.3333333333333333,1.3829787234042552,0.7531914893617021,0.019020967813059488,0.033347398889278755,True
2026-04-15,고려아연,010130,1,1.0986122886681098,-0.9375,-0.8727272727272727,-0.9115909090909091,0.0,0.0,False
2026-04-10,삼성중공업,010140,74,1319.0009748200512,0.0,0.0,0.0,0.16546784929837222,0.16546784929837222,True
2026-04-11,삼성중공업,010140,10,398.96328361161005,-0.8648648648648649,-0.8648648648648649,-0.8648648648648649,0.049953481644239225,0.006750470492464758,True
2026-04-12,삼성중공업,010140,16,499.953157173927,0.6,-0.6190476190476191,0.11238095238095236,0.0626331593308123,0.06967193342703691,True
2026-04-13,삼성중공업,010140,60,1099.3352915518442,2.75,0.7999999999999998,1.9699999999999998,0.13788795475653956,0.40952722562692245,True
2026-04-14,삼성중공업,010140,108,1555.4161417172631,0.8,1.7,1.1600000000000001,0.19515070769530132,0.4215255286218509,True
2026-04-15,삼성중공업,010140,1,5.465735902799727,-0.9907407407407407,-0.9813432835820896,-0.9869817578772803,0.0005483096264145937,7.138027474883186e-06,False
2026-04-13,S-Oil,010950,125,1301.6786543309966,0.0,0.0,0.0,0.1632929635119354,0.1632929635119354,True
2026-04-14,S-Oil,010950,149,1353.789100239868,0.192,0.192,0.192,0.16983563590988004,0.202444078004577,True
2026-04-15,S-Oil,010950,3,15.129825994746858,-0.9798657718120806,-0.9781021897810219,-0.979160338999657,0.0017616743250472822,3.671269572699335e-05,True
2026-04-01,LG이노텍,011070,28,297.32457606814125,0.0,0.0,0.0,0.0371923402874693,0.0371923402874693,True
2026-04-02,LG이노텍,011070,37,294.69077093404013,0.32142857142857145,0.32142857142857145,0.32142857142857145,0.03686165564541916,0.04871004496001818,True
2026-04-03,LG이노텍,011070,45,410.9374692650764,0.21621621621621623,0.38461538461538464,0.2835758835758836,0.05145688796894814,0.06604882044080786,True
2026-04-04,LG이노텍,011070,2,42.88506816401208,-0.9555555555555556,-0.9454545454545454,-0.9515151515151515,0.005246454654056246,0.00025437355898454513,False
2026-04-05,LG이노텍,011070,2,32.6940109589748,0.0,-0.9285714285714286,-0.37142857142857144,0.003966927152067991,0.002493497067014166,False
2026-04-06,LG이노텍,011070,12,147.4139943166255,5.0,-0.4736842105263158,2.8105263157894735,0.018370474377884187,0.07000117605046395,True
2026-04-07,LG이노텍,011070,23,219.6764341354478,0.9166666666666666,0.09523809523809523,0.588095238095238,0.027443309241695163,0.04358258872431112,True
2026-04-08,LG이노텍,011070,15,183.08514086341808,-0.34782608695652173,-0.29530201342281875,-0.32681645754304056,0.022849127781136035,0.015381656781756882,True
2026-04-09,LG이노텍,011070,10,124.08033707288958,-0.3333333333333333,-0.48529411764705876,-0.39411764705882346,0.015440841508139314,0.009355333384343233,True
2026-04-10,LG이노텍,011070,58,708.19400972914,4.8,2.724770642201835,3.969908256880734,0.08877862123148479,0.4412216026928435,True
2026-04-11,LG이노텍,011070,3,59.14945465091111,-0.9482758620689655,-0.8278688524590164,-0.9001130582249859,0.007288512646103138,0.0007280272383077582,True
2026-04-12,LG이노텍,011070,1,12.817830571454149,-0.6666666666666666,-0.943089430894309,-0.7772357723577236,0.0014713941638181045,0.0003277739844602932,False
2026-04-13,LG이노텍,011070,34,372.54152948695975,33.0,0.9508196721311477,20.18032786885246,0.04663612600850094,0.9877684393931675,True
2026-04-14,LG이노텍,011070,21,221.44449537627963,-0.38235294117647056,0.02083333333333326,-0.221078431372549,0.027665296316964016,0.021549096003752856,True
2026-04-15,LG이노텍,011070,1,2.302585092994046,-0.9523809523809523,-0.9507042253521126,-0.9517102615694164,0.00015116354307377503,7.299647955272852e-06,False
2026-03-31,롯데케미칼,011170,17,172.70232188870375,0.0,0.0,0.0,0.021545523831219448,0.021545523831219448,True
2026-04-01,롯데케미칼,011170,25,243.95850694478008,0.47058823529411764,0.47058823529411764,0.47058823529411764,0.03049201943335856,0.044841205049056705,True
2026-04-02,롯데케미칼,011170,15,199.2320574664864,-0.4,-0.2857142857142857,-0.35428571428571426,0.024876436965086502,0.016063070726027282,True
2026-04-03,롯데케미칼,011170,9,101.82262140251521,-0.4,-0.5263157894736842,-0.45052631578947366,0.012646297354506064,0.00694880759900228,True
2026-04-04,롯데케미칼,011170,2,43.308051449641596,-0.7777777777777778,-0.8787878787878788,-0.8181818181818182,0.005299561876982716,0.0009635567049059481,False
2026-04-05,롯데케미칼,011170,2,66.82128531128221,0.0,-0.8529411764705882,-0.3411764705882353,0.008251741300701354,0.0054364413275208925,False
2026-04-06,롯데케미칼,011170,20,264.3822703065153,9.0,0.7142857142857144,5.685714285714285,0.03305630362779162,0.2210050013972354,True
2026-04-07,롯데케미칼,011170,33,403.4970334899783,0.65,1.5666666666666667,1.0166666666666666,0.05052271185655132,0.10188746891071183,True
2026-04-08,롯데케미칼,011170,19,283.1558506063402,-0.42424242424242425,0.2547169811320755,-0.1526586620926243,0.03541340081811428,0.03000723842907111,True
2026-04-09,롯데케미칼,011170,43,533.4353445910145,1.263157894736842,2.01,1.5618947368421052,0.066836980265672,0.17122930796904476,True
2026-04-10,롯데케미칼,011170,35,513.0800568315742,-0.18604651162790697,0.9140625000000001,0.2539970930232559,0.06428129345368797,0.08060855512669955,True
2026-04-11,롯데케미칼,011170,1,35.230481447578484,-0.9714285714285714,-0.9545454545454546,-0.9646753246753247,0.004285391044758714,0.0001513800472953727,False
2026-04-12,롯데케미칼,011170,10,225.7520496292069,9.0,-0.5424836601307189,5.183006535947712,0.028206126774691462,0.17439866620168706,True
2026-04-13,롯데케미칼,011170,23,351.7059055738856,1.3,0.0,0.78,0.044020131094383005,0.07835583334800175,True
2026-04-14,롯데케미칼,011170,25,348.851693327451,0.08695652173913043,0.06707317073170739,0.07900318133616122,0.04366177346844213,0.04711119247522785,True
2026-04-11,HMM,011200,1,24.513428746164983,0.0,0.0,0.0,0.0029398227297326644,0.0029398227297326644,False
2026-04-12,HMM,011200,34,1059.3184483356463,33.0,33.0,33.0,0.13286368196445195,4.517365186791366,True
2026-04-13,HMM,011200,101,1565.777350738269,1.9705882352941178,4.771428571428571,3.090924369747899,0.1964515984301382,0.8036686314937805,True
2026-04-14,HMM,011200,132,1669.4691425569263,0.3069306930693069,1.9117647058823526,0.9488642981945252,0.20947051263040714,0.40822960358990584,True
2026-04-15,HMM,011200,2,13.628041376179532,-0.9848484848484849,-0.9701492537313433,-0.9789687924016283,0.0015731193318940667,3.308459924607597e-05,False
2026-03-27,현대모비스,012330,7,81.58811129851995,0.0,0.0,0.0,0.010105774654415261,0.010105774654415261,True
2026-03-28,현대모비스,012330,2,33.92559787132774,-0.7142857142857143,-0.7142857142857143,-0.7142857142857143,0.004121557755521524,0.001177587930149007,False
2026-03-29,현대모비스,012330,2,16.435801236245553,0.0,-0.5555555555555556,-0.22222222222222224,0.0019256446771700598,0.0014977236377989355,False
2026-03-30,현대모비스,012330,34,238.5442004518141,16.0,8.272727272727273,12.90909090909091,0.029812231858570022,0.4146610431237467,True
2026-03-31,현대모비스,012330,18,112.42937910616142,-0.47058823529411764,0.6,-0.04235294117647059,0.013978017696732467,0.013386007535459092,True
2026-04-01,현대모비스,012330,30,186.58823290473347,0.6666666666666666,1.380952380952381,0.9523809523809523,0.023288954829368446,0.04546891180971935,True
2026-04-02,현대모비스,012330,16,117.9358783937813,-0.4666666666666667,0.03225806451612903,-0.2670967741935484,0.014669380441189027,0.010751236245929507,True
2026-04-03,현대모비스,012330,19,180.25460833913465,0.1875,0.22018348623853212,0.20057339449541284,0.02249374323788151,0.027005389674011643,True
2026-04-05,현대모비스,012330,2,21.83553351635479,-0.8947368421052632,-0.884297520661157,-0.8905611135276207,0.0026036024019445267,0.0002849353476856212,False
2026-04-06,현대모비스,012330,10,87.22019369496918,4.0,-0.4214876033057851,2.231404958677686,0.010812904854426179,0.03494087436430278,True
2026-04-07,현대모비스,012330,19,103.22209736526155,0.9,0.031007751937984582,0.5524031007751938,0.012822007091648971,0.01990492356723739,True
2026-04-08,현대모비스,012330,45,370.8653477409601,1.368421052631579,1.7631578947368423,1.5263157894736843,0.04642567476686949,0.11728591520051239,True
2026-04-09,현대모비스,012330,15,132.62978973603768,-0.6666666666666666,-0.2553191489361702,-0.502127659574468,0.016514259073103783,0.008221992815119757,True
2026-04-10,현대모비스,012330,24,206.6809330305143,0.6,0.3333333333333333,0.4933333333333333,0.025811672726333227,0.03854543127132428,True
2026-04-13,현대모비스,012330,14,142.37865796280175,-0.4166666666666667,-0.26865671641791045,-0.3574626865671642,0.017738268001562984,0.011397499066675917,True
2026-04-14,현대모비스,012330,20,120.04861981775022,0.42857142857142855,0.08527131782945746,0.2912513842746401,0.01493464347545223,0.019284379061325914,True
2026-04-09,한화에어로스페이스,012450,14,425.14665676375535,0.0,0.0,0.0,0.05324090760691865,0.05324090760691865,True
2026-04-10,한화에어로스페이스,012450,81,1528.2133526951154,4.785714285714286,4.785714285714286,4.785714285714286,0.19173529004192796,1.1093256066711545,True
2026-04-11,한화에어로스페이스,012450,16,592.4586816844624,-0.8024691358024691,-0.6631578947368421,-0.7467446393762183,0.07424759346808447,0.018803601059207673,True
2026-04-12,한화에어로스페이스,012450,17,717.8721674969372,0.0625,-0.5405405405405406,-0.17871621621621622,0.08999375218240878,0.07391040930926883,True
2026-04-13,한화에어로스페이스,012450,77,1435.5156353175305,3.5294117647058822,1.40625,2.6801470588235294,0.18009672533074886,0.6627824340297045,True
2026-04-14,한화에어로스페이스,012450,79,1182.2952700985686,0.025974025974025976,0.926829268292683,0.3863161229014888,0.1483039078788929,0.20559609858180636,True
2026-04-15,한화에어로스페이스,012450,1,5.332204510175204,-0.9873417721518988,-0.9788732394366197,-0.9839543590657872,0.0005315442324221611,8.528967894097746e-06,False
2024-01-06,에스원,012750,1,11.475905969367396,0.0,0.0,0.0,0.0013029102274198334,0.0013029102274198334,False
2024-01-08,에스원,012750,5,49.38426651323324,4.0,4.0,4.0,0.006062454688340689,0.030312273441703445,True
2024-01-09,에스원,012750,3,38.77058723373689,-0.4,0.0,-0.24,0.004729865314915738,0.003594697639335961,True
2024-01-16,에스원,012750,1,11.104401307921613,-0.6666666666666666,-0.6666666666666666,-0.6666666666666666,0.001256266349177078,0.0004187554497256927,False
2024-01-18,에스원,012750,2,23.58339135409665,1.0,-0.2,0.52,0.0028230528601218196,0.004291040347385166,False
2024-01-19,에스원,012750,1,12.9035962896143,-0.5,-0.5833333333333334,-0.5333333333333333,0.0014821623886357854,0.0006916757813633666,False
2024-01-20,에스원,012750,1,18.146129510025403,0.0,-0.5384615384615384,-0.2153846153846154,0.0021403831502940962,0.001679377548692291,False
2024-01-23,에스원,012750,1,15.811973429622022,0.0,-0.5,-0.2,0.001847320630996982,0.0014778565047975857,False
2024-01-24,에스원,012750,1,13.922623574217287,0.0,-0.5,-0.2,0.0016101052908973337,0.001288084232717867,False
2024-01-26,에스원,012750,3,41.27871386236973,2.0,1.0999999999999999,1.64,0.005044770523986543,0.013318194183324472,True
2024-01-29,에스원,012750,2,23.800468877815767,-0.3333333333333333,0.39999999999999997,-0.03999999999999998,0.0028503078010051683,0.0027362954889649615,False
2024-01-30,에스원,012750,2,16.930082729027575,0.0,0.27272727272727276,0.10909090909090911,0.0019877036717389253,0.0022045440722922626,False
2024-01-31,에스원,012750,1,13.301769763117166,-0.5,-0.36363636363636365,-0.44545454545454544,0.0015321546416139438,0.0008496493921677325,False
2024-02-02,에스원,012750,1,11.32239411311117,0.0,-0.36363636363636365,-0.14545454545454548,0.0012836362072657691,0.00109692548620893,False
2024-02-05,에스원,012750,1,12.369157112588834,0.0,-0.36363636363636365,-0.14545454545454548,0.0014150614381273291,0.001209234319854263,False
2024-02-07,에스원,012750,2,20.929966402510367,1.0,0.27272727272727276,0.7090909090909091,0.0024899048724588376,0.004255473782020559,False
2024-02-09,에스원,012750,1,10.705662478796427,-0.5,-0.41666666666666663,-0.4666666666666667,0.001206203113566538,0.000643308327235487,False
2024-02-13,에스원,012750,1,13.909370405197466,0.0,-0.3,-0.12,0.0016084413031570845,0.0014154283467782344,False
2024-02-16,에스원,012750,1,8.847503625923641,0.0,-0.2222222222222223,-0.08888888888888892,0.0009729039270858182,0.0008864235780115232,False
2024-02-19,에스원,012750,2,22.14068637854338,1.0,0.7500000000000001,0.9,0.002641915549601841,0.005019639544243498,False
2024-02-21,에스원,012750,1,12.214830277249035,-0.5,-0.2222222222222223,-0.3888888888888889,0.001395685094128938,0.000852918668634351,False
2024-02-24,에스원,012750,1,13.26926943950547,0.0,-0.2222222222222223,-0.08888888888888892,0.0015280740975596794,0.0013922452888877079,False
2024-03-05,에스원,012750,1,9.815073088844464,0.0,-0.2222222222222223,-0.08888888888888892,0.0010943860964999256,0.0009971073323665988,False
2024-03-06,에스원,012750,1,19.932212512329215,0.0,-0.12499999999999994,-0.04999999999999998,0.0023646329289286295,0.002246401282482198,False
2024-03-15,에스원,012750,1,13.540128162698734,0.0,-0.12499999999999994,-0.04999999999999998,0.001562081480553065,0.0014839774065254117,False
2024-03-19,에스원,012750,1,15.307212626628308,0.0,-0.12499999999999994,-0.04999999999999998,0.001783945917622113,0.0016947486217410075,False
2024-03-24,에스원,012750,1,9.968665700466236,0.0,-0.12499999999999994,-0.04999999999999998,0.0011136702558092381,0.0010579867430187764,False
2024-03-26,에스원,012750,1,8.790282380703484,0.0,0.0,0.0,0.0009657195736390516,0.0009657195736390516,False
2024-03-28,에스원,012750,1,9.24354550792826,0.0,0.0,0.0,0.001022628550328402,0.001022628550328402,False
2024-03-30,에스원,012750,1,8.054840221101024,0.0,0.0,0.0,0.0008733819044060841,0.0008733819044060841,False
2024-03-31,에스원,012750,1,12.973155433444134,0.0,0.0,0.0,0.0014908958140061224,0.0014908958140061224,False
2024-04-01,에스원,012750,1,9.091933455979893,0.0,0.0,0.0,0.0010035930581122536,0.0010035930581122536,False
2024-04-02,에스원,012750,1,11.128290171607052,0.0,0.0,0.0,0.0012592656904094732,0.0012592656904094732,False
2024-04-04,에스원,012750,1,16.06777619577889,0.0,0.0,0.0,0.0018794376790909324,0.0018794376790909324,False
2024-04-09,에스원,012750,1,10.930206206684684,0.0,0.0,0.0,0.0012343954658859792,0.0012343954658859792,False
2024-04-10,에스원,012750,1,8.624618986159398,0.0,0.0,0.0,0.0009449198798362226,0.0009449198798362226,False
2024-04-11,에스원,012750,2,20.617668442459163,1.0,1.0,1.0,0.0024506946295310647,0.004901389259062129,False
2024-04-12,에스원,012750,1,9.143807976771484,-0.5,-0.12499999999999994,-0.35,0.0010101061091794673,0.0006565689709666538,False
2024-04-14,에스원,012750,1,12.049107721326406,0.0,-0.12499999999999994,-0.04999999999999998,0.0013748779723812572,0.0013061340737621943,False
2024-04-17,에스원,012750,1,18.962067308753667,0.0,-0.12499999999999994,-0.04999999999999998,0.0022428273650972994,0.0021306859968424343,False
2024-04-19,에스원,012750,1,9.016647877057803,0.0,-0.12499999999999994,-0.04999999999999998,0.000994140656188113,0.0009444336233787075,False
2024-04-22,에스원,012750,1,11.419380582918691,0.0,-0.12499999999999994,-0.04999999999999998,0.001295813241791504,0.0012310225797019288,False
2024-04-26,에스원,012750,6,56.452402798816244,5.0,4.250000000000001,4.7,0.006949887128689891,0.03961435663353238,True
2024-04-29,에스원,012750,2,20.392850361493817,-0.6666666666666666,0.07692307692307689,-0.3692307692307692,0.0024224678310986905,0.0015280181703853277,False
2024-05-05,에스원,012750,1,12.60611940061064,-0.5,-0.46153846153846156,-0.4846153846153846,0.0014448129897433964,0.0007446343870215965,False
2024-05-07,에스원,012750,1,16.646816959209744,0.0,-0.46153846153846156,-0.18461538461538463,0.0019521385350154618,0.001591743728551069,False
2024-05-16,에스원,012750,1,10.46674164792014,0.0,-0.46153846153846156,-0.18461538461538463,0.0011762056591559213,0.0009590599990040589,False
2024-05-18,에스원,012750,1,12.653819788948063,0.0,-0.46153846153846156,-0.18461538461538463,0.0014508019619869322,0.00118296159977396,False
2024-05-24,에스원,012750,2,26.208358513308163,1.0,0.07692307692307689,0.6307692307692307,0.0031526278595013684,0.005141208509340693,False
2024-06-10,에스원,012750,1,7.644919344958857,-0.5,-0.5,-0.5,0.0008219147186067767,0.00041095735930338835,False
2024-06-12,에스원,012750,1,7.780720886117918,0.0,-0.2222222222222223,-0.08888888888888892,0.0008389651387181976,0.0007643904597210245,False
2024-06-13,에스원,012750,1,8.88758403166028,0.0,-0.12499999999999994,-0.04999999999999998,0.000977936180403514,0.0009290393713833384,False
2024-06-14,에스원,012750,2,17.861483988502265,1.0,0.7500000000000001,0.9,0.0021046447802919514,0.003998825082554707,False
2024-06-17,에스원,012750,1,13.098642843759418,-0.5,-0.2222222222222223,-0.3888888888888889,0.0015066512542338865,0.0009207313220318196,False
2024-06-21,에스원,012750,1,11.678971846978863,0.0,-0.2222222222222223,-0.08888888888888892,0.001328405950767439,0.0012103254218103331,False
2024-06-22,에스원,012750,1,11.692490133273228,0.0,-0.2222222222222223,-0.08888888888888892,0.0013301032250291162,0.0012118718272487504,False
2024-06-24,에스원,012750,1,10.70682132339263,0.0,-0.12499999999999994,-0.04999999999999998,0.0012063486110847582,0.0011460311805305203,False
2024-06-27,에스원,012750,1,15.81996090128606,0.0,-0.12499999999999994,-0.04999999999999998,0.0018483234896268439,0.0017559073151455018,False
2024-07-19,에스원,012750,1,9.473069088032197,0.0,-0.12499999999999994,-0.04999999999999998,0.0010514461427713754,0.0009988738356328066,False
2024-07-21,에스원,012750,1,9.494430215031565,0.0,-0.12499999999999994,-0.04999999999999998,0.0010541281166744996,0.0010014217108407746,False
2024-07-22,에스원,012750,2,15.126876610546539,1.0,1.0,1.0,0.00176130401820646,0.00352260803641292,False
2024-07-25,에스원,012750,1,9.419979923661835,-0.5,-0.12499999999999994,-0.35,0.001044780588403191,0.0006791073824620741,False
2024-07-26,에스원,012750,2,17.649695695140696,1.0,0.7500000000000001,0.9,0.002078053923180352,0.003948302454042669,False
2024-07-30,에스원,012750,1,11.608870629191259,-0.5,-0.2222222222222223,-0.3888888888888889,0.001319604465869702,0.000806424951364818,False
2024-07-31,에스원,012750,1,7.643961949002529,0.0,-0.2222222222222223,-0.08888888888888892,0.0008217945137613159,0.0007487461125380878,False
2024-08-01,에스원,012750,1,11.504918160540624,0.0,-0.2222222222222223,-0.08888888888888892,0.0013065528226631157,0.0011904147939819497,False
2024-08-02,에스원,012750,1,12.68169016329764,0.0,-0.2222222222222223,-0.08888888888888892,0.0014543011976161234,0.0013250299800502457,False
2024-08-06,에스원,012750,1,12.73681053295389,0.0,-0.2222222222222223,-0.08888888888888892,0.0014612217778342453,0.0013313353975823125,False
2024-08-07,에스원,012750,2,33.110411286363025,1.0,0.7500000000000001,0.9,0.004019207858574751,0.007636494931292026,False
2024-08-26,에스원,012750,1,10.396831834745054,-0.5,-0.2222222222222223,-0.3888888888888889,0.00116742820586362,0.0007134283480277678,False
2024-09-06,에스원,012750,1,10.18004072349016,0.0,-0.12499999999999994,-0.04999999999999998,0.0011402092251969116,0.001083198763937066,False
2024-09-11,에스원,012750,1,12.862112211662748,0.0,-0.12499999999999994,-0.04999999999999998,0.0014769538987249055,0.0014031062037886603,False
2024-09-18,에스원,012750,1,10.456454555176208,0.0,-0.12499999999999994,-0.04999999999999998,0.0011749140740125409,0.001116168370311914,False
2024-09-19,에스원,012750,1,11.53955882930103,0.0,-0.12499999999999994,-0.04999999999999998,0.0013109020955083602,0.0012453569907329423,False
2024-09-21,에스원,012750,1,8.323830566202318,0.0,-0.12499999999999994,-0.04999999999999998,0.0009071547051471391,0.0008617969698897822,False
2024-09-23,에스원,012750,1,8.22475340576797,0.0,-0.12499999999999994,-0.04999999999999998,0.0008947151761518559,0.0008499794173442632,False
2024-09-24,에스원,012750,1,9.356279876550747,0.0,0.0,0.0,0.0010367827957780747,0.0010367827957780747,False
2024-09-25,에스원,012750,1,12.086410275323782,0.0,0.0,0.0,0.0013795614554364256,0.0013795614554364256,False
2024-09-26,에스원,012750,2,16.53770636982283,1.0,1.0,1.0,0.001938439269368155,0.00387687853873631,False
2024-09-27,에스원,012750,1,8.458504195067558,-0.5,-0.12499999999999994,-0.35,0.0009240635114131327,0.0006006412824185362,False
2024-09-28,에스원,012750,1,12.518392471991719,0.0,-0.12499999999999994,-0.04999999999999998,0.001433798527202907,0.0013621086008427617,False
2024-10-04,에스원,012750,1,8.27563105457801,0.0,-0.12499999999999994,-0.04999999999999998,0.0009011030660026527,0.0008560479127025201,False
2024-10-10,에스원,012750,1,7.835974581721566,0.0,-0.12499999999999994,-0.04999999999999998,0.0008459024585358521,0.0008036073356090596,False
2024-10-14,에스원,012750,1,7.591861714889934,0.0,-0.12499999999999994,-0.04999999999999998,0.0008152531234947455,0.0007744904673200083,False
2024-10-22,에스원,012750,1,6.582025138892826,0.0,-0.12499999999999994,-0.04999999999999998,0.0006884641510156901,0.0006540409434649056,False
2024-10-23,에스원,012750,5,37.69848227570562,4.0,3.3750000000000004,3.75,0.00459525830101919,0.021827476929841154,True
2024-10-25,에스원,012750,1,8.44073370738926,-0.8,-0.36363636363636365,-0.6254545454545455,0.0009218323564651567,0.00034526811896694955,False
2024-10-29,에스원,012750,3,27.618335576248292,2.0,0.9090909090909092,1.5636363636363637,0.0033296560512686346,0.008536027331434135,True
2024-10-31,에스원,012750,2,26.274522566765146,-0.3333333333333333,0.07692307692307689,-0.16923076923076924,0.003160935017859717,0.0026260075532988417,False
2024-11-09,에스원,012750,1,8.56734567601324,-0.5,-0.5,-0.5,0.0009377289894322623,0.00046886449471613117,False
2024-11-13,에스원,012750,1,7.948897222313312,0.0,-0.5,-0.2,0.0008600803422752208,0.0006880642738201767,False
2024-11-14,에스원,012750,1,7.85751406254539,0.0,-0.5,-0.2,0.0008486068254664007,0.0006788854603731205,False
2024-11-15,에스원,012750,1,9.820840879907344,0.0,-0.5,-0.2,0.0010951102654592588,0.0008760882123674071,False
2024-11-17,에스원,012750,1,10.805474625270858,0.0,-0.3,-0.12,0.001218734922963446,0.0010724867322078327,False
2024-12-03,에스원,012750,2,21.042858631761547,1.0,0.39999999999999997,0.76,0.002504078937934228,0.004407178930764241,False
2024-12-09,에스원,012750,1,12.416267272826277,-0.5,-0.2222222222222223,-0.3888888888888889,0.0014209763049006297,0.0008683744085503849,False
2024-12-15,에스원,012750,1,11.371936178759098,0.0,-0.12499999999999994,-0.04999999999999998,0.0012898564093730147,0.001225363588904364,False
2024-12-27,에스원,012750,1,8.527793987721445,0.0,-0.12499999999999994,-0.04999999999999998,0.0009327631186789902,0.0008861249627450408,False
2025-01-02,에스원,012750,5,42.77804961307145,4.0,3.3750000000000004,3.75,0.005233018052102547,0.024856835747487097,True
2025-01-07,에스원,012750,1,9.57198844937744,-0.8,-0.41666666666666663,-0.6466666666666666,0.0010638658594674792,0.00037589927034517606,False
2025-01-10,에스원,012750,1,10.317876198626497,0.0,-0.41666666666666663,-0.16666666666666666,0.0011575150137562561,0.0009645958447968802,False
2025-01-14,에스원,012750,1,9.09672137849476,0.0,-0.41666666666666663,-0.16666666666666666,0.0010041942007034397,0.0008368285005861997,False
2025-01-17,에스원,012750,1,14.434897948689407,0.0,-0.36363636363636365,-0.14545454545454548,0.0016744233628611452,0.0014308708737177057,False
2025-01-26,에스원,012750,1,15.225770799348734,0.0,-0.36363636363636365,-0.14545454545454548,0.0017737205743903152,0.0015157248544789964,False
2025-02-05,에스원,012750,1,10.363279586963039,0.0,-0.36363636363636365,-0.14545454545454548,0.0011632155885731006,0.0009940205938715587,False
2025-02-07,에스원,012750,1,7.438971592395862,0.0,-0.36363636363636365,-0.14545454545454548,0.0007960571644712968,0.0006802670314572899,False
2025-02-08,에스원,012750,1,10.62657020629066,0.0,0.0,0.0,0.001196272766220842,0.001196272766220842,False
2025-02-12,에스원,012750,3,23.56910698555075,2.0,2.0,2.0,0.002821259401206293,0.008463778203618879,True
2025-02-13,에스원,012750,1,9.755338812846501,-0.6666666666666666,-0.2222222222222223,-0.4888888888888889,0.0010868862221087808,0.0005555196246333768,False
2025-02-18,에스원,012750,1,11.85979918056211,0.0,-0.2222222222222223,-0.08888888888888892,0.0013511095370368402,0.0012310109115224544,False
2025-02-19,에스원,012750,1,12.165647925297504,0.0,-0.2222222222222223,-0.08888888888888892,0.0013895100554976814,0.001265998050564554,False
2025-02-23,에스원,012750,1,9.002694162283937,0.0,-0.2222222222222223,-0.08888888888888892,0.0009923887121602417,0.0009041763821904424,False
2025-02-25,에스원,012750,1,13.931284761525891,0.0,-0.2222222222222223,-0.08888888888888892,0.001611192737188554,0.0014679756049940157,False
2025-02-27,에스원,012750,1,10.821643126239982,0.0,-0.2222222222222223,-0.08888888888888892,0.0012207649421498454,0.0011122525028476368,False
2025-03-10,에스원,012750,1,10.883462586413092,0.0,-0.2222222222222223,-0.08888888888888892,0.0012285266196537714,0.001119324253462325,False
2025-03-12,에스원,012750,1,6.57507584059962,0.0,0.0,0.0,0.0006875916391548715,0.0006875916391548715,False
2025-03-13,에스원,012750,2,24.651428529375234,1.0,1.0,1.0,0.0029571491478199512,0.0059142982956399024,False
2025-03-14,에스원,012750,1,15.922985958711195,-0.5,-0.12499999999999994,-0.35,0.0018612586926894095,0.0012098181502481161,False
2025-03-18,에스원,012750,2,31.521375117630022,1.0,0.7500000000000001,0.9,0.003819698088524305,0.007257426368196179,False
2025-03-22,에스원,012750,1,7.630461261783627,-0.5,-0.2222222222222223,-0.3888888888888889,0.0008200994491331056,0.0005011718855813423,False
2025-03-25,에스원,012750,1,8.90948949267376,0.0,-0.2222222222222223,-0.08888888888888892,0.0009806864975930422,0.0008935143644736607,False
2025-03-26,에스원,012750,1,12.89095671613892,0.0,-0.2222222222222223,-0.08888888888888892,0.0014805754402407595,0.0013489687344415808,False
2025-03-27,에스원,012750,1,8.73499619402278,0.0,-0.2222222222222223,-0.08888888888888892,0.0009587781744382845,0.0008735534478215481,False
2025-03-28,에스원,012750,1,7.869783902530146,0.0,-0.2222222222222223,-0.08888888888888892,0.000850147352360679,0.0007745786988175076,False
2025-04-01,에스원,012750,1,10.37023064180708,0.0,-0.12499999999999994,-0.04999999999999998,0.0011640883209758177,0.001105883904927027,False
2025-04-08,에스원,012750,1,8.85435450225502,0.0,-0.12499999999999994,-0.04999999999999998,0.0009737640816804158,0.0009250758775963951,False
2025-04-11,에스원,012750,1,7.456454555176209,0.0,0.0,0.0,0.0007982522195321823,0.0007982522195321823,False
2025-04-15,에스원,012750,1,7.516977224604321,0.0,0.0,0.0,0.0008058510798338137,0.0008058510798338137,False
2025-04-17,에스원,012750,2,19.124567165463436,1.0,1.0,1.0,0.0022632298642243304,0.004526459728448661,False
2025-04-18,에스원,012750,2,32.992779246835966,0.0,0.7500000000000001,0.30000000000000004,0.004004438691189894,0.005205770298546863,False
2025-04-23,에스원,012750,1,9.266678443305896,-0.5,-0.2222222222222223,-0.3888888888888889,0.001025532981774707,0.000626714599973432,False
2025-04-29,에스원,012750,1,9.078067881815437,0.0,-0.2222222222222223,-0.08888888888888892,0.0010018521804861808,0.0009127986533318536,False
2025-05-02,에스원,012750,1,11.94093976232779,0.0,-0.2222222222222223,-0.08888888888888892,0.0013612970577039992,0.001240292874796977,False
2025-05-08,에스원,012750,2,25.505870176255176,1.0,0.5555555555555555,0.8222222222222222,0.003064427672906301,0.0055840682039625935,False
2025-05-13,에스원,012750,1,7.7651449029361315,-0.5,-0.3,-0.42,0.0008370095124813287,0.00048546551723917074,False
2025-05-14,에스원,012750,1,7.935945103353701,0.0,-0.3,-0.12,0.0008584541525596283,0.0007554396542524728,False
2025-05-16,에스원,012750,3,31.215897283977895,2.0,1.3333333333333333,1.7333333333333334,0.003781344139415621,0.010335673981069363,True
2025-05-26,에스원,012750,2,20.794573044771262,-0.3333333333333333,0.39999999999999997,-0.03999999999999998,0.0024729057013887262,0.0023739894733331773,False
2025-05-29,에스원,012750,2,21.759420708354924,0.0,0.27272727272727276,0.10909090909090911,0.0025940461381408807,0.0028770329895744314,False
2025-06-11,에스원,012750,1,13.17695386822578,-0.5,-0.41666666666666663,-0.4666666666666667,0.001516483512801139,0.0008087912068272741,False
2025-06-13,에스원,012750,1,14.236420527265391,0.0,-0.41666666666666663,-0.16666666666666666,0.0016495037383191288,0.001374586448599274,False
2025-06-24,에스원,012750,1,12.596392304064196,0.0,-0.36363636363636365,-0.14545454545454548,0.001443591714335432,0.0012336147377048237,False
2025-07-03,에스원,012750,1,7.46302945692067,0.0,-0.36363636363636365,-0.14545454545454548,0.0007990777244268806,0.0006828482372375161,False
2025-07-07,에스원,012750,2,15.90587264692022,1.0,0.27272727272727276,0.7090909090909091,0.001859110048770913,0.0031773880833539238,False
2025-07-09,에스원,012750,1,7.516193076042964,-0.5,-0.3,-0.42,0.0008057526268833775,0.00046733652359235903,False
2025-07-29,에스원,012750,3,28.86316829814399,2.0,1.3333333333333333,1.7333333333333334,0.00348594971845099,0.00952826256376604,True
2025-07-31,에스원,012750,1,8.905753276311465,-0.6666666666666666,-0.3,-0.52,0.0009802174008651215,0.0004705043524152583,False
2025-08-02,에스원,012750,1,11.022868086082642,0.0,-0.3,-0.12,0.0012460295309972029,0.0010965059872775386,False
2025-08-04,에스원,012750,1,12.375882148215013,0.0,-0.3,-0.12,0.00141590579292413,0.0012459970977732344,False
2025-08-06,에스원,012750,1,13.95749737087695,0.0,-0.3,-0.12,0.0016144838338715336,0.0014207457738069495,False
2025-08-08,에스원,012750,1,8.976348070447749,0.0,-0.3,-0.12,0.000989080856223799,0.000870391153476943,False
2025-08-19,에스원,012750,1,15.321849713788357,0.0,-0.2222222222222223,-0.08888888888888892,0.0017857836617534112,0.0016270473362642191,False
2025-08-25,에스원,012750,1,10.77536609093639,0.0,-0.2222222222222223,-0.08888888888888892,0.0012149546775040774,0.0011069587061703816,False
2025-08-27,에스원,012750,1,12.907755278982137,0.0,0.0,0.0,0.0014826845661851365,0.0014826845661851365,False
2025-09-03,에스원,012750,2,20.57718991505022,1.0,1.0,1.0,0.002445612390464236,0.004891224780928472,False
2025-09-05,에스원,012750,1,9.695798917058491,-0.5,-0.12499999999999994,-0.35,0.0010794107529210877,0.000701616989398707,False
2025-09-07,에스원,012750,1,13.711740395056179,0.0,-0.12499999999999994,-0.04999999999999998,0.0015836280744501547,0.001504446670727647,False
2025-09-11,에스원,012750,1,6.530877627725885,0.0,-0.12499999999999994,-0.04999999999999998,0.0006820423788796252,0.0006479402599356439,False
2025-09-12,에스원,012750,1,7.486160788944089,0.0,-0.12499999999999994,-0.04999999999999998,0.0008019819545657279,0.0007618828568374416,False
2025-09-15,에스원,012750,2,13.992728383947817,1.0,0.7500000000000001,0.9,0.0016189072267776983,0.0030759237308776266,False
2025-09-17,에스원,012750,2,17.45510294197923,0.0,0.5555555555555555,0.2222222222222222,0.0020536220340889397,0.0025099824861087045,False
2025-09-18,에스원,012750,1,7.01571242048723,-0.5,-0.3,-0.42,0.0007429153029323214,0.00043089087570074647,False
2025-09-19,에스원,012750,2,15.96559892431405,1.0,0.5555555555555555,0.8222222222222222,0.0018666089189057025,0.0034013762522281687,False
2025-09-23,에스원,012750,1,9.222566018822171,-0.5,-0.3,-0.42,0.0010199944925708185,0.0005915968056910748,False
2025-10-10,에스원,012750,1,10.688913336864797,0.0,-0.3,-0.12,0.0012041001926128973,0.0010596081694993495,False
2025-10-14,에스원,012750,2,23.95302940788102,1.0,0.39999999999999997,0.76,0.0028694623783967962,0.005050253785978362,False
2025-10-20,에스원,012750,1,9.152268856032538,-0.5,-0.36363636363636365,-0.44545454545454544,0.0010111684060038018,0.000560738843329381,False
2025-11-02,에스원,012750,1,8.058758152518664,0.0,-0.3,-0.12,0.0008738738161772491,0.0007690089582359792,False
2025-11-04,에스원,012750,1,8.650168700845,0.0,-0.2222222222222223,-0.08888888888888892,0.0009481277474745303,0.0008638497254767943,False
2025-11-10,에스원,012750,2,18.504800308196916,1.0,0.5555555555555555,0.8222222222222222,0.00218541568628984,0.003982313028350375,False
2025-12-11,에스원,012750,2,17.999618850927398,0.0,0.5555555555555555,0.2222222222222222,0.0021219881581084313,0.0025935410821325273,False
2025-12-19,에스원,012750,1,9.866933284461883,-0.5,-0.3,-0.42,0.0011008973489849158,0.0006385204624112513,False
2025-12-29,에스원,012750,2,17.78716046493934,1.0,0.39999999999999997,0.76,0.0020953131682197096,0.003687751176066689,False
2025-12-30,에스원,012750,1,9.639875833826537,-0.5,-0.3,-0.42,0.0010723893888416186,0.0006219858455281389,False
2026-01-02,에스원,012750,1,11.861711340480731,0.0,-0.3,-0.12,0.0013513496162705105,0.0011891876623180493,False
2026-01-07,에스원,012750,1,13.478509642208568,0.0,-0.3,-0.12,0.0015543450318203445,0.001367823628001903,False
2026-01-20,에스원,012750,2,16.08456389382567,1.0,0.39999999999999997,0.76,0.0018815454409171848,0.0033115199760142453,False
2026-01-26,에스원,012750,1,9.424869023905387,-0.5,-0.3,-0.42,0.0010453944342580165,0.0006063287718696496,False
2026-01-28,에스원,012750,1,6.359573868672378,0.0,-0.2222222222222223,-0.08888888888888892,0.000660534515024775,0.0006018203359114617,False
2026-01-29,에스원,012750,1,9.017506142941256,0.0,-0.2222222222222223,-0.08888888888888892,0.0009942484148612128,0.0009058707779846604,False
2026-01-30,에스원,012750,2,36.20730937290862,1.0,0.7500000000000001,0.9,0.0044080356507130635,0.00837526773635482,False
2026-02-02,에스원,012750,2,16.34983725545177,0.0,0.5555555555555555,0.2222222222222222,0.0019148515596952933,0.0023403741285164697,False
2026-02-06,에스원,012750,3,24.721472922183636,0.5,1.0999999999999999,0.74,0.002965943498117006,0.00516074168672359,True
2026-02-12,에스원,012750,1,10.892641641172089,-0.6666666666666666,-0.41666666666666663,-0.5666666666666667,0.0012296790862497383,0.0005328609373748866,False
2026-02-19,에스원,012750,1,9.176254532017143,0.0,-0.36363636363636365,-0.14545454545454548,0.0010141799024029105,0.0008666628256897598,False
2026-02-25,에스원,012750,1,9.943122422819428,0.0,-0.36363636363636365,-0.14545454545454548,0.0011104631963665872,0.0009489412768950835,False
2026-02-27,에스원,012750,1,11.893656354602635,0.0,-0.36363636363636365,-0.14545454545454548,0.0013553604390240297,0.0011582171024387162,False
2026-03-04,에스원,012750,1,7.835184586147301,0.0,-0.36363636363636365,-0.14545454545454548,0.0008458032714698408,0.0007227773410742275,False
2026-03-05,에스원,012750,2,15.567433740104853,1.0,0.39999999999999997,0.76,0.0018166177066811194,0.0031972471637587703,False
2026-03-09,에스원,012750,1,7.710523109452428,-0.5,-0.3,-0.42,0.0008301515304717904,0.0004814878876736385,False
2026-03-11,에스원,012750,1,7.658011045870748,0.0,-0.12499999999999994,-0.04999999999999998,0.0008235584333880352,0.0007823805117186335,False
2026-03-18,에스원,012750,1,7.428105272684596,0.0,-0.12499999999999994,-0.04999999999999998,0.0007946928550933562,0.0007549582123386884,False
2026-03-23,에스원,012750,1,8.236369590203704,0.0,-0.12499999999999994,-0.04999999999999998,0.0008961736340090391,0.0008513649523085872,False
2026-03-30,에스원,012750,1,6.872117789475416,0.0,-0.12499999999999994,-0.04999999999999998,0.0007248864295955438,0.0006886421081157667,False
2026-04-05,에스원,012750,1,5.389071729816501,0.0,-0.12499999999999994,-0.04999999999999998,0.000538684136558572,0.0005117499297306434,False
2026-04-08,에스원,012750,2,12.164774313628378,1.0,0.7500000000000001,0.9,0.0013894003701005518,0.0026398607031910483,False
2026-04-09,에스원,012750,1,5.990432586778736,-0.5,-0.12499999999999994,-0.35,0.0006141873684236697,0.0003992217894753853,False
2026-04-10,에스원,012750,3,20.437220831481703,2.0,1.6250000000000002,1.85,0.002428038718935291,0.00691991034896558,True
2026-04-14,에스원,012750,1,2.833213344056216,-0.6666666666666666,-0.3,-0.52,0.00021778601676869047,0.00010453728804897143,False
2026-04-08,한국전력,015760,1,9.159055299214529,0.0,0.0,0.0,0.0010120204707618865,0.0010120204707618865,False
2026-04-09,한국전력,015760,65,741.6361141459103,64.0,64.0,64.0,0.09297740958726694,6.043531623172351,True
2026-04-10,한국전력,015760,62,715.761293071019,-0.046153846153846156,0.8787878787878788,0.3238228438228439,0.08972872355712828,0.11878493399199137,True
2026-04-11,한국전력,015760,5,76.69184462432463,-0.9193548387096774,-0.8828125,-0.9047379032258064,0.009491029025904332,0.000904135325552379,True
2026-04-12,한국전력,015760,11,225.83591525586138,1.2,-0.6691729323308271,0.45233082706766914,0.028216656435512407,0.040979919978072,True
2026-04-13,한국전력,015760,52,586.8840005594302,3.727272727272727,0.8055555555555555,2.5585858585858583,0.07354767022452072,0.2617256991929156,True
2026-04-14,한국전력,015760,77,970.4715564542048,0.4807692307692308,1.3571428571428572,0.8313186813186814,0.12170860361082539,0.22288723946971487,True
2026-04-09,SK텔레콤,017670,78,1119.8309365018872,0.0,0.0,0.0,0.1404612639684243,0.1404612639684243,True
2026-04-10,SK텔레콤,017670,91,1188.549604479315,0.16666666666666666,0.16666666666666666,0.16666666666666666,0.14908916427435695,0.1739373583200831,True
2026-04-11,SK텔레콤,017670,8,189.81736466908828,-0.9120879120879121,-0.9053254437869822,-0.9093829247675401,0.02369438508227622,0.002147115875587499,True
2026-04-12,SK텔레콤,017670,5,155.40777537459365,-0.375,-0.9152542372881356,-0.5911016949152542,0.019374125177085606,0.007922046947410005,True
2026-04-13,SK텔레콤,017670,41,687.4251793085785,7.2,-0.0989010989010989,4.280439560439561,0.08617101250428587,0.45502082339076316,True
2026-04-14,SK텔레콤,017670,53,733.5556319814904,0.2926829268292683,0.18834080717488785,0.2509460789675161,0.09196287312155166,0.11504059554199221,True
2026-04-15,SK텔레콤,017670,1,2.833213344056216,-0.9811320754716981,-0.9782608695652174,-0.9799835931091059,0.00021778601676869047,4.359293526789199e-06,False
2026-04-08,삼성SDS,018260,4,27.78388659050619,0.0,0.0,0.0,0.0033504416352824625,0.0033504416352824625,True
2026-04-09,삼성SDS,018260,84,897.1904281716235,20.0,20.0,20.0,0.11250786838504867,2.362665236086022,True
2026-04-10,삼성SDS,018260,62,670.7961023430249,-0.2619047619047619,0.4090909090909091,0.006493506493506523,0.08408316618157184,0.08462916076716646,True
2026-04-11,삼성SDS,018260,13,93.99171579140308,-0.7903225806451613,-0.74,-0.7701935483870967,0.011663096211258684,0.002680254755129254,True
2026-04-12,삼성SDS,018260,8,63.459091105057325,-0.38461538461538464,-0.803680981595092,-0.5522416234072676,0.007829604532421427,0.003505771014800118,True
2026-04-13,삼성SDS,018260,35,336.13879810195954,3.375,0.02339181286549699,2.034356725146199,0.04206561923795943,0.12764209463214152,True
2026-04-14,삼성SDS,018260,48,424.316068435345,0.37142857142857144,0.39805825242718434,0.38208044382801665,0.05313662396022239,0.07343908882646659,True
2026-04-15,삼성SDS,018260,2,3.465735902799726,-0.9583333333333334,-0.9448818897637795,-0.9529527559055118,0.0002972017234276878,1.3982522027405011e-05,False
2026-04-09,한온시스템,018880,25,351.41239231385947,0.0,0.0,0.0,0.043983279344771,0.043983279344771,True
2026-04-10,한온시스템,018880,91,958.3298801202918,2.64,2.64,2.64,0.12018416816934807,0.437470372136427,True
2026-04-11,한온시스템,018880,5,77.37634869358595,-0.945054945054945,-0.9137931034482759,-0.9325502084122774,0.009576971216613439,0.0006459647126021943,True
2026-04-12,한온시스템,018880,7,127.03757040351357,0.4,-0.8264462809917356,-0.09057851239669423,0.0158121338382873,0.014379894277397805,True
2026-04-13,한온시스템,018880,42,648.3610540748127,5.0,0.3125,3.125,0.08126635721955146,0.3352237235306498,True
2026-04-14,한온시스템,018880,99,1067.276387797499,1.3571428571428572,1.911764705882353,1.5789915966386556,0.13386283270963323,0.34523112066039024,True
2026-02-27,코웨이,021240,4,39.3860741079402,0.0,0.0,0.0,0.004807142124064317,0.004807142124064317,True
2026-03-02,코웨이,021240,3,33.995165054639,-0.25,-0.25,-0.25,0.004130292190280523,0.003097719142710392,True
2026-03-03,코웨이,021240,1,12.859812404361673,-0.6666666666666666,-0.7142857142857143,-0.6857142857142857,0.001476665148830582,0.00046409476106104005,False
2026-03-04,코웨이,021240,11,60.79767995821623,10.0,3.1250000000000004,7.25,0.007495453846386805,0.061837494232691144,True
2026-03-05,코웨이,021240,19,138.64757016333508,0.7272727272727273,3.0,1.6363636363636365,0.01726981518497093,0.04552951276037791,True
2026-03-06,코웨이,021240,9,75.62708632247087,-0.5263157894736842,0.18421052631578952,-0.2421052631578947,0.009357344413721134,0.007091882081978123,True
2026-03-07,코웨이,021240,1,15.63478960316925,-0.8888888888888888,-0.8723404255319149,-0.8822695035460993,0.0018250745014451062,0.00021486692712048759,False
2026-03-08,코웨이,021240,1,12.42934562895444,0.0,-0.8541666666666666,-0.3416666666666667,0.0014226183441915592,0.0009365570765927765,False
2026-03-09,코웨이,021240,7,56.91898995648222,6.0,0.08888888888888885,3.635555555555555,0.007008468990050953,0.032488147362769525,True
2026-03-10,코웨이,021240,14,166.74518113172505,1.0,1.0,1.0,0.020797581269578074,0.04159516253915615,True
2026-03-11,코웨이,021240,6,64.4961065038741,-0.5714285714285714,-0.32258064516129037,-0.471889400921659,0.007959805913502432,0.0042036578695270905,True
2026-03-12,코웨이,021240,4,41.8376776833496,-0.3333333333333333,-0.5087719298245613,-0.4035087719298245,0.005114950640452445,0.0030510231890418095,True
2026-03-13,코웨이,021240,6,44.959096815291005,0.5,0.0,0.3,0.005506857146734952,0.007158914290755438,True
2026-03-14,코웨이,021240,1,10.225746673713202,-0.8333333333333334,-0.8205128205128205,-0.8282051282051281,0.0011459477878541773,0.0001968679532980254,False
2026-03-15,코웨이,021240,1,7.91350300563827,0.0,-0.8205128205128205,-0.3282051282051282,0.0008556364585116538,0.0005748121849488547,False
2026-03-16,코웨이,021240,6,47.49506322946477,5.0,0.07692307692307697,3.0307692307692307,0.00582525775088915,0.023480269703583957,True
2026-03-17,코웨이,021240,4,55.211214456296055,-0.3333333333333333,-0.26315789473684215,-0.30526315789473685,0.006794051027738873,0.004720077556113322,True
2026-03-18,코웨이,021240,6,66.38413185357116,0.5,0.5,0.5,0.008196854956676707,0.01229528243501506,True
2026-03-19,코웨이,021240,7,87.15873109290919,0.16666666666666666,0.75,0.4,0.010805187981868476,0.015127263174615865,True
2026-03-20,코웨이,021240,4,57.78788276402159,-0.42857142857142855,-0.09677419354838715,-0.295852534562212,0.007117561915461762,0.005011813182868927,True
2026-03-23,코웨이,021240,4,44.371075119080324,0.0,-0.034482758620689745,-0.013793103448275898,0.005433028699211818,0.005358090372326138,True
2026-03-24,코웨이,021240,3,22.721527537679826,-0.25,-0.34374999999999994,-0.2875,0.0027148424523214592,0.0019343252472790397,True
2026-03-25,코웨이,021240,8,65.19439644722097,1.6666666666666667,0.6470588235294119,1.2588235294117647,0.00804747897517777,0.01817783486157802,True
2026-03-26,코웨이,021240,7,44.56906648937205,-0.125,0.361111111111111,0.0694444444444444,0.0054578872981135475,0.005836907249371433,True
2026-03-27,코웨이,021240,3,28.47368206153901,-0.5714285714285714,-0.4615384615384615,-0.5274725274725274,0.003437048182392921,0.0016240996905812707,True
2026-03-30,코웨이,021240,3,27.20659343581596,0.0,-0.4166666666666667,-0.16666666666666669,0.0032779601985409835,0.0027316334987841527,True
2026-03-31,코웨이,021240,11,111.6399343907634,2.6666666666666665,1.4062500000000002,2.1625,0.013878899793228622,0.04389202059608552,True
2026-04-01,코웨이,021240,16,156.87061594900322,0.45454545454545453,1.871794871794872,1.0214452214452217,0.019557790591607678,0.03953500233343166,True
2026-04-02,코웨이,021240,4,39.9218690825272,-0.75,-0.45098039215686275,-0.6303921568627451,0.00487441330031405,0.0018016213864886243,True
2026-04-03,코웨이,021240,6,46.571852034294075,0.5,-0.19230769230769235,0.22307692307692306,0.005709344937272476,0.0069829680386640286,True
2026-04-04,코웨이,021240,1,6.552959584921617,-0.8333333333333334,-0.86,-0.8440000000000001,0.0006848148558622587,0.0001068311175145123,False
2026-04-05,코웨이,021240,1,11.836281906951477,0.0,-0.8409090909090909,-0.3363636363636364,0.0013481568504066727,0.0008946859098153372,False
2026-04-06,코웨이,021240,11,113.90104917932803,10.0,0.8333333333333334,6.333333333333333,0.014162791689713194,0.10386047239123009,True
2026-04-07,코웨이,021240,24,195.9688158167752,1.1818181818181819,2.36,1.653090909090909,0.024466724081287246,0.06491244323529881,True
2026-04-08,코웨이,021240,18,133.88309260326497,-0.25,1.0,0.25,0.016671616200502243,0.020839520250627803,True
2026-04-09,코웨이,021240,24,239.4156794485013,0.3333333333333333,1.5846153846153843,0.8338461538461537,0.029921649490247646,0.05487170183442337,True
2026-04-10,코웨이,021240,10,86.70912138966345,-0.5833333333333334,-0.17647058823529407,-0.42058823529411765,0.010748737706996175,0.006227945083171312,True
2026-04-13,코웨이,021240,9,70.45481675699806,-0.1,-0.2921348314606741,-0.17685393258426962,0.008707945531586698,0.007167911119595973,True
2026-04-14,코웨이,021240,6,56.61297338761182,-0.3333333333333333,-0.5670103092783505,-0.4268041237113402,0.006970047400606806,0.003995202427564313,True
2026-03-16,기업은행,024110,4,71.54827221335536,0.0,0.0,0.0,0.008845233184914434,0.008845233184914434,True
2026-03-17,기업은행,024110,4,60.6123014614499,0.0,0.0,0.0,0.0074721788435958775,0.0074721788435958775,True
2026-03-18,기업은행,024110,4,78.28731297367355,0.0,0.0,0.0,0.009691346381647826,0.009691346381647826,True
2026-03-19,기업은행,024110,3,41.38061014695413,-0.25,-0.25,-0.25,0.005057564005158616,0.003793173003868962,True
2026-03-20,기업은행,024110,15,271.86372956895076,4.0,3.0,3.6,0.033995630401127686,0.15637989984518735,True
2026-03-21,기업은행,024110,2,23.744515799909735,-0.8666666666666667,-0.6666666666666666,-0.7866666666666666,0.002843282670975845,0.0006065669698081804,False
2026-03-22,기업은행,024110,1,10.762051382780177,-0.5,-0.8125,-0.625,0.0012132829632820828,0.000454981111230781,False
2026-03-23,기업은행,024110,8,95.22958483195225,7.0,0.6969696969696969,4.4787878787878785,0.011818515560731041,0.06475113979939916,True
2026-03-24,기업은행,024110,14,187.22339140500287,0.75,1.648648648648649,1.1094594594594596,0.023368701488901925,0.04929532841104852,True
2026-03-25,기업은행,024110,17,191.3323643327024,0.21428571428571427,1.531914893617021,0.7413373860182371,0.023884599276554223,0.041591145670328004,True
2026-03-26,기업은행,024110,10,123.96161186773695,-0.4117647058823529,0.1666666666666667,-0.18039215686274507,0.01542593508949053,0.01264321738707263,True
2026-03-27,기업은행,024110,28,320.2845877158605,1.8,1.9253731343283584,1.8501492537313435,0.04007506047617615,0.11421990370941192,True
2026-03-28,기업은행,024110,3,63.129818018582704,-0.8928571428571429,-0.7375,-0.8307142857142857,0.0077882629952940935,0.001318441664203357,True
2026-03-29,기업은행,024110,1,7.09807428216624,-0.6666666666666666,-0.9135802469135802,-0.7654320987654321,0.0007532561601184784,0.00017668971657100113,False
2026-03-30,기업은행,024110,15,201.12001224704002,14.0,0.29629629629629634,8.518518518518519,0.025113477148025965,0.2390430972978768,True
2026-03-31,기업은행,024110,15,144.35446347462516,0.0,0.1931818181818182,0.07727272727272728,0.017986338190954954,0.019376191596619657,True
2026-04-01,기업은행,024110,16,183.78238109921222,0.06666666666666667,0.2584269662921349,0.14337078651685398,0.022936669047880213,0.026225117329351576,True
2026-04-02,기업은행,024110,8,72.7692655762326,-0.5,-0.36363636363636365,-0.44545454545454544,0.00899853372637095,0.004990095975532982,True
2026-04-03,기업은행,024110,19,202.75592248712448,1.375,0.5465116279069766,1.0436046511627906,0.02531887214295717,0.05174176487354328,True
2026-04-04,기업은행,024110,2,23.243524855321837,-0.8947368421052632,-0.8181818181818182,-0.8641148325358852,0.002780381278220397,0.00037781257560506827,False
2026-04-05,기업은행,024110,2,16.240289628057013,0.0,-0.8157894736842105,-0.3263157894736842,0.0019010974221991492,0.0012807393160078479,False
2026-04-06,기업은행,024110,7,103.34759368668928,2.5,-0.36363636363636365,1.3545454545454545,0.012837763650702116,0.030227098050289527,True
2026-04-07,기업은행,024110,10,96.31935208641701,0.42857142857142855,0.014492753623188354,0.2629399585921325,0.011955340145737264,0.01509887678861228,True
2026-04-08,기업은행,024110,13,149.10103775382032,0.3,0.42187500000000006,0.34875,0.018582289347765096,0.025062862757798173,True
2026-04-09,기업은행,024110,17,234.36404710699784,0.3076923076923077,0.9508196721311477,0.5649432534678438,0.029287397088279765,0.04583311448493719,True
2026-04-10,기업은행,024110,4,70.0535411874892,-0.7647058823529411,-0.6,-0.6988235294117646,0.008657563798197076,0.002607454508633473,True
2026-04-12,기업은행,024110,1,11.653960350157522,-0.75,-0.8727272727272727,-0.7990909090909091,0.0013252656585087536,0.0002662579186640314,False
2026-04-13,기업은행,024110,3,25.86420251871521,2.0,-0.6111111111111112,0.9555555555555555,0.003109417714450064,0.006080639086035681,True
2026-04-14,기업은행,024110,30,219.83539768271746,9.0,2.8181818181818183,6.527272727272727,0.027463267743198284,0.20672350628516525,True
2026-04-13,삼성엔지니어링,028050,81,1071.5407599265047,0.0,0.0,0.0,0.13439824148106846,0.13439824148106846,True
2026-04-14,삼성엔지니어링,028050,197,2301.3768251955516,1.4320987654320987,1.4320987654320987,1.4320987654320987,0.2888090191647573,0.7024120589562617,True
2026-04-15,삼성엔지니어링,028050,1,5.639057329615259,-0.9949238578680203,-0.9928057553956835,-0.9940766168790856,0.000570070816429767,3.3767478517660014e-06,False
2026-03-25,삼성물산,028260,14,118.44313669970765,0.0,0.0,0.0,0.014733068725925955,0.014733068725925955,True
2026-03-26,삼성물산,028260,20,136.90617334839817,0.42857142857142855,0.42857142857142855,0.42857142857142855,0.01705117593373749,0.024358822762482128,True
2026-03-27,삼성물산,028260,22,144.34032260748427,0.1,0.29411764705882354,0.17764705882352944,0.017984562749207872,0.02117946742583186,True
2026-03-28,삼성물산,028260,4,45.495079934319136,-0.8181818181818182,-0.7857142857142857,-0.8051948051948052,0.005574151945262719,0.0010858737555706592,True
2026-03-29,삼성물산,028260,2,13.982074875081203,-0.5,-0.8666666666666667,-0.6466666666666667,0.0016175696366422245,0.000571541271613586,False
2026-03-30,삼성물산,028260,14,100.1139648285579,6.0,0.1290322580645161,3.6516129032258062,0.012431768769900459,0.057827776019988585,True
2026-03-31,삼성물산,028260,16,130.29066678472893,0.14285714285714285,0.26315789473684215,0.19097744360902258,0.01622057294353794,0.019318336498168494,True
2026-04-01,삼성물산,028260,15,153.12972780920848,-0.0625,0.141304347826087,0.019021739130434805,0.019088107303561457,0.01945119630118355,True
2026-04-02,삼성물산,028260,7,58.77672307279302,-0.5333333333333333,-0.4731182795698925,-0.509247311827957,0.00724171472362402,0.003553890967593551,True
2026-04-03,삼성물산,028260,20,189.85882057166296,1.8571428571428572,0.75,1.4142857142857144,0.023699590034657197,0.057217581655100956,True
2026-04-04,삼성물산,028260,4,36.94010011861165,-0.8,-0.641025641025641,-0.7364102564102564,0.004500040424453913,0.0011861645016252882,True
2026-04-05,삼성물산,028260,1,26.572154032177764,-0.75,-0.9102564102564102,-0.8141025641025641,0.003198303824431058,0.0005945564801826968,False
2026-04-06,삼성물산,028260,18,119.00407362291656,17.0,0.6363636363636364,10.454545454545453,0.014803496573173414,0.16956732438362274,True
2026-04-07,삼성물산,028260,5,55.357631015315945,-0.7222222222222222,-0.5679012345679012,-0.6604938271604938,0.0068124342052878935,0.002312863464758236,True
2026-04-08,삼성물산,028260,40,446.9365892005177,7.0,3.0,5.4,0.055976719727129524,0.358251006253629,True
2026-04-09,삼성물산,028260,13,128.9564283132534,-0.675,-0.04210526315789472,-0.4218421052631579,0.016053054031209605,0.009281199922780922,True
2026-04-10,삼성물산,028260,19,217.38696672856653,0.46153846153846156,0.31683168316831684,0.4036557501904037,0.02715585756194575,0.03811747561817671,True
2026-04-11,삼성물산,028260,3,44.50464884487137,-0.8421052631578947,-0.79,-0.8212631578947368,0.005449799408300587,0.0009740799363467787,True
2026-04-12,삼성물산,028260,1,7.337538079701318,-0.6666666666666666,-0.9292929292929293,-0.7717171717171717,0.0007833217861386354,0.00017881891279528447,False
2026-04-13,삼성물산,028260,20,206.95313468121284,19.0,0.4141414141414142,11.565656565656566,0.02584584871918147,0.32477005865314895,True
2026-04-14,삼성물산,028260,26,238.2324137891226,0.3,0.8019801980198019,0.5007920792079208,0.029773085811046145,0.044683211358795785,True
2026-04-08,팬오션,028670,56,676.3384548649498,0.0,0.0,0.0,0.08477903044126922,0.08477903044126922,True
2026-04-09,팬오션,028670,35,400.5434207686429,-0.375,-0.375,-0.375,0.050151874108206325,0.031344921317628956,True
2026-04-10,팬오션,028670,74,631.3035307520241,1.1142857142857143,0.6263736263736264,0.9191208791208791,0.07912471776368361,0.15184989791483194,True
2026-04-11,팬오션,028670,10,184.6366502724059,-0.8648648648648649,-0.8181818181818182,-0.8461916461916463,0.023043925918213724,0.0035443483107621076,True
2026-04-12,팬오션,028670,8,167.26119425295465,-0.2,-0.8171428571428572,-0.4468571428571429,0.02086236875597092,0.01153987026044563,True
2026-04-13,팬오션,028670,31,408.6813779909258,2.875,-0.15300546448087435,1.6637978142076502,0.05117362679454863,0.13631619520039667,True
2026-04-14,팬오션,028670,56,601.0220590163856,0.8064516129032258,0.5700934579439253,0.7119083509195056,0.0753227593302369,0.12894566071173266,True
2026-04-15,팬오션,028670,2,7.14166355650266,-0.9642857142857143,-0.9481481481481482,-0.9578306878306878,0.0007587289657541481,3.1995078608786047e-05,False
2025-02-26,삼성카드,029780,3,21.14456364531067,0.0,0.0,0.0,0.0025168484042720155,0.0025168484042720155,True
2025-02-27,삼성카드,029780,6,51.36694404210772,1.0,1.0,1.0,0.0063113876866281535,0.012622775373256307,True
2025-02-28,삼성카드,029780,1,7.81783057145415,-0.8333333333333334,-0.7777777777777778,-0.8111111111111111,0.0008436244063508401,0.00015935127675515868,False
2025-03-03,삼성카드,029780,1,7.1779441140506,0.0,-0.7000000000000001,-0.28,0.0007632841331166775,0.0005495645758440078,False
2025-03-04,삼성카드,029780,4,35.795964955484756,3.0,0.45454545454545453,1.9818181818181817,0.004356389733680725,0.012989962114975252,True
2025-03-05,삼성카드,029780,4,34.79231584187025,0.0,0.3333333333333333,0.13333333333333333,0.004230377621553523,0.004794427971093992,True
2025-03-06,삼성카드,029780,2,25.96238713122484,-0.5,-0.3684210526315789,-0.4473684210526315,0.0031217451805265017,0.0017251749681856984,False
2025-03-07,삼성카드,029780,2,19.102807556284528,0.0,-0.3333333333333333,-0.13333333333333333,0.0022604978593089653,0.0019590981447344365,False
2025-03-10,삼성카드,029780,3,33.86321139550657,0.5,0.049999999999999975,0.31999999999999995,0.004113724886962425,0.005430116850790401,True
2025-03-12,삼성카드,029780,1,12.01031186730723,-0.6666666666666666,-0.5882352941176471,-0.6352941176470588,0.0013700069996075864,0.0004996496116215904,False
2025-03-13,삼성카드,029780,1,10.901737206656573,0.0,-0.5882352941176471,-0.23529411764705885,0.001230821070437383,0.0009412161126874104,False
2025-03-14,삼성카드,029780,2,21.358742155418557,1.0,-0.17647058823529405,0.5294117647058824,0.0025437393625410416,0.0038904249074157102,False
2025-03-15,삼성카드,029780,1,7.249975242259483,-0.5,-0.5333333333333333,-0.5133333333333333,0.0007723279258938342,0.00037586625726833265,False
2025-03-17,삼성카드,029780,1,16.049254841255838,0.0,-0.41666666666666663,-0.16666666666666666,0.001877112249843552,0.0015642602082029601,False
2025-03-18,삼성카드,029780,2,20.80982014482551,1.0,0.27272727272727276,0.7090909090909091,0.002474820035049353,0.004229692423538894,False
2025-03-19,삼성카드,029780,2,21.85683410959368,0.0,0.27272727272727276,0.10909090909090911,0.002606276775594824,0.0028905978783869864,False
2025-03-21,삼성카드,029780,7,63.150512626271706,2.5,3.9,3.06,0.0077908612850640544,0.03163089681736007,True
2025-03-22,삼성카드,029780,1,8.60934924316738,-0.8571428571428571,-0.5625,-0.7392857142857142,0.0009430027032652853,0.00024585427620844944,False
2025-03-24,삼성카드,029780,1,8.014814351275545,0.0,-0.5625,-0.225,0.0008683564982875326,0.0006729762861728377,False
2025-03-25,삼성카드,029780,6,43.79583359377108,5.0,1.8,3.72,0.0053608048526461215,0.0253029989044897,True
2025-03-26,삼성카드,029780,19,161.31009759625874,2.1666666666666665,5.6499999999999995,3.5599999999999996,0.020115185055003273,0.09172524385081492,True
2025-03-27,삼성카드,029780,3,23.13709267960116,-0.8421052631578947,-0.4473684210526316,-0.6842105263157894,0.0027670182979926206,0.0008737952519976699,True
2025-03-28,삼성카드,029780,5,37.90933103536411,0.6666666666666666,-0.10256410256410252,0.358974358974359,0.004621731195961806,0.006280814189383994,True
2025-03-29,삼성카드,029780,2,15.461416168319913,-0.6,-0.6666666666666666,-0.6266666666666667,0.0018033067816157792,0.0006732345318032242,False
2025-03-31,삼성카드,029780,7,46.99487525817201,2.5,0.32432432432432434,1.6297297297297297,0.00576245717460385,0.015153704948350125,True
2025-04-01,삼성카드,029780,4,35.88377697746126,-0.42857142857142855,-0.34883720930232565,-0.3966777408637874,0.004367414880028505,0.0026349586120039087,True
2025-04-02,삼성카드,029780,3,29.3163047544263,-0.25,-0.5434782608695652,-0.3673913043478261,0.0035428427911029744,0.0022412331569803597,True
2025-04-04,삼성카드,029780,4,33.9225510553956,0.3333333333333333,-0.34883720930232565,0.060465116279069725,0.004121175215741771,0.004370362554368018,True
2025-04-05,삼성카드,029780,1,8.062191632286556,-0.75,-0.75,-0.75,0.0008743049031294807,0.00021857622578237018,False
2025-04-08,삼성카드,029780,3,37.72252692401749,2.0,-0.19230769230769235,1.123076923076923,0.004598277201627015,0.009762496212685047,True
2025-04-09,삼성카드,029780,1,14.355641102974253,-0.6666666666666666,-0.7083333333333334,-0.6833333333333333,0.0016644723526987007,0.0005270829116879219,False
2025-04-10,삼성카드,029780,3,37.28965782104331,2.0,-0.0869565217391304,1.1652173913043478,0.004543928775269181,0.009838593609061096,True
2025-04-11,삼성카드,029780,1,14.136483208590247,-0.6666666666666666,-0.631578947368421,-0.6526315789473685,0.001636956213057804,0.0005686268950621844,False
2025-04-14,삼성카드,029780,1,8.811244378601295,0.0,-0.5625,-0.225,0.0009683514353063191,0.0007504723623623973,False
2025-04-15,삼성카드,029780,1,8.836259277277067,0.0,-0.5,-0.2,0.0009714921546812707,0.0007771937237450166,False
2025-04-16,삼성카드,029780,2,14.520478876515224,1.0,0.27272727272727276,0.7090909090909091,0.0016851683865221525,0.002880105969692406,False
2025-04-17,삼성카드,029780,2,20.76349063639173,0.0,0.16666666666666674,0.0666666666666667,0.002469003182194743,0.002633603394341059,False
2025-04-18,삼성카드,029780,1,12.573017256052546,-0.5,-0.36363636363636365,-0.44545454545454544,0.0014406568846912202,0.0007989097269651312,False
2025-04-19,삼성카드,029780,1,10.232010331664759,0.0,-0.36363636363636365,-0.14545454545454548,0.0011467342148607988,0.0009799365108810463,False
2025-04-21,삼성카드,029780,1,11.202661196523238,0.0,-0.2222222222222223,-0.08888888888888892,0.0012686032664643184,0.00115583853166749,False
2025-04-24,삼성카드,029780,1,10.89095671613892,0.0,-0.2222222222222223,-0.08888888888888892,0.0012294675372538537,0.0011201815339424,False
2025-04-25,삼성카드,029780,1,8.827639546366422,0.0,-0.2222222222222223,-0.08888888888888892,0.0009704099134046289,0.0008841512544353286,False
2025-04-26,삼성카드,029780,1,13.08794755464267,0.0,-0.2222222222222223,-0.08888888888888892,0.0015053084184229138,0.0013715032256742103,False
2025-04-29,삼성카드,029780,1,9.664815785285736,0.0,-0.12499999999999994,-0.04999999999999998,0.0010755206982973758,0.0010217446633825071,False
2025-05-12,삼성카드,029780,1,9.725330037917136,0.0,0.0,0.0,0.0010831185018369213,0.0010831185018369213,False
2025-05-13,삼성카드,029780,1,11.82444593087762,0.0,0.0,0.0,0.0013466707968408178,0.0013466707968408178,False
2025-05-15,삼성카드,029780,1,17.11432470915534,0.0,0.0,0.0,0.0020108359803749443,0.0020108359803749443,False
2025-05-21,삼성카드,029780,1,17.19063168090354,0.0,0.0,0.0,0.00202041662220443,0.00202041662220443,False
2025-05-31,삼성카드,029780,1,18.275864600546534,0.0,0.0,0.0,0.002156671903556385,0.002156671903556385,False
2025-06-01,삼성카드,029780,1,14.351158226430694,0.0,0.0,0.0,0.0016639095098345995,0.0016639095098345995,False
2025-06-04,삼성카드,029780,1,26.175489713624223,0.0,0.0,0.0,0.0031485010518202032,0.0031485010518202032,False
2025-06-09,삼성카드,029780,6,58.74417675193038,5.0,5.0,5.0,0.007237628404433143,0.043425770426598856,True
2025-06-11,삼성카드,029780,4,45.93692025816782,-0.3333333333333333,1.3333333333333333,0.33333333333333337,0.005629626743851068,0.0075061689918014245,True
2025-06-12,삼성카드,029780,1,11.433666540166168,-0.75,-0.5333333333333333,-0.6633333333333333,0.0012976069001747912,0.00043686098972551304,False
2025-06-13,삼성카드,029780,1,18.70391020961631,0.0,-0.5333333333333333,-0.21333333333333335,0.002210414721194517,0.0017388595806730198,False
2025-06-17,삼성카드,029780,2,18.192576191550742,1.0,-0.06666666666666664,0.5733333333333334,0.00214621471469336,0.003376711151117553,False
2025-06-19,삼성카드,029780,1,11.866722285136728,-0.5,-0.5625,-0.525,0.001351978760172786,0.0006421899110820733,False
2025-06-20,삼성카드,029780,2,28.629802259059375,1.0,-0.12499999999999994,0.55,0.003456649690099541,0.005357807019654289,False
2025-06-21,삼성카드,029780,1,17.903965634032165,-0.5,-0.5882352941176471,-0.5352941176470588,0.0021099785187541744,0.0009805194293034105,False
2025-07-09,삼성카드,029780,1,8.082218910376447,0.0,-0.41666666666666663,-0.16666666666666666,0.0008768194070313249,0.0007306828391927708,False
2025-07-10,삼성카드,029780,1,8.349138991379798,0.0,-0.2222222222222223,-0.08888888888888892,0.000910332277934248,0.0008294138532289815,False
2025-07-11,삼성카드,029780,1,8.439350371100097,0.0,-0.2222222222222223,-0.08888888888888892,0.0009216586731278081,0.0008397334577386695,False
2025-07-13,삼성카드,029780,1,11.163314804034641,0.0,-0.2222222222222223,-0.08888888888888892,0.0012636631714103626,0.001151337556173886,False
2025-07-14,삼성카드,029780,4,37.02201356528758,3.0,2.5,2.8,0.004510324981364524,0.01713923492918519,True
2025-07-15,삼성카드,029780,3,29.25541159783191,-0.25,0.9090909090909092,0.2136363636363637,0.003535197414673639,0.004290444135081189,True
2025-07-16,삼성카드,029780,1,10.364750756851912,-0.6666666666666666,-0.41666666666666663,-0.5666666666666667,0.0011634002997659668,0.0005041401298985856,False
2025-07-18,삼성카드,029780,1,10.198478716492307,0.0,-0.41666666666666663,-0.16666666666666666,0.0011425241880759396,0.0009521034900632831,False
2025-07-20,삼성카드,029780,1,17.206575926724927,0.0,-0.41666666666666663,-0.16666666666666666,0.0020224184852708884,0.0016853487377257404,False
2025-07-21,삼성카드,029780,3,31.23410094646131,2.0,0.7500000000000001,1.5,0.003783629681172067,0.009459074202930167,True
2025-07-24,삼성카드,029780,1,8.342121418721153,-0.6666666666666666,-0.5,-0.6,0.0009094511939570627,0.0003637804775828251,False
2025-07-28,삼성카드,029780,4,55.06714640175112,3.0,1.0,2.1999999999999997,0.006775962714206781,0.021683080685461698,True
2025-07-29,삼성카드,029780,1,9.508769136971683,-0.75,-0.5,-0.6499999999999999,0.0010559284249842375,0.0003695749487444832,False
2025-08-01,삼성카드,029780,1,8.364547014255642,0.0,-0.41666666666666663,-0.16666666666666666,0.0009122668160910118,0.0007602223467425099,False
2025-08-02,삼성카드,029780,1,12.169350016670599,0.0,-0.41666666666666663,-0.16666666666666666,0.0013899748676983632,0.001158312389748636,False
2025-08-06,삼성카드,029780,1,8.642486801367255,0.0,-0.41666666666666663,-0.16666666666666666,0.0009471632546401239,0.0007893027122001032,False
2025-08-08,삼성카드,029780,1,8.577861357721048,0.0,-0.41666666666666663,-0.16666666666666666,0.0009390492748233251,0.0007825410623527709,False
2025-08-10,삼성카드,029780,1,10.695798917058491,0.0,-0.3,-0.12,0.0012049647044145406,0.0010603689398847958,False
2025-08-11,삼성카드,029780,1,7.883462586413092,0.0,-0.3,-0.12,0.0008518647651734127,0.0007496409933526032,False
2025-08-12,삼성카드,029780,1,12.0604763659998,0.0,0.0,0.0,0.0013763053506431267,0.0013763053506431267,False
2025-09-01,삼성카드,029780,1,11.029087564149663,0.0,0.0,0.0,0.0012468104110447441,0.0012468104110447441,False
2025-09-12,삼성카드,029780,1,8.551080335043405,0.0,0.0,0.0,0.0009356868116011113,0.0009356868116011113,False
2025-09-17,삼성카드,029780,1,8.493753839851685,0.0,0.0,0.0,0.0009284892436045205,0.0009284892436045205,False
2025-09-18,삼성카드,029780,1,11.731018100482082,0.0,0.0,0.0,0.001334940563555198,0.001334940563555198,False
2025-09-19,삼성카드,029780,1,16.361375428977347,0.0,0.0,0.0,0.0019163002229744465,0.0019163002229744465,False
2025-09-23,삼성카드,029780,2,23.842720973835846,1.0,1.0,1.0,0.00285561271861937,0.00571122543723874,False
2025-10-02,삼성카드,029780,1,6.467698726104354,-0.5,-0.12499999999999994,-0.35,0.0006741100181300259,0.00043817151178451684,False
2025-10-04,삼성카드,029780,1,12.576469569048225,0.0,-0.12499999999999994,-0.04999999999999998,0.00144109033622962,0.001369035819418139,False
2025-10-05,삼성카드,029780,1,11.184629152717314,0.0,-0.12499999999999994,-0.04999999999999998,0.0012663392721109815,0.0012030223085054326,False
2025-10-15,삼성카드,029780,1,10.396929655216146,0.0,-0.12499999999999994,-0.04999999999999998,0.0011674404876103027,0.0011090684632297876,False
2025-10-22,삼성카드,029780,1,10.298949246855942,0.0,-0.12499999999999994,-0.04999999999999998,0.001155138660171737,0.0010973817271631501,False
2025-10-24,삼성카드,029780,1,9.317164686747283,0.0,-0.12499999999999994,-0.04999999999999998,0.0010318717291348334,0.0009802781426780918,False
2025-10-28,삼성카드,029780,3,27.938501861630854,2.0,1.6250000000000002,1.85,0.0033698541935333957,0.009604084451570178,True
2025-10-29,삼성카드,029780,2,18.3416948720544,-0.3333333333333333,0.5555555555555555,0.022222222222222227,0.0021649371542720843,0.002213046868811464,False
2025-11-06,삼성카드,029780,1,11.349138991379798,-0.5,-0.3,-0.42,0.0012869941324146067,0.0007464565968004719,False
2025-11-08,삼성카드,029780,1,11.146329257668897,0.0,-0.3,-0.12,0.0012615305689458684,0.0011101469006723642,False
2025-11-09,삼성카드,029780,1,15.352629396319568,0.0,-0.3,-0.12,0.0017896481725209186,0.0015748903918184085,False
2025-11-10,삼성카드,029780,2,26.04400175591328,1.0,0.39999999999999997,0.76,0.00313199221915579,0.005512306305714191,False
2025-11-14,삼성카드,029780,1,14.699500340161677,-0.5,-0.36363636363636365,-0.44545454545454544,0.0017076452386851062,0.0009469669050890134,False
2025-11-21,삼성카드,029780,1,11.421622267806518,0.0,-0.36363636363636365,-0.14545454545454548,0.0012960946941871737,0.0011075718295781303,False
2025-11-22,삼성카드,029780,1,9.487684018484611,0.0,-0.2222222222222223,-0.08888888888888892,0.001053281105040478,0.0009596561179257688,False
2025-11-24,삼성카드,029780,1,8.532334292222348,0.0,-0.12499999999999994,-0.04999999999999998,0.0009333331718500621,0.0008866665132575591,False
2025-11-26,삼성카드,029780,2,13.665905982232943,1.0,0.7500000000000001,0.9,0.0015778733828058153,0.0029979594273310487,False
2025-11-27,삼성카드,029780,1,8.448889394146857,-0.5,-0.2222222222222223,-0.3888888888888889,0.0009228563351647158,0.0005639677603784375,False
2025-11-28,삼성카드,029780,1,8.452402451223637,0.0,-0.2222222222222223,-0.08888888888888892,0.0009232974133625276,0.0008412265321747473,False
2025-11-29,삼성카드,029780,1,7.466144724237619,0.0,-0.12499999999999994,-0.04999999999999998,0.000799468858548482,0.000759495415621058,False
2025-11-30,삼성카드,029780,1,10.63068338564237,0.0,-0.12499999999999994,-0.04999999999999998,0.0011967891921416506,0.001136949732534568,False
2025-12-06,삼성카드,029780,1,8.368187186350493,0.0,-0.12499999999999994,-0.04999999999999998,0.0009127238540816365,0.0008670876613775547,False
2025-12-08,삼성카드,029780,1,10.138866999945524,0.0,-0.12499999999999994,-0.04999999999999998,0.0011350397015081834,0.0010782877164327743,False
2025-12-11,삼성카드,029780,1,10.86589107488344,0.0,-0.12499999999999994,-0.04999999999999998,0.0012263204469475108,0.0011650044246001353,False
2025-12-12,삼성카드,029780,2,17.2925566833983,1.0,1.0,1.0,0.002033213709023627,0.004066427418047254,False
2025-12-15,삼성카드,029780,2,27.83299677897155,0.0,0.7500000000000001,0.30000000000000004,0.0033566076135028767,0.00436358989755374,False
2025-12-24,삼성카드,029780,1,9.98393628068719,-0.5,-0.2222222222222223,-0.3888888888888889,0.0011155875374975767,0.0006817479395818526,False
2025-12-26,삼성카드,029780,1,10.098074282166241,0.0,-0.2222222222222223,-0.08888888888888892,0.0011299180145988373,0.0010294808577456073,False
2025-12-29,삼성카드,029780,1,12.652863029353348,0.0,-0.2222222222222223,-0.08888888888888892,0.0014506818370391865,0.001321732340413481,False
2025-12-30,삼성카드,029780,1,8.988961416889865,0.0,-0.2222222222222223,-0.08888888888888892,0.0009906645117111624,0.0009026054440035036,False
2026-01-02,삼성카드,029780,1,7.641907070938114,0.0,-0.2222222222222223,-0.08888888888888892,0.0008215365157004913,0.0007485110476382254,False
2026-01-10,삼성카드,029780,2,27.04852369812676,1.0,0.5555555555555555,0.8222222222222222,0.003258113918362571,0.005937007584571796,False
2026-01-12,삼성카드,029780,1,11.450470422144175,-0.5,-0.2222222222222223,-0.3888888888888889,0.0012997166939575596,0.0007942713129740642,False
2026-01-15,삼성카드,029780,1,9.095893221097532,0.0,-0.12499999999999994,-0.04999999999999998,0.0010040902222697593,0.0009538857111562714,False
2026-01-20,삼성카드,029780,1,14.880384082186005,0.0,-0.12499999999999994,-0.04999999999999998,0.0017303559072571828,0.0016438381118943238,False
2026-01-21,삼성카드,029780,1,20.81399567500279,0.0,-0.12499999999999994,-0.04999999999999998,0.002475344289362691,0.0023515770748945564,False
2026-01-22,삼성카드,029780,2,34.11523835224274,1.0,0.7500000000000001,0.9,0.004145367867263522,0.007876198947800691,False
2026-01-29,삼성카드,029780,1,14.597145701886651,-0.5,-0.2222222222222223,-0.3888888888888889,0.0016947942093959937,0.0010357075724086629,False
2026-02-01,삼성카드,029780,1,20.08506429395255,0.0,-0.2222222222222223,-0.08888888888888892,0.002383824074104253,0.0021719286008505417,False
2026-02-03,삼성카드,029780,1,16.621195162809844,0.0,-0.12499999999999994,-0.04999999999999998,0.0019489216172330938,0.0018514755363714392,False
2026-02-05,삼성카드,029780,1,17.464509834636527,0.0,-0.12499999999999994,-0.04999999999999998,0.002054803106633338,0.0019520629513016712,False
2026-02-10,삼성카드,029780,1,15.907755278982137,0.0,-0.12499999999999994,-0.04999999999999998,0.001859346420665495,0.0017663790996322204,False
2026-02-19,삼성카드,029780,2,21.777110627876397,1.0,0.7500000000000001,0.9,0.002596267177438403,0.004932907637132966,False
2026-02-20,삼성카드,029780,5,59.80143077548465,1.5,2.888888888888889,2.0555555555555554,0.007370370824822733,0.02252057752029168,True
2026-02-24,삼성카드,029780,2,19.20512975712869,-0.6,0.16666666666666674,-0.2933333333333333,0.002273344815950457,0.0016064970032716565,False
2026-02-25,삼성카드,029780,2,17.137196815962234,0.0,0.07692307692307689,0.030769230769230757,0.0020137076637635302,0.0020756678995716388,False
2026-02-26,삼성카드,029780,1,16.568077911411976,-0.5,-0.5,-0.5,0.0019422525364276202,0.0009711262682138101,False
2026-03-04,삼성카드,029780,1,7.263398262591624,0.0,-0.5,-0.2,0.0007740132391375115,0.0006192105913100092,False
2026-03-05,삼성카드,029780,1,8.251903883165888,0.0,-0.5,-0.2,0.0008981240258740981,0.0007184992206992786,False
2026-03-09,삼성카드,029780,1,8.142037405587356,0.0,-0.5,-0.2,0.0008843298554774467,0.0007074638843819574,False
2026-03-16,삼성카드,029780,1,16.244166900663735,0.0,-0.46153846153846156,-0.18461538461538463,0.0019015842290959404,0.0015505225252628436,False
2026-03-24,삼성카드,029780,6,56.45635964498892,5.0,3.6666666666666665,4.466666666666667,0.006950383926362323,0.0379954321307807,True
2026-03-25,삼성카드,029780,7,59.1353180115578,0.16666666666666666,2.7692307692307687,1.2076923076923076,0.007286737735171491,0.01608687484610937,True
2026-03-26,삼성카드,029780,5,43.94185679888592,-0.2857142857142857,0.9444444444444443,0.20634920634920637,0.005379138643058029,0.0064891196328954,True
2026-03-27,삼성카드,029780,1,17.586171654854674,-0.8,-0.6818181818181818,-0.7527272727272727,0.0020700782289076124,0.0005118738893298825,False
2026-03-30,삼성카드,029780,3,30.92413097337168,2.0,-0.045454545454545435,1.1818181818181819,0.003744711726206344,0.00817028012990475,True
2026-04-01,삼성카드,029780,2,22.89031130259552,-0.3333333333333333,-0.41666666666666663,-0.36666666666666664,0.0027360339209545666,0.0017328214832712254,False
2026-04-02,삼성카드,029780,1,12.476463551931511,-0.5,-0.72,-0.588,0.0014285341856074946,0.0005885560844702878,False
2026-04-03,삼성카드,029780,1,7.560681631015528,0.0,-0.72,-0.288,0.0008113383407564166,0.0005776728986185685,False
2026-04-06,삼성카드,029780,1,6.0238805208462765,0.0,-0.65,-0.26,0.0006183868887151419,0.00045760629764920503,False
2026-04-09,삼성카드,029780,1,11.710427017374869,0.0,-0.5,-0.2,0.0013323552717055573,0.001065884217364446,False
2026-04-10,삼성카드,029780,1,5.189654742026425,0.0,-0.3,-0.12,0.0005136465457466063,0.00045200896025701355,False
2026-04-13,삼성카드,029780,3,23.94039189650926,2.0,1.0999999999999999,1.64,0.002867875688907029,0.007571191818714555,True
2026-04-14,삼성카드,029780,1,5.02535169073515,-0.6666666666666666,-0.3,-0.52,0.0004930176484145552,0.0002366484712389865,False
2026-03-18,KT,030200,6,91.88294133446823,0.0,0.0,0.0,0.011398331245382053,0.011398331245382053,True
2026-03-19,KT,030200,8,93.97934862799032,0.3333333333333333,0.3333333333333333,0.3333333333333333,0.011661543465023447,0.015548724620031262,True
2026-03-20,KT,030200,6,98.85149406989447,-0.25,-0.14285714285714285,-0.20714285714285713,0.012273260577505328,0.009730942315022082,True
2026-03-21,KT,030200,2,30.297315961310098,-0.6666666666666666,-0.7000000000000001,-0.6799999999999999,0.003666012624586596,0.001173124039867711,False
2026-03-22,KT,030200,1,20.966146739123694,-0.5,-0.8181818181818182,-0.6272727272727273,0.002494447456687004,0.0009297485974924287,False
2026-03-23,KT,030200,13,166.1386318988191,12.0,1.8260869565217392,7.930434782608695,0.020721426616611412,0.1850513490022602,True
2026-03-24,KT,030200,10,175.03371336488155,-0.23076923076923078,0.6666666666666666,0.1282051282051282,0.021838239243531725,0.02463801350552297,True
2026-03-25,KT,030200,8,127.4129789433036,-0.2,0.21739130434782614,-0.033043478260869535,0.015859267863882327,0.015335222490988825,True
2026-03-26,KT,030200,10,104.16658638083516,0.25,0.4583333333333334,0.33333333333333337,0.012940591419696399,0.017254121892928534,True
2026-03-27,KT,030200,7,126.78655225609539,-0.3,-0.020000000000000052,-0.188,0.015780617517982383,0.012813861424601695,True
2026-03-28,KT,030200,1,29.442417710521795,-0.8571428571428571,-0.8627450980392157,-0.8593837535014006,0.003558676771075284,0.0005004077700503619,False
2026-03-29,KT,030200,3,52.76540134518507,2.0,-0.5800000000000001,0.968,0.006486969527024392,0.012766356029184004,True
2026-03-30,KT,030200,11,195.99132540071753,2.6666666666666665,0.4807692307692307,1.7923076923076922,0.02446955024849768,0.06832651338618967,True
2026-03-31,KT,030200,15,223.57630019648394,0.36363636363636365,1.0999999999999999,0.6581818181818181,0.027932952835953456,0.04631791452070828,True
2026-04-01,KT,030200,18,217.1121761213293,0.2,1.290909090909091,0.6363636363636365,0.02712135651537383,0.044380401570611724,True
2026-04-02,KT,030200,8,98.18948940695078,-0.5555555555555556,-0.13846153846153852,-0.38871794871794874,0.012190143276165657,0.0074516157872766475,True
2026-04-03,KT,030200,13,218.55069740594985,0.625,0.4444444444444444,0.5527777777777778,0.02730196854696538,0.04239389004931569,True
2026-04-04,KT,030200,4,79.84804036600084,-0.6923076923076923,-0.5942028985507246,-0.6530657748049052,0.00988730187295859,0.0034302434145648975,True
2026-04-05,KT,030200,1,32.41610040220442,-0.75,-0.9027777777777778,-0.8111111111111111,0.0039320343835037245,0.0007427176057729257,False
2026-04-06,KT,030200,6,126.93192973343054,5.0,-0.4,2.84,0.01579887023471996,0.060667661701324635,True
2026-04-07,KT,030200,17,212.077255168644,1.8333333333333333,0.8307692307692306,1.432307692307692,0.02648920229430701,0.06442989050353749,True
2026-04-08,KT,030200,25,414.1122367310949,0.47058823529411764,1.6119402985074627,0.9271290605794557,0.051855492569379616,0.09993222668111347,True
2026-04-09,KT,030200,28,396.8333089289734,0.12,1.648648648648649,0.7314594594594596,0.04968605490625318,0.08602938977065415,True
2026-04-10,KT,030200,21,298.9675211436157,-0.25,0.5638297872340425,0.07553191489361702,0.037398618533781826,0.040223407806014286,True
2026-04-11,KT,030200,2,59.016084925770905,-0.9047619047619048,-0.8627450980392157,-0.8879551820728291,0.007271767550102189,0.0008147638711599094,False
2026-04-12,KT,030200,1,34.436150368369425,-0.5,-0.93,-0.672,0.004185659638969957,0.0013728963615821457,False
2026-04-13,KT,030200,16,218.03109426537176,15.0,0.11999999999999994,9.048,0.027236730319457392,0.2736746662499079,True
2026-04-14,KT,030200,14,215.05364795523568,-0.125,-0.10909090909090904,-0.11863636363636362,0.026862900169860204,0.023675983376981333,True
2026-03-05,LG유플러스,032640,16,170.00467770632002,0.0,0.0,0.0,0.021206823944397848,0.021206823944397848,True
2026-03-06,LG유플러스,032640,15,108.75714881198788,-0.0625,-0.0625,-0.0625,0.013516954672505015,0.01267214500547345,True
2026-03-07,LG유플러스,032640,3,39.90668833482039,-0.8,-0.8064516129032258,-0.8025806451612902,0.004872507297452834,0.0009619272471100437,True
2026-03-08,LG유플러스,032640,2,16.285261134068946,-0.3333333333333333,-0.8235294117647058,-0.5294117647058824,0.001906743772483559,0.0008972911870510866,False
2026-03-09,LG유플러스,032640,17,107.8965577917723,7.5,0.8888888888888888,4.855555555555555,0.013408904069297166,0.07851658271688451,True
2026-03-10,LG유플러스,032640,12,98.57340402196576,-0.29411764705882354,0.13207547169811323,-0.12364039955604883,0.012238345273116874,0.010725191373643821,True
2026-03-11,LG유플러스,032640,11,79.59353832028741,-0.08333333333333333,0.01538461538461533,-0.04384615384615386,0.009855348135456101,0.009423229024901487,True
2026-03-12,LG유플러스,032640,12,93.71433904971082,0.09090909090909091,0.1052631578947368,0.09665071770334926,0.011628270465286842,0.012752151151405475,True
2026-03-13,LG유플러스,032640,10,102.9948163146056,-0.16666666666666666,-0.02777777777777785,-0.11111111111111113,0.012793471057639533,0.011371974273457363,True
2026-03-14,LG유플러스,032640,1,25.533389488727522,-0.9,-0.8955223880597015,-0.8982089552238807,0.0030678828313295877,0.0003122829986517578,False
2026-03-16,LG유플러스,032640,15,110.53012144384623,14.0,0.6153846153846152,8.646153846153846,0.013739558392324578,0.13253389403057708,True
2026-03-17,LG유플러스,032640,5,40.322313961980456,-0.6666666666666666,-0.5512820512820512,-0.6205128205128205,0.004924690737284725,0.0018688569977388188,True
2026-03-18,LG유플러스,032640,15,120.77582088679563,2.0,0.5909090909090908,1.4363636363636363,0.015025946443201144,0.03660866951616279,True
2026-03-19,LG유플러스,032640,9,63.37175321109148,-0.4,-0.08695652173913049,-0.2747826086956522,0.007818638914718899,0.005670212917283097,True
2026-03-20,LG유플러스,032640,8,72.98175442593417,-0.1111111111111111,-0.16417910447761191,-0.13233830845771144,0.009025212541099281,0.00783083117993888,True
2026-03-21,LG유플러스,032640,3,28.4367260417215,-0.625,-0.6666666666666666,-0.6416666666666666,0.003432408208073362,0.0012299462745596216,True
2026-03-23,LG유플러스,032640,11,96.82741914167819,2.6666666666666665,0.375,1.75,0.012019129972148948,0.03305260742340961,True
2026-03-24,LG유플러스,032640,6,44.433505996599564,-0.45454545454545453,-0.36363636363636365,-0.4181818181818182,0.005440867142579562,0.003165595428409927,True
2026-03-25,LG유플러스,032640,5,42.38606801309047,-0.16666666666666666,-0.38596491228070173,-0.2543859649122807,0.005183803213312209,0.0038651164309784014,True
2026-03-26,LG유플러스,032640,5,45.676629355240934,0.0,-0.38596491228070173,-0.1543859649122807,0.005596946192450799,0.004732856253967167,True
2026-03-27,LG유플러스,032640,8,79.06103434431787,0.6,0.19148936170212763,0.43659574468085105,0.009788490157087151,0.014062103306521797,True
2026-03-28,LG유플러스,032640,2,12.327970666480054,-0.75,-0.6956521739130435,-0.7282608695652173,0.0014098903170703997,0.0003831223687691305,False
2026-03-30,LG유플러스,032640,11,81.1184433003122,4.5,0.9249999999999999,3.07,0.010046805981350257,0.04089050034409555,True
2026-03-31,LG유플러스,032640,7,52.523006182339145,-0.36363636363636365,0.02083333333333339,-0.2098484848484848,0.006456535856506187,0.0051016415896484495,True
2026-04-01,LG유플러스,032640,8,62.37319440201637,0.14285714285714285,0.27272727272727276,0.19480519480519481,0.007693265910440923,0.00919195407481253,True
2026-04-02,LG유플러스,032640,10,55.69977191969401,0.25,0.5217391304347827,0.3586956521739131,0.0068553913478001036,0.009314390418206663,True
2026-04-03,LG유플러스,032640,10,77.33169335852867,0.0,0.37254901960784315,0.14901960784313725,0.009571364562841734,0.01099768555652011,True
2026-04-04,LG유플러스,032640,1,11.517452896464707,-0.9,-0.875,-0.8900000000000001,0.0013081266082893112,0.00014389392691182407,False
2026-04-06,LG유플러스,032640,5,50.64712556043035,4.0,-0.2857142857142857,2.2857142857142856,0.006221011631895542,0.020440466790513923,True
2026-04-07,LG유플러스,032640,2,36.53194347080599,-0.6,-0.7307692307692307,-0.6523076923076923,0.004448794744493591,0.0015468117111623872,False
2026-04-08,LG유플러스,032640,3,33.6471911004164,0.5,-0.5116279069767442,0.09534883720930229,0.0040866026853110735,0.004476255499491897,True
2026-04-09,LG유플러스,032640,10,83.59714127962272,2.3333333333333335,0.7948717948717949,1.717948717948718,0.010358016307211532,0.028152557142677496,True
2026-04-10,LG유플러스,032640,16,166.8860456718144,0.6,1.7317073170731707,1.0526829268292683,0.0208152673692116,0.042727143946167036,True
2026-04-12,LG유플러스,032640,1,8.69035945432406,-0.9375,-0.851063829787234,-0.9029255319148937,0.0009531738553873255,9.252884500435469e-05,False
2026-04-13,LG유플러스,032640,1,10.753590191106365,0.0,-0.8157894736842105,-0.3263157894736842,0.0012122206272330923,0.000816653896241241,False
2026-04-14,LG유플러스,032640,12,135.89714190669358,11.0,1.2105263157894737,7.084210526315789,0.01692448804905034,0.13682112443863856,True
2026-03-10,삼성생명,032830,6,139.49103728479034,0.0,0.0,0.0,0.017375715815024447,0.017375715815024447,True
2026-03-11,삼성생명,032830,25,362.0118301980373,3.1666666666666665,3.1666666666666665,3.1666666666666665,0.04531408065473892,0.18880866939474547,True
2026-03-12,삼성생명,032830,9,189.8495373312352,-0.64,-0.41935483870967744,-0.551741935483871,0.02369842448713883,0.01062300989268649,True
2026-03-13,삼성생명,032830,6,100.79047463820864,-0.3333333333333333,-0.55,-0.42000000000000004,0.012516707249726193,0.007259690204841192,True
2026-03-14,삼성생명,032830,4,84.31096100293371,-0.3333333333333333,-0.6521739130434783,-0.4608695652173913,0.01044763919412719,0.005632640261181616,True
2026-03-15,삼성생명,032830,2,49.52091258202427,-0.5,-0.8,-0.6200000000000001,0.006079611142233449,0.00231025223404871,False
2026-03-16,삼성생명,032830,17,225.49781179673738,7.5,0.9615384615384617,4.884615384615385,0.028174206210205784,0.1657943673139033,True
2026-03-17,삼성생명,032830,12,210.60051918037163,-0.29411764705882354,0.21739130434782603,-0.08951406649616371,0.026303792255666824,0.02394923284659179,True
2026-03-18,삼성생명,032830,39,474.10445308357583,2.25,2.64,2.4059999999999997,0.05938775239128374,0.20227468464471238,True
2026-03-19,삼성생명,032830,25,298.4127368256797,-0.358974358974359,0.9662921348314608,0.17113223854796897,0.03732896317043836,0.043717152200470163,True
2026-03-20,삼성생명,032830,30,313.6608250684417,0.2,1.0,0.52,0.03924342090203799,0.05964999977109774,True
2026-03-21,삼성생명,032830,4,87.52457809893897,-0.8666666666666667,-0.7829457364341085,-0.8331782945736435,0.010851121519117565,0.001810202597607829,True
2026-03-22,삼성생명,032830,1,8.159055299214529,-0.75,-0.9457364341085271,-0.8282945736434109,0.0008864665192684335,0.0001522111116418279,False
2026-03-23,삼성생명,032830,6,63.11638334987277,5.0,-0.671875,2.73125,0.007786576219550556,0.029053662519198012,True
2026-03-24,삼성생명,032830,5,68.16192051917423,-0.16666666666666666,-0.7008547008547009,-0.3803418803418804,0.008420063348563444,0.005217560621973074,True
2026-03-25,삼성생명,032830,10,179.02518234478174,1.0,-0.3636363636363636,0.45454545454545453,0.022339383946221737,0.03249364937632253,True
2026-03-26,삼성생명,032830,3,75.3791479626334,-0.7,-0.7407407407407407,-0.7162962962962962,0.009326214772916733,0.002645881672612674,True
2026-03-27,삼성생명,032830,5,103.07727167439745,0.6666666666666666,-0.4067796610169492,0.2372881355932203,0.012803823653883216,0.01584201909717754,True
2026-03-29,삼성생명,032830,1,20.990432586778738,-0.8,-0.7941176470588235,-0.7976470588235294,0.002497496640825463,0.0005053757908493879,False
2026-03-30,삼성생명,032830,1,9.804021044733258,0.0,-0.7741935483870968,-0.3096774193548387,0.0010929984686896836,0.0007545215235470719,False
2026-03-31,삼성생명,032830,3,56.57385801084709,2.0,-0.32258064516129037,1.0709677419354837,0.006965136310489839,0.014424572617207988,True
2026-04-01,삼성생명,032830,5,93.82660195123323,0.6666666666666666,0.25,0.5,0.011642365516179101,0.017463548274268652,True
2026-04-02,삼성생명,032830,8,124.98489309062425,0.6,1.0,0.76,0.015554412090513085,0.02737576527930303,True
2026-04-03,삼성생명,032830,2,39.55705717633013,-0.75,-0.46153846153846156,-0.6346153846153846,0.004828609723939148,0.0017642997068239197,False
2026-04-04,삼성생명,032830,1,13.886104031450156,-0.5,-0.72,-0.588,0.0016055201179961862,0.0006614742886144288,False
2026-04-06,삼성생명,032830,2,38.10655083801615,1.0,-0.3333333333333333,0.4666666666666667,0.004646492921497529,0.006814856284863043,False
2026-04-07,삼성생명,032830,8,67.24783375350938,3.0,1.5454545454545456,2.418181818181818,0.008305296143126353,0.028389012271050076,True
2026-04-08,삼성생명,032830,10,134.95396831999045,0.25,1.4137931034482756,0.7155172413793103,0.01680606887829551,0.028831100920524193,True
2026-04-09,삼성생명,032830,14,186.309981367949,0.4,1.722222222222222,0.9288888888888889,0.02325401924941603,0.04485441935220692,True
2026-04-10,삼성생명,032830,2,49.92147248576961,-0.8571428571428571,-0.6888888888888889,-0.7898412698412698,0.0061299030209585135,0.0012882526348808054,False
2026-04-11,삼성생명,032830,1,29.86797440897029,-0.5,-0.8205128205128205,-0.6282051282051282,0.0036121070961500005,0.0013429628947224362,False
2026-04-13,삼성생명,032830,1,12.817111159963204,0.0,-0.8157894736842105,-0.3263157894736842,0.0014713038388626666,0.0009911941651285332,False
2026-04-14,삼성생명,032830,9,113.94018936951377,8.0,0.6578947368421052,5.063157894736842,0.01416770589525322,0.08590103784911426,True
2026-01-06,메리츠금융지주,033180,47,496.5534598839293,0.0,0.0,0.0,0.06220631390217151,0.06220631390217151,True
2026-01-07,메리츠금융지주,033180,66,466.7124722418954,0.40425531914893614,0.40425531914893614,0.40425531914893614,0.05845965998724686,0.08209228849272963,True
2026-01-08,메리츠금융지주,033180,32,253.36431984468214,-0.5151515151515151,-0.4336283185840708,-0.4825422365245374,0.031672956409949354,0.01638941718654821,True
2026-01-09,메리츠금융지주,033180,30,264.69292748179697,-0.0625,-0.37931034482758624,-0.18922413793103451,0.033095307863708026,0.026832876763635688,True
2026-01-10,메리츠금융지주,033180,4,66.31931921535381,-0.8666666666666667,-0.9085714285714286,-0.8834285714285715,0.008188717473841802,0.0009545704940935585,True
2026-01-11,메리츠금융지주,033180,4,69.40708867517904,0.0,-0.888268156424581,-0.3553072625698324,0.008576399130823665,0.005529142232944419,True
2026-01-12,메리츠금융지주,033180,32,293.23780759685604,7.0,0.04918032786885246,4.219672131147541,0.03667923035706058,0.19145355648669,True
2026-01-13,메리츠금융지주,033180,19,205.16154008670392,-0.40625,-0.3813953488372093,-0.39630813953488375,0.025620906938366564,0.015467132976426117,True
2026-01-14,메리츠금융지주,033180,30,264.3508068830798,0.5789473684210527,0.12299465240641708,0.39656628201519845,0.033052353270651785,0.04615980211904705,True
2026-01-15,메리츠금융지주,033180,2,8.496173824192162,-0.9333333333333333,-0.9072847682119205,-0.9229139072847682,0.0009287930822010197,7.159702964781373e-05,False
2026-04-14,두산에너빌리티,034020,274,3196.5474166911476,0.0,0.0,0.0,0.40120122418776094,0.40120122418776094,True
2026-04-15,두산에너빌리티,034020,4,32.646789060650974,-0.9854014598540146,-0.9854014598540146,-0.9854014598540146,0.003960998256136413,5.7824792060385515e-05,True
2026-04-01,SK,034730,48,594.725663375453,0.0,0.0,0.0,0.07453222197735165,0.07453222197735165,True
2026-04-02,SK,034730,37,379.8121486110929,-0.22916666666666666,-0.22916666666666666,-0.22916666666666666,0.047548980969339724,0.03665233949719937,True
2026-04-03,SK,034730,16,255.618298779942,-0.5675675675675675,-0.6235294117647059,-0.5899523052464228,0.03195595237185424,0.013103464603733937,True
2026-04-04,SK,034730,1,59.322510433997394,-0.9375,-0.9702970297029703,-0.9506188118811881,0.007310240483498414,0.0003609883605093894,False
2026-04-05,SK,034730,1,27.3261494731551,0.0,-0.9607843137254902,-0.3843137254901961,0.003292970931453811,0.0020274370048558757,False
2026-04-06,SK,034730,14,240.11840440701803,13.0,-0.32038834951456313,7.671844660194175,0.030009879385602498,0.26024101230310825,True
2026-04-07,SK,034730,15,353.3405072162864,0.07142857142857142,-0.23076923076923078,-0.04945054945054946,0.04422536178970411,0.04203839334955391,True
2026-04-08,SK,034730,25,497.16837612771303,0.6666666666666666,0.32575757575757575,0.5303030303030303,0.06228351906641607,0.09531265796527308,True
2026-04-09,SK,034730,15,355.67310267509146,-0.4,-0.036697247706422,-0.2546788990825688,0.04451822836679277,0.0331803749772316,True
2026-04-10,SK,034730,36,743.7307772250008,1.4,1.8965517241379308,1.5986206896551725,0.0932404028138942,0.24229643986396784,True
2026-04-11,SK,034730,5,122.91644362508166,-0.8611111111111112,-0.6728971962616822,-0.7858255451713396,0.01529471008664969,0.0032757361945706105,True
2026-04-12,SK,034730,2,42.63990971657739,-0.6,-0.8738738738738738,-0.7095495495495495,0.005215674042238821,0.0015148948749709875,False
2026-04-13,SK,034730,19,306.23598339916805,8.5,0.1875,5.175,0.03831120269124744,0.2365716766184529,True
2026-04-14,SK,034730,32,569.3054589199018,0.6842105263157895,0.9145299145299144,0.7763382816014395,0.07134061486018572,0.12672506520913243,True
2026-04-15,SK,034730,1,2.6390573296152584,-0.96875,-0.9477611940298507,-0.9603544776119403,0.00019340896194940831,7.667799331016661e-06,False
2026-04-14,NAVER,035420,264,2369.497466194755,0.0,0.0,0.0,0.29736183482047424,0.29736183482047424,True
2026-04-15,NAVER,035420,6,38.553986590576365,-0.9772727272727273,-0.9772727272727273,-0.9772727272727273,0.004702670248270911,0.00010687886927888424,True
2026-04-11,카카오,035720,2,38.65951563113528,0.0,0.0,0.0,0.004715919836310395,0.004715919836310395,False
2026-04-12,카카오,035720,18,247.32403892988137,8.0,8.0,8.0,0.03091457527296563,0.2782311774566907,True
2026-04-13,카카오,035720,96,1218.2681830387164,4.333333333333333,8.6,6.039999999999999,0.15282044924525842,1.075855962686619,True
2026-04-14,카카오,035720,161,1532.2291317181569,0.6770833333333334,3.1637931034482762,1.6717672413793105,0.19223948696659532,0.5136191637769143,True
2026-04-12,엔씨소프트,036570,27,160.64503202736796,0.0,0.0,0.0,0.020031683444826795,0.020031683444826795,True
2026-04-13,엔씨소프트,036570,104,891.3907322431397,2.8518518518518516,2.8518518518518516,2.8518518518518516,0.11177969364376705,0.4305588199611768,True
2026-04-14,엔씨소프트,036570,138,1171.9310057194953,0.3269230769230769,1.1068702290076335,0.6389019377568996,0.1470026335317774,0.24092290095059737,True
2026-04-11,한화오션,042660,1,22.9427993751267,0.0,0.0,0.0,0.0027426240058671314,0.0027426240058671314,False
2026-04-12,한화오션,042660,35,824.7409811832664,34.0,34.0,34.0,0.10341155403214501,3.6194043911250753,True
2026-04-13,한화오션,042660,95,1576.0989537199987,1.7142857142857142,4.277777777777778,2.7396825396825397,0.197747516470241,0.7395129346093458,True
2026-04-14,한화오션,042660,153,2076.9466218321363,0.6105263157894737,2.50381679389313,1.3678425070309361,0.26063092029800133,0.6171329717281995,True
2026-04-14,한미반도체,042700,268,5004.523218230035,0.0,0.0,0.0,0.628199730275511,0.628199730275511,True
2026-04-13,포스코인터내셔널,047050,82,830.7122441293878,0.0,0.0,0.0,0.10416126969043699,0.10416126969043699,True
2026-04-14,포스코인터내셔널,047050,186,1835.1227959902435,1.2682926829268293,1.2682926829268293,1.2682926829268293,0.2302689833982871,0.5223174501473342,True
2026-04-10,한국항공우주,047810,43,855.4057404770294,0.0,0.0,0.0,0.10726163573307254,0.10726163573307254,True
2026-04-11,한국항공우주,047810,24,566.1158176407519,-0.4418604651162791,-0.4418604651162791,-0.4418604651162791,0.07094014279374182,0.039594498303483806,True
2026-04-12,한국항공우주,047810,33,1118.3744874241763,0.375,-0.014925373134328358,0.21902985074626863,0.1402784010315687,0.1710035582724384,True
2026-04-13,한국항공우주,047810,110,1927.6780525077047,2.3333333333333335,2.2999999999999994,2.32,0.2418896615855445,0.8030736764640077,True
2026-04-14,한국항공우주,047810,65,1139.3402213449822,-0.4090909090909091,0.23809523809523808,-0.15021645021645022,0.1429107317712862,0.1214431889467683,True
2026-04-15,한국항공우주,047810,1,5.433987204485146,-0.9846153846153847,-0.9818181818181818,-0.9834965034965035,0.0005443234518864245,8.983240184978738e-06,False
2026-04-06,LG화학,051910,6,120.28102925941404,0.0,0.0,0.0,0.014963823399217509,0.014963823399217509,True
2026-04-07,LG화학,051910,27,334.077778956805,3.5,3.5,3.5,0.041806850140181616,0.18813082563081726,True
2026-04-08,LG화학,051910,45,582.8760706612713,0.6666666666666666,1.7272727272727273,1.0909090909090908,0.07304445878849812,0.15272932292140515,True
2026-04-09,LG화학,051910,51,673.1353072619313,0.13333333333333333,0.9615384615384616,0.46461538461538465,0.08437686260249347,0.12357965107319044,True
2026-04-10,LG화학,051910,36,340.57497518071165,-0.29411764705882354,0.11627906976744186,-0.12995896032831739,0.04262259879972144,0.03708341017321865,True
2026-04-11,LG화학,051910,14,158.2679331321962,-0.6111111111111112,-0.5757575757575758,-0.596969696969697,0.019733229285447258,0.007953089378680257,True
2026-04-12,LG화학,051910,7,141.5565982572333,-0.5,-0.7653631284916201,-0.6061452513966481,0.01763505515716532,0.006945650215531591,True
2026-04-13,LG화학,051910,45,454.51260272261493,5.428571428571429,0.6935483870967741,3.5345622119815667,0.05692791816139667,0.25814318650144846,True
2026-04-14,LG화학,051910,41,327.00782052071435,-0.08888888888888889,0.27555555555555544,0.05688888888888884,0.040919188921635964,0.043247036113622364,True
2026-03-03,신한지주,055550,5,38.94517088587789,0.0,0.0,0.0,0.004751784982308199,0.004751784982308199,True
2026-03-04,신한지주,055550,10,73.5492019368576,1.0,1.0,1.0,0.009096457818360843,0.018192915636721686,True
2026-03-05,신한지주,055550,21,117.2049884359497,1.1,1.8,1.3800000000000001,0.014577614318876388,0.0346947220789258,True
2026-03-06,신한지주,055550,16,124.5635505718016,-0.23809523809523808,0.3333333333333333,-0.009523809523809518,0.015501510872342696,0.015353877435463242,True
2026-03-09,신한지주,055550,5,37.42170716584138,-0.6875,-0.6153846153846154,-0.6586538461538461,0.0045605080923007,0.0015567118968911043,True
2026-03-10,신한지주,055550,7,56.37427963096434,0.4,-0.3859649122807018,0.08561403508771925,0.006940078456262898,0.007534246576728914,True
2026-03-11,신한지주,055550,7,41.0742911697055,0.0,-0.34374999999999994,-0.13749999999999998,0.0050191044471476175,0.00432897758566482,True
2026-03-12,신한지주,055550,3,23.238846336219048,-0.5714285714285714,-0.704225352112676,-0.6245472837022132,0.002779793871659904,0.0010436811598626523,True
2026-03-13,신한지주,055550,5,34.541706697295076,0.6666666666666666,-0.4927536231884058,0.20289855072463764,0.0041989126531717155,0.0050508659451196,True
2026-03-16,신한지주,055550,13,88.04111304506584,1.6,0.42187500000000006,1.12875,0.01091597452268825,0.023237380765172615,True
2026-03-17,신한지주,055550,12,86.44048322279241,-0.07692307692307693,0.5,0.15384615384615385,0.010715009123623559,0.01236347206571949,True
2026-03-18,신한지주,055550,9,63.682263131862,-0.25,0.2115384615384615,-0.06538461538461539,0.007857624662249558,0.0073438568958717025,True
2026-03-19,신한지주,055550,4,23.192765185821674,-0.5555555555555556,-0.5,-0.5333333333333333,0.0027740082011381497,0.0012945371605311365,True
2026-03-20,신한지주,055550,3,42.00618411808127,-0.25,-0.6037735849056604,-0.3915094339622641,0.0051361072891850795,0.00312527283162677,True
2026-03-22,신한지주,055550,2,17.04424899524437,-0.3333333333333333,-0.7142857142857143,-0.48571428571428577,0.0020020376975896977,0.0010296193873318444,False
2026-03-23,신한지주,055550,8,40.521974742833336,3.0,0.16666666666666674,1.8666666666666665,0.004949758937279072,0.014189308953533339,True
2026-03-24,신한지주,055550,7,49.36664508287714,-0.125,-0.03921568627450979,-0.09068627450980392,0.006060242248128514,0.00551066145601882,True
2026-03-25,신한지주,055550,8,56.53884689480878,0.14285714285714285,0.2444444444444444,0.18349206349206348,0.006960740526525033,0.008237981169169942,True
2026-03-26,신한지주,055550,3,14.494577756488557,-0.625,-0.4878048780487805,-0.5701219512195121,0.0016819163985546982,0.000723018939622599,True
2026-03-27,신한지주,055550,5,38.84318040106283,0.6666666666666666,0.0,0.39999999999999997,0.004738979673924935,0.0066345715434949085,True
2026-03-30,신한지주,055550,8,54.8362216932347,0.6,0.5555555555555555,0.5822222222222222,0.006746969204555071,0.010675204608096024,True
2026-03-31,신한지주,055550,8,54.87233551757383,0.0,0.36585365853658547,0.1463414634146342,0.00675150343790439,0.007739528331256252,True
2026-04-01,신한지주,055550,12,93.84905168445279,0.5,0.7872340425531914,0.6148936170212767,0.01164518416889479,0.018805733583385418,True
2026-04-02,신한지주,055550,4,30.45250707019853,-0.6666666666666666,-0.45098039215686275,-0.580392156862745,0.0036854974815441893,0.0015464636491185424,True
2026-04-03,신한지주,055550,6,42.88330225213281,0.5,-0.12499999999999994,0.25,0.005246232936841814,0.006557791171052268,True
2026-04-05,신한지주,055550,1,8.787491742782045,-0.8333333333333334,-0.8478260869565217,-0.8391304347826087,0.0009653691980208274,0.0001552985231598722,False
2026-04-06,신한지주,055550,6,57.42024882356574,5.0,-0.045454545454545435,2.981818181818182,0.007071404021534421,0.02815704510392797,True
2026-04-07,신한지주,055550,5,40.48978781850814,-0.16666666666666666,-0.22222222222222227,-0.18888888888888888,0.004945717741743624,0.004011526612747606,True
2026-04-08,신한지주,055550,10,73.74131758326396,1.0,0.6666666666666666,0.8666666666666667,0.00912057869691088,0.017025080234233644,True
2026-04-09,신한지주,055550,1,4.127134385045092,-0.9,-0.8409090909090909,-0.8763636363636365,0.0003802429163853658,4.7011851480372465e-05,False
2026-04-10,신한지주,055550,5,29.435149961036707,4.0,0.06060606060606058,2.4242424242424243,0.0035577642764089666,0.012182647370733735,True
2026-04-11,신한지주,055550,3,21.53922509202671,-0.4,-0.38235294117647056,-0.39294117647058824,0.0025663997084093377,0.001557955587693198,True
2026-04-13,신한지주,055550,2,9.515344571180435,-0.3333333333333333,-0.5483870967741936,-0.41935483870967744,0.0010567539967319315,0.0006135990948766053,False
2026-04-14,신한지주,055550,9,44.58193959470216,3.5,0.9687500000000001,2.4875000000000003,0.0054595035673557345,0.019040018691153127,True
2026-04-13,현대로템,064350,60,1087.8080108184495,0.0,0.0,0.0,0.1364406591104875,0.1364406591104875,True
2026-04-14,현대로템,064350,204,2506.654006695114,2.4,2.4,2.4,0.3145823804534661,1.0695800935417847,True
2026-04-15,현대로템,064350,1,5.912023005428146,-0.9950980392156863,-0.9924242424242424,-0.9940285204991087,0.0006043427356501558,3.60882025744746e-06,False
2026-04-11,LG전자,066570,25,578.8714567801909,0.0,0.0,0.0,0.07254166369152294,0.07254166369152294,True
2026-04-12,LG전자,066570,21,371.22114862308814,-0.16,-0.16,-0.16,0.04647034697356552,0.03903509145779504,True
2026-04-13,LG전자,066570,83,1000.9511376620924,2.9523809523809526,2.608695652173913,2.8149068322981368,0.12553543547134127,0.4789059904751417,True
2026-04-14,LG전자,066570,134,1693.9011267034114,0.6144578313253012,2.116279069767442,1.2151863267021576,0.21253804478282373,0.470811370706922,True
2026-04-15,LG전자,066570,1,2.3978952727983707,-0.9925373134328358,-0.9847908745247148,-0.9894387378695875,0.00016313011276575948,1.7228598822829412e-06,False
2026-04-14,셀트리온,068270,258,2135.5380269431434,0.0,0.0,0.0,0.26798730273324195,0.26798730273324195,True
2026-04-15,셀트리온,068270,5,17.53049493059153,-0.9806201550387597,-0.9806201550387597,-0.9806201550387597,0.002063087796170163,3.998232163120478e-05,True
2026-02-03,휴젤,069260,7,48.851844349666045,0.0,0.0,0.0,0.005995606981842133,0.005995606981842133,True
2026-02-04,휴젤,069260,7,46.915851489956864,0.0,0.0,0.0,0.0057525354282425365,0.0057525354282425365,True
2026-02-05,휴젤,069260,1,9.948759890378168,-0.8571428571428571,-0.8571428571428571,-0.8571428571428571,0.001111171002695003,0.0001587387146707148,False
2026-02-06,휴젤,069260,3,22.80745196686919,2.0,-0.4,1.04,0.0027256306039360034,0.005560286432029447,True
2026-02-09,휴젤,069260,8,54.23448074938804,1.6666666666666667,0.7777777777777778,1.3111111111111111,0.006671418251279723,0.015418388847402025,True
2026-02-10,휴젤,069260,6,49.144885076455665,-0.25,0.1538461538461538,-0.08846153846153848,0.006032399403039084,0.00549876407123178,True
2026-02-11,휴젤,069260,18,187.98395774051411,2.0,2.3750000000000004,2.1500000000000004,0.023464193597698257,0.07391220983274951,True
2026-02-12,휴젤,069260,26,250.25456439929,0.4444444444444444,2.64,1.3226666666666667,0.031282514325602084,0.07265885327359844,True
2026-02-13,휴젤,069260,3,30.280451207111398,-0.8846153846153846,-0.6956521739130435,-0.8090301003344482,0.003663895188055984,0.0006996936964481492,True
2026-02-14,휴젤,069260,2,25.824686220762864,-0.3333333333333333,-0.7846153846153846,-0.5138461538461538,0.0031044562870937544,0.0015092433641871175,False
2026-02-19,휴젤,069260,3,27.57292009914892,0.5,-0.6818181818181819,0.027272727272727226,0.0033239539586598483,0.0034146072484414806,True
2026-02-20,휴젤,069260,5,54.01856449977174,0.6666666666666666,-0.4696969696969697,0.21212121212121207,0.00664430911294875,0.008053708015695455,True
2026-02-23,휴젤,069260,2,25.26539956542868,-0.6,-0.7777777777777778,-0.6711111111111111,0.003034235637498991,0.0009979263874441125,False
2026-02-24,휴젤,069260,3,25.170326374796677,0.5,-0.6440677966101696,0.042372881355932146,0.0030222988227340524,0.0031503623321719357,True
2026-02-25,휴젤,069260,6,57.58729100923777,1.0,-0.045454545454545435,0.5818181818181818,0.007092376828011646,0.011218850618854786,True
2026-02-26,휴젤,069260,18,153.54155349671746,2.0,4.25,2.9000000000000004,0.019139813645954715,0.0746452732192234,True
2026-02-27,휴젤,069260,8,67.82220402474252,-0.5555555555555556,0.43589743589743596,-0.1589743589743589,0.008377410600300039,0.007045617120252342,True
2026-02-28,휴젤,069260,2,23.2922912626048,-0.75,-0.6888888888888889,-0.7255555555555555,0.002786504093354912,0.0007647405678429593,False
2026-03-01,휴젤,069260,3,31.615714273974994,0.5,-0.5227272727272727,0.09090909090909088,0.003831542742383975,0.004179864809873427,True
2026-03-03,휴젤,069260,1,9.820281565605036,-0.6666666666666666,-0.8333333333333334,-0.7333333333333334,0.0010950400413384772,0.0002920106776902605,False
2026-03-04,휴젤,069260,3,22.195903981643415,2.0,-0.4878048780487805,1.0048780487804878,0.0026488483378630475,0.005310617887130305,True
2026-03-05,휴젤,069260,3,21.743370112207504,0.0,-0.4878048780487805,-0.1951219512195122,0.0025920309223707466,0.0020862687911764547,True
2026-03-06,휴젤,069260,2,23.824823061352447,-0.3333333333333333,-0.631578947368421,-0.4526315789473684,0.002853365564983595,0.0015618422039910206,False
2026-03-08,휴젤,069260,1,7.356708826689592,-0.5,-0.6818181818181818,-0.5727272727272728,0.0007857287491760945,0.0003357204655570585,False
2026-03-09,휴젤,069260,7,71.07965607637873,6.0,2.266666666666667,4.506666666666667,0.008786396577183421,0.04838375715169004,True
2026-03-10,휴젤,069260,6,51.982980651966734,-0.14285714285714285,1.0999999999999999,0.35428571428571426,0.006388733517260584,0.008652170534804333,True
2026-03-11,휴젤,069260,6,49.663407898419656,0.0,0.8260869565217392,0.33043478260869574,0.0060975019922761995,0.008112328737550075,True
2026-03-12,휴젤,069260,3,22.90851716411155,-0.5,-0.25,-0.4,0.002738319738808247,0.0016429918432849483,True
2026-03-13,휴젤,069260,1,11.627621113690637,-0.6666666666666666,-0.75,-0.7,0.0013219586632910157,0.00039658759898730475,False
2026-03-14,휴젤,069260,1,13.869296913133773,0.0,-0.7307692307692307,-0.2923076923076923,0.0016034099178783465,0.0011347208649600605,False
2026-03-15,휴젤,069260,1,10.762173934797756,0.0,-0.72,-0.288,0.0012132983501721532,0.000863868425322573,False
2026-03-16,휴젤,069260,2,17.604744532724922,1.0,-0.44,0.42399999999999993,0.002072410127114827,0.002951112021011514,False
2026-03-17,휴젤,069260,7,53.46402057215239,2.5,1.4499999999999997,2.08,0.006574683931559441,0.02025002650920308,True
2026-03-18,휴젤,069260,10,66.99375963002666,0.42857142857142855,2.3333333333333335,1.1904761904761907,0.008273396132950861,0.01812267724360665,True
2026-03-19,휴젤,069260,3,25.32794848127654,-0.7,-0.16000000000000003,-0.484,0.003042088901045321,0.0015697178729393857,True
2026-03-20,휴젤,069260,8,61.24229778385314,1.6666666666666667,1.24,1.496,0.007551277371299947,0.018847988318764667,True
2026-03-21,휴젤,069260,1,11.46383180502561,-0.875,-0.78125,-0.8375,0.0013013942683757407,0.00021147656861105783,False
2026-03-22,휴젤,069260,1,12.028278520230698,0.0,-0.78125,-0.3125,0.0013722627838772391,0.0009434306639156018,False
2026-03-23,휴젤,069260,1,11.82304589548302,0.0,-0.78125,-0.3125,0.0013464950168647952,0.0009257153240945467,False
2026-03-25,휴젤,069260,4,31.213638272444648,3.0,-0.09677419354838715,1.7612903225806449,0.0037810605115911524,0.010440605799748471,True
2026-03-26,휴젤,069260,6,38.43910928134177,0.5,0.5,0.5,0.004688246948159572,0.007032370422239358,True
2026-03-27,휴젤,069260,11,105.32730675999828,0.8333333333333334,2.2083333333333335,1.3833333333333333,0.013086324449879309,0.03118907327221235,True
2026-03-30,휴젤,069260,3,28.185935181421442,-0.7272727272727273,-0.34374999999999994,-0.5738636363636364,0.0034009204245642475,0.0014492558627404463,True
2026-03-31,휴젤,069260,2,15.451053388911692,-0.3333333333333333,-0.4814814814814815,-0.3925925925925926,0.0018020056937126223,0.0010945516065513706,False
2026-04-01,휴젤,069260,12,84.55200865172723,5.0,2.0,3.8,0.010477903678931422,0.05029393765887082,True
2026-04-02,휴젤,069260,4,35.43392497070189,-0.6666666666666666,-0.282051282051282,-0.5128205128205128,0.004310934182992607,0.00210019870453486,True
2026-04-03,휴젤,069260,6,48.546080034231785,0.5,0.0,0.3,0.005957217063813672,0.007744382182957774,True
2026-04-04,휴젤,069260,1,6.836281906951478,-0.8333333333333334,-0.8409090909090909,-0.8363636363636364,0.0007203870929394083,0.00011788152429917586,False
2026-04-05,휴젤,069260,1,7.624972813284271,0.0,-0.8205128205128205,-0.3282051282051282,0.000819410352736443,0.0005504756728639694,False
2026-04-06,휴젤,069260,6,44.229933377587884,5.0,0.44827586206896536,3.179310344827586,0.005415307795846774,0.022632251891607898,True
2026-04-07,휴젤,069260,2,15.267192185932146,-0.6666666666666666,-0.5625,-0.625,0.0017789211931522003,0.0006670954474320752,False
2026-04-08,휴젤,069260,12,122.50182314289812,5.0,1.6250000000000002,3.6500000000000004,0.015242652846741426,0.07087833573734764,True
2026-04-09,휴젤,069260,5,67.62186452797111,-0.5833333333333334,0.09375000000000006,-0.3125,0.00835225718484018,0.005742176814577624,True
2026-04-10,휴젤,069260,2,27.73882849879925,-0.6,-0.5757575757575758,-0.5903030303030303,0.003344784413821902,0.0013703480386324882,False
2026-03-11,GS,078930,4,42.443747059228095,0.0,0.0,0.0,0.005191045045473161,0.005191045045473161,True
2026-03-12,GS,078930,21,163.77715178130114,4.25,4.25,4.25,0.020424933456483805,0.10723090064653998,True
2026-03-13,GS,078930,31,320.62039897828674,0.47619047619047616,1.48,0.8777142857142857,0.040117222907129775,0.07532868255590197,True
2026-03-14,GS,078930,7,63.57113760264619,-0.7741935483870968,-0.625,-0.714516129032258,0.00784367241294471,0.002239241963050345,True
2026-03-15,GS,078930,4,49.56778214204921,-0.42857142857142855,-0.746031746031746,-0.5555555555555556,0.006085495800699339,0.002704664800310817,True
2026-03-16,GS,078930,15,173.15648997625723,2.75,0.11940298507462684,1.6977611940298507,0.021602546429254015,0.0582785114490696,True
2026-03-17,GS,078930,15,182.1232094064431,0.0,0.09756097560975614,0.03902439024390246,0.02272835348564697,0.02361531362167222,True
2026-03-18,GS,078930,8,102.28602132219132,-0.4666666666666667,-0.422680412371134,-0.4490721649484536,0.012704479045543149,0.0069992511360188235,True
2026-03-19,GS,078930,15,123.28001305624724,0.875,0.039603960396039584,0.5408415841584159,0.015340357665374756,0.023637061006672736,True
2026-03-20,GS,078930,11,117.29464539400003,-0.26666666666666666,-0.1894736842105263,-0.23578947368421052,0.01458887110423849,0.011148968864923309,True
2026-03-21,GS,078930,3,31.241870831137476,-0.7272727272727273,-0.72,-0.7243636363636363,0.0037846052208958076,0.0010431748208869173,True
2026-03-22,GS,078930,1,11.616771097666572,-0.6666666666666666,-0.9014084507042254,-0.7605633802816901,0.001320596400905427,0.0003161991382449614,False
2026-03-23,GS,078930,17,146.8636421713438,16.0,0.7500000000000001,9.9,0.018301375491331172,0.19948499285550977,True
2026-03-24,GS,078930,10,110.42860968272164,-0.4117647058823529,0.0,-0.24705882352941175,0.013726813189592327,0.010335482872163635,True
2026-03-25,GS,078930,7,75.90781751823658,-0.3,-0.24615384615384622,-0.2784615384615385,0.009392591324657001,0.0067771158942525125,True
2026-03-26,GS,078930,7,91.83726087147393,0.0,-0.23437499999999994,-0.09374999999999999,0.011392595882747068,0.01032454001873953,True
2026-03-27,GS,078930,6,64.96950476975418,-0.14285714285714285,-0.25,-0.18571428571428572,0.008019242936413824,0.0065299549625083995,True
2026-03-28,GS,078930,3,35.29871809841654,-0.5,-0.5882352941176471,-0.5352941176470588,0.004293958425908111,0.0019954277390984753,True
2026-03-29,GS,078930,1,9.356586274672011,-0.6666666666666666,-0.8627450980392157,-0.7450980392156863,0.0010368212652729295,0.0002642877735009428,False
2026-03-30,GS,078930,6,47.52633138196637,5.0,-0.1764705882352941,2.929411764705882,0.005829183590991626,0.022905262581072977,True
2026-03-31,GS,078930,4,36.26870150869553,-0.3333333333333333,-0.3,-0.31999999999999995,0.004415743675951733,0.0030027056996471783,True
2026-04-01,GS,078930,9,66.0076070007848,1.25,0.8529411764705884,1.0911764705882354,0.008149580773573889,0.017042211558855987,True
2026-04-02,GS,078930,15,176.6236968269857,0.6666666666666666,1.9166666666666665,1.1666666666666665,0.022037867950008144,0.04774871389168431,True
2026-04-03,GS,078930,5,51.81526319784548,-0.6666666666666666,-0.20454545454545453,-0.4818181818181818,0.0063676759281612386,0.0032996138900471873,True
2026-04-04,GS,078930,4,38.16372412126757,-0.2,-0.34883720930232565,-0.25953488372093025,0.0046536712531296,0.003445881225573173,True
2026-04-05,GS,078930,4,34.74242211983008,0.0,-0.36363636363636365,-0.14545454545454548,0.004224113267596663,0.0036096967923098756,True
2026-04-06,GS,078930,7,91.38158821143804,0.75,0.04255319148936168,0.4670212765957446,0.01133538437969203,0.016629250063399267,True
2026-04-07,GS,078930,7,59.51746832048808,0.0,0.02083333333333339,0.008333333333333358,0.0073347182165221314,0.007395840868326483,True
2026-04-08,GS,078930,9,106.76952724376156,0.2857142857142857,0.23529411764705885,0.26554621848739496,0.013267400930540588,0.016790509076801786,True
2026-04-09,GS,078930,7,106.58945504981143,-0.2222222222222222,-0.03921568627450979,-0.14901960784313725,0.013244792155036053,0.01127105842212872,True
2026-04-10,GS,078930,5,74.38909285282732,-0.2857142857142857,-0.18604651162790703,-0.24584717607973422,0.009201909441684296,0.0069396459909047675,True
2026-04-11,GS,078930,1,9.572154032177764,-0.8,-0.8372093023255814,-0.8148837209302326,0.0010638866490423594,0.00019694273782272503,False
2026-04-12,GS,078930,2,18.56717530311628,1.0,-0.65,0.33999999999999997,0.00219324711337635,0.0029389511319243087,False
2026-04-13,GS,078930,6,70.2472575898637,2.0,0.1052631578947368,1.2421052631578946,0.008681885657984289,0.019465701527901613,True
2026-04-14,GS,078930,3,26.66151986533838,-0.5,-0.4324324324324324,-0.47297297297297297,0.003209524057912878,0.0016915059224135436,True
2026-03-16,현대글로비스,086280,20,207.4389177205998,0.0,0.0,0.0,0.025906840699345002,0.025906840699345002,True
2026-03-17,현대글로비스,086280,11,102.5107593487662,-0.45,-0.45,-0.45000000000000007,0.012732695792830465,0.007002982686056755,True
2026-03-18,현대글로비스,086280,7,106.56511968198342,-0.36363636363636365,-0.5483870967741935,-0.43753665689149557,0.0132417367534442,0.007447991522904978,True
2026-03-19,현대글로비스,086280,9,114.5654511774464,0.2857142857142857,-0.28947368421052627,0.05563909774436089,0.014246209985957103,0.01503885625585246,True
2026-03-20,현대글로비스,086280,6,85.70481333503639,-0.3333333333333333,-0.48936170212765956,-0.39574468085106385,0.010622642862221046,0.006418788452916547,True
2026-03-22,현대글로비스,086280,1,22.282266746896006,-0.8333333333333334,-0.9056603773584906,-0.8622641509433963,0.002659691524302412,0.00036633487032844533,False
2026-03-23,현대글로비스,086280,13,135.8931815507475,12.0,0.4444444444444444,7.377777777777777,0.01692399081071199,0.1417854341252982,True
2026-03-24,현대글로비스,086280,14,165.7436482893059,0.07692307692307693,0.46268656716417916,0.23122847301951782,0.020671834863661878,0.025451751673698047,True
2026-03-25,현대글로비스,086280,9,94.96491914809566,-0.35714285714285715,0.03278688524590173,-0.2011709601873536,0.01178528573829813,0.009414428490242372,True
2026-03-26,현대글로비스,086280,8,82.75124788715075,-0.1111111111111111,-0.050847457627118675,-0.08700564971751414,0.010251811049244474,0.009359845568123769,True
2026-03-27,현대글로비스,086280,5,75.99226326756644,-0.375,-0.41666666666666663,-0.3916666666666666,0.00940319382217219,0.005720276241821416,True
2026-03-29,현대글로비스,086280,2,28.929027137066598,-0.6,-0.75,-0.66,0.0034942185559184943,0.001188034309012288,False
2026-03-30,현대글로비스,086280,21,191.10220077637894,9.5,1.8269230769230769,6.430769230769231,0.023855701332568025,0.17726621144046703,True
2026-03-31,현대글로비스,086280,8,54.66612251235992,-0.6190476190476191,-0.2222222222222223,-0.46031746031746035,0.006725612580250443,0.0036296956782303977,True
2026-04-01,현대글로비스,086280,21,189.61414841974909,1.625,1.1940298507462688,1.4526119402985076,0.023668870479164005,0.058050554350576496,True
2026-04-02,현대글로비스,086280,15,97.92211913687376,-0.2857142857142857,0.41891891891891897,-0.0038610038610037978,0.012156573882245615,0.012109637303549687,True
2026-04-03,현대글로비스,086280,24,233.3419094131371,0.6,1.0999999999999999,0.7999999999999999,0.029159063661845144,0.052486314591321255,True
2026-04-04,현대글로비스,086280,2,30.617465644244152,-0.9166666666666666,-0.8541666666666666,-0.8916666666666666,0.003706208682348343,0.0004015059405877374,False
2026-04-05,현대글로비스,086280,3,48.3507217408732,0.5,-0.7741935483870968,-0.009677419354838734,0.005932689058125484,0.005875275938208141,True
2026-04-06,현대글로비스,086280,7,84.00973511053093,1.3333333333333333,-0.4787234042553192,0.6085106382978722,0.010409819093043877,0.016744304753917385,True
2026-04-07,현대글로비스,086280,14,132.91579471898115,1.0,0.22499999999999998,0.69,0.016550168128859153,0.02796978413777197,True
2026-04-08,현대글로비스,086280,12,141.35959404770338,-0.14285714285714285,-0.023255813953488434,-0.09501661129568108,0.017610320500197993,0.015937047522438318,True
2026-04-09,현대글로비스,086280,13,112.63528036635307,0.08333333333333333,0.18181818181818182,0.12272727272727274,0.014003869413567013,0.015722526114322965,True
2026-04-10,현대글로비스,086280,10,152.62170393151482,-0.23076923076923078,-0.0666666666666666,-0.1651282051282051,0.01902432289826399,0.015882870604294243,True
2026-04-11,현대글로비스,086280,1,12.795790545596741,-0.9,-0.8852459016393442,-0.8940983606557378,0.0014686269514806892,0.00015553000174697124,False
2026-04-12,현대글로비스,086280,2,21.850617819561258,1.0,-0.7666666666666666,0.29333333333333333,0.002605496295817624,0.0033697752092574605,False
2026-04-13,현대글로비스,086280,13,145.7903459764877,5.5,0.5423728813559322,3.516949152542373,0.018166618912944105,0.08205769390338312,True
2026-04-14,현대글로비스,086280,11,110.03861184518202,-0.15384615384615385,0.18461538461538451,-0.0184615384615385,0.013677847420015325,0.013425333313799656,True
2026-04-14,에코프로,086520,256,2556.090633028115,0.0,0.0,0.0,0.3207893442380797,0.3207893442380797,True
2026-04-15,에코프로,086520,2,11.857933154483458,-0.9921875,-0.9921875,-0.9921875,0.0013508752500890756,1.0553712891320903e-05,False
2026-04-08,아모레퍼시픽,090430,4,43.758474765979614,0.0,0.0,0.0,0.005356114304193739,0.005356114304193739,True
2026-04-09,아모레퍼시픽,090430,86,738.0648568961241,20.5,20.5,20.5,0.09252902412775664,1.9893740187467677,True
2026-04-10,아모레퍼시픽,090430,33,327.8679236717376,-0.6162790697674418,-0.26666666666666666,-0.4764341085271318,0.04102717827093891,0.02148043116604042,True
2026-04-11,아모레퍼시픽,090430,4,57.04129205878459,-0.8787878787878788,-0.9024390243902439,-0.8882483370288248,0.007023824502270973,0.0007849240685464683,True
2026-04-12,아모레퍼시픽,090430,3,27.889155082188104,-0.25,-0.905511811023622,-0.5122047244094489,0.003363658510380883,0.0016407767300637454,True
2026-04-13,아모레퍼시픽,090430,43,411.2205837303702,13.333333333333334,0.6538461538461539,8.261538461538462,0.05149243410879073,0.47689915897680035,True
2026-04-14,아모레퍼시픽,090430,88,578.6868538769097,1.0465116279069768,2.0520231213872835,1.4487162252990995,0.07251848606755881,0.17757719346775797,True
2026-04-09,SK이노베이션,096770,1,27.075173815233825,0.0,0.0,0.0,0.003261459945873126,0.003261459945873126,False
2026-04-10,SK이노베이션,096770,80,639.790268792336,79.0,79.0,79.0,0.08019026125993457,6.415220900794766,True
2026-04-11,SK이노베이션,096770,10,221.3865052253351,-0.875,-0.7530864197530864,-0.8262345679012346,0.027658015424365228,0.0048060070012091415,True
2026-04-12,SK이노베이션,096770,10,243.29992134149643,0.0,-0.6703296703296703,-0.2681318681318681,0.030409331408469596,0.022255620569275554,True
2026-04-13,SK이노베이션,096770,87,734.1998493322083,7.7,2.4455445544554455,5.598217821782178,0.09204375715555493,0.6073247588475734,True
2026-04-14,SK이노베이션,096770,88,632.6842375695558,0.011494252873563218,1.3404255319148934,0.5430667644900954,0.07929807096047867,0.1223622177872918,True
2026-02-19,KB금융,105560,17,173.6584564304452,0.0,0.0,0.0,0.02166557030109447,0.02166557030109447,True
2026-02-20,KB금융,105560,6,57.84648329925062,-0.6470588235294118,-0.6470588235294118,-0.6470588235294118,0.007124919444219398,0.0025146774509009636,True
2026-02-21,KB금융,105560,3,44.86274731103745,-0.5,-0.7391304347826086,-0.5956521739130435,0.005494760085751483,0.0022217942955429907,True
2026-02-22,KB금융,105560,3,27.2501080922893,0.0,-0.6538461538461539,-0.26153846153846155,0.003283423635609091,0.0024246820693728673,True
2026-02-23,KB금융,105560,5,59.35905081548431,0.6666666666666666,-0.3103448275862069,0.2758620689655172,0.007314828272783174,0.0093327119342406,True
2026-02-24,KB금융,105560,11,126.75294111731635,1.2,0.6176470588235294,0.9670588235294117,0.01577639750669448,0.031033101919050787,True
2026-02-25,KB금융,105560,12,118.24635810173103,0.09090909090909091,0.6,0.29454545454545455,0.01470836239538065,0.019040643682747313,True
2026-02-26,KB금융,105560,14,120.89658056800869,0.16666666666666666,0.7192982456140352,0.3877192982456141,0.015041108298358533,0.020872836252634388,True
2026-02-27,KB금융,105560,16,152.49699464805727,0.14285714285714285,1.074074074074074,0.5153439153439153,0.019008665154937977,0.028804665081345167,True
2026-02-28,KB금융,105560,3,52.8096222460931,-0.8125,-0.671875,-0.75625,0.006492521635871996,0.001582552148743799,True
2026-03-02,KB금융,105560,4,47.58363697131615,0.3333333333333333,-0.5625,-0.025000000000000022,0.005836378534177153,0.005690469070822724,True
2026-03-03,KB금융,105560,13,117.95944073211535,2.25,0.3999999999999999,1.5099999999999998,0.014672338785873294,0.036827570352541965,True
2026-03-04,KB금융,105560,12,110.11785507258459,-0.07692307692307693,0.15068493150684928,0.014120126448893558,0.013687796720344812,0.013881070140842831,True
2026-03-05,KB금융,105560,5,50.8708410542009,-0.5833333333333334,-0.527027027027027,-0.5608108108108109,0.006249099996148744,0.002744537160470732,True
2026-03-06,KB금융,105560,5,43.44511687626412,0.0,-0.47761194029850745,-0.191044776119403,0.00531677098290831,0.004301029660800454,True
2026-03-07,KB금융,105560,2,25.988215098645203,-0.6,-0.7586206896551725,-0.663448275862069,0.003124987983895172,0.001051720093890237,False
2026-03-08,KB금융,105560,2,17.001099340870656,0.0,-0.6818181818181818,-0.2727272727272727,0.001996620087977501,0.0014520873367109097,False
2026-03-09,KB금융,105560,9,83.23589991104416,3.5,0.4651162790697673,2.286046511627907,0.01031266102594359,0.033887883789903005,True
2026-03-10,KB금융,105560,8,59.590020273438014,-0.1111111111111111,0.16666666666666674,2.7755575615628914e-17,0.007343827400903563,0.007343827400903563,True
2026-03-11,KB금융,105560,5,32.47119078042534,-0.375,-0.18604651162790703,-0.29941860465116277,0.00393895119817863,0.002759555926630959,True
2026-03-12,KB금융,105560,4,42.91989349286402,-0.2,-0.2222222222222223,-0.2088888888888889,0.005250827111705666,0.004153987670593815,True
2026-03-13,KB금융,105560,3,40.126175242025965,-0.25,-0.4,-0.31000000000000005,0.004900064745953571,0.0033810446747079633,True
2026-03-16,KB금융,105560,5,54.706506440032136,0.6666666666666666,0.06060606060606058,0.4242424242424242,0.0067306829419465156,0.009586124190045038,True
2026-03-17,KB금융,105560,3,28.016999706774435,-0.4,-0.4166666666666667,-0.4066666666666667,0.0033797099081748936,0.002005294545517103,True
2026-03-18,KB금융,105560,3,19.08837534567586,0.0,-0.4324324324324324,-0.17297297297297298,0.0022586858382382616,0.001867994233786238,True
2026-03-19,KB금융,105560,5,49.24288444037012,0.6666666666666666,0.12903225806451607,0.4516129032258064,0.006044703610422388,0.008774569757064758,True
2026-03-20,KB금융,105560,4,31.156098837678584,-0.2,0.0,-0.12,0.0037738362081895733,0.0033209758632068245,True
2026-03-21,KB금융,105560,3,38.10337614866463,-0.25,-0.22222222222222224,-0.2388888888888889,0.0046460943267046815,0.0035361940153252297,True
2026-03-22,KB금융,105560,1,7.820082930352362,-0.6666666666666666,-0.7307692307692307,-0.6923076923076923,0.0008439071989106921,0.0002596637535109822,False
2026-03-23,KB금융,105560,9,73.29646595496722,8.0,1.625,5.45,0.009064725817149927,0.05846748152061703,True
2026-03-24,KB금융,105560,4,27.89020735293839,-0.5555555555555556,0.0,-0.3333333333333333,0.003363790627131622,0.002242527084754415,True
2026-03-25,KB금융,105560,2,10.83226004324776,-0.5,-0.5172413793103449,-0.506896551724138,0.00122209793803285,0.0006026207073748192,False
2026-03-26,KB금융,105560,6,74.14603064453097,2.0,0.5,1.4,0.009171392020973964,0.022011340850337513,True
2026-03-27,KB금융,105560,3,59.69426638000212,-0.5,-0.2758620689655173,-0.41034482758620694,0.007356915911510494,0.004338043520235498,True
2026-03-29,KB금융,105560,1,7.805134968916488,-0.6666666666666666,-0.75,-0.7,0.0008420304232856465,0.000252609126985694,False
2026-03-30,KB금융,105560,4,39.32976276802961,3.0,0.07692307692307689,1.8307692307692305,0.004800072012824652,0.01358789615938055,True
2026-03-31,KB금융,105560,3,38.54927061019182,-0.25,-0.2758620689655173,-0.2603448275862069,0.004702078138298466,0.003477916416086279,True
2026-04-01,KB금융,105560,7,65.49879905715197,1.3333333333333333,1.1304347826086958,1.2521739130434781,0.008085697925699529,0.01821039793701024,True
2026-04-02,KB금융,105560,6,53.11522598243534,-0.14285714285714285,0.6153846153846153,0.16043956043956042,0.006530891392560928,0.007578704736861911,True
2026-04-03,KB금융,105560,6,59.828187135135266,0.0,0.4,0.16000000000000003,0.007373730191504448,0.00855352702214516,True
2026-04-05,KB금융,105560,1,9.297109319933934,-0.8333333333333334,-0.7666666666666666,-0.8066666666666666,0.0010293536985827667,0.0001990083817260016,False
2026-04-06,KB금융,105560,2,18.394964238956028,1.0,-0.5,0.39999999999999997,0.002171625333780138,0.003040275467292193,False
2026-04-07,KB금융,105560,3,37.57399908807527,0.5,-0.2758620689655173,0.18965517241379307,0.004579628944917698,0.005448179262057262,True
2026-04-08,KB금융,105560,9,79.71128646311075,2.0,1.25,1.7,0.009870131880068588,0.02664935607618519,True
2026-04-10,KB금융,105560,2,34.633087889855794,-0.7777777777777778,-0.5882352941176471,-0.7019607843137255,0.004210385922989898,0.0012548601182244398,False
2026-04-11,KB금융,105560,1,7.247024072160486,-0.5,-0.7586206896551725,-0.603448275862069,0.0007719573948263759,0.00030612103587942494,False
2026-04-13,KB금융,105560,14,89.59293493983036,13.0,3.0833333333333335,9.033333333333333,0.011110811893589994,0.11147847933235293,True
2026-04-14,KB금융,105560,8,58.41449799185396,-0.42857142857142855,0.7500000000000001,0.04285714285714293,0.007196235933382086,0.007504646044812747,True
2026-04-09,위메이드,112040,35,447.401510795846,0.0,0.0,0.0,0.05603509247055763,0.05603509247055763,True
2026-04-10,위메이드,112040,85,876.5436730113482,1.4285714285714286,1.4285714285714286,1.4285714285714286,0.10991558668915828,0.26693785338795584,True
2026-04-11,위메이드,112040,12,228.4884120561355,-0.8588235294117647,-0.8,-0.8352941176470589,0.028549687890110562,0.0047023015348417385,True
2026-04-12,위메이드,112040,8,97.00504741776274,-0.3333333333333333,-0.8181818181818182,-0.5272727272727273,0.012041431904108332,0.005692313263760302,True
2026-04-13,위메이드,112040,60,730.4850052165332,6.5,0.7142857142857143,4.185714285714286,0.09157734379764973,0.4748939399792408,True
2026-04-14,위메이드,112040,64,639.4525077638893,0.06666666666666667,0.6,0.27999999999999997,0.08014785402815261,0.10258925315603534,True
2026-04-07,이마트,139480,14,123.87954661590359,0.0,0.0,0.0,0.015415631472842547,0.015415631472842547,True
2026-04-08,이마트,139480,57,644.2463458423574,3.0714285714285716,3.0714285714285716,3.0714285714285716,0.08074973934172405,0.32876679589130503,True
2026-04-09,이마트,139480,59,610.3337514490377,0.03508771929824561,0.6619718309859155,0.2858413639733136,0.07649187911024805,0.09835642216800317,True
2026-04-10,이마트,139480,38,473.56401769825294,-0.3559322033898305,-0.12307692307692313,-0.26279009126466757,0.05931989859312956,0.04373121702803022,True
2026-04-11,이마트,139480,4,45.817042204698566,-0.8947368421052632,-0.9047619047619048,-0.8987468671679198,0.00561457558054066,0.000568493367052237,True
2026-04-12,이마트,139480,8,142.31599257695143,1.0,-0.7674418604651163,0.29302325581395344,0.01773040011474761,0.02292581968325505,True
2026-04-13,이마트,139480,43,475.69691070324615,4.375,0.43333333333333335,2.7983333333333333,0.059587691738019206,0.2263339157849096,True
2026-04-14,이마트,139480,61,616.1516506595261,0.4186046511627907,0.9147982062780269,0.6170820732088852,0.0772223393455155,0.12487486060688627,True
2026-02-04,한국타이어앤테크놀로지,161390,1,13.709530201312333,0.0,0.0,0.0,0.001583350575892049,0.001583350575892049,False
2026-02-05,한국타이어앤테크놀로지,161390,11,103.98840264043052,10.0,10.0,10.0,0.012918219746996714,0.14210041721696387,True
2026-02-06,한국타이어앤테크놀로지,161390,7,105.29124906186307,-0.36363636363636365,0.16666666666666666,-0.1515151515151515,0.013081797263396675,0.011099706768942634,True
2026-02-07,한국타이어앤테크놀로지,161390,2,34.83697803873166,-0.7142857142857143,-0.6842105263157895,-0.7022556390977444,0.0042359851368518504,0.0012612406873634082,False
2026-02-09,한국타이어앤테크놀로지,161390,3,60.077963028869085,0.5,-0.42857142857142855,0.12857142857142856,0.007405090541950538,0.008357173611629893,True
2026-02-10,한국타이어앤테크놀로지,161390,10,160.42421333359374,2.3333333333333335,1.0833333333333335,1.8333333333333335,0.020003958785259818,0.05667788322490282,True
2026-02-11,한국타이어앤테크놀로지,161390,3,42.02376659694697,-0.7,-0.4705882352941177,-0.6082352941176471,0.005138314838883718,0.0020130104015862096,True
2026-02-12,한국타이어앤테크놀로지,161390,3,43.88086058772409,0.0,-0.4324324324324324,-0.17297297297297298,0.005371480327720531,0.004442359406168872,True
2026-02-13,한국타이어앤테크놀로지,161390,1,20.32435896238131,-0.6666666666666666,-0.8205128205128205,-0.7282051282051282,0.0024138684652968002,0.0006560770700550279,False
2026-02-14,한국타이어앤테크놀로지,161390,1,15.707110264748875,0.0,-0.7586206896551725,-0.303448275862069,0.001834154646281049,0.0012775835812026616,False
2026-02-20,한국타이어앤테크놀로지,161390,2,38.681054487885234,1.0,-0.3913043478260869,0.4434782608695652,0.004718624124886004,0.006811231345487623,False
2026-02-21,한국타이어앤테크놀로지,161390,3,45.66496021403927,0.5,-0.0869565217391304,0.26521739130434785,0.005595481085662395,0.007079499982294596,True
2026-02-22,한국타이어앤테크놀로지,161390,1,17.228511003591183,-0.6666666666666666,-0.6956521739130435,-0.6782608695652174,0.0020251725208477594,0.0006515772458379748,False
2026-02-23,한국타이어앤테크놀로지,161390,1,13.017279836814925,0.0,-0.5,-0.2,0.0014964358072066162,0.0011971486457652931,False
2026-02-24,한국타이어앤테크놀로지,161390,3,45.09812352929878,2.0,0.7500000000000001,1.5,0.005524312500041778,0.013810781250104445,True
2026-02-25,한국타이어앤테크놀로지,161390,1,21.730099782973575,-0.6666666666666666,-0.41666666666666663,-0.5666666666666667,0.002590364780097808,0.0011224914047090501,False
2026-02-26,한국타이어앤테크놀로지,161390,1,17.736572297479192,0.0,-0.41666666666666663,-0.16666666666666666,0.002088961623896275,0.001740801353246896,False
2026-02-27,한국타이어앤테크놀로지,161390,6,66.99534759300786,5.0,2.5,4.0,0.008273595507977977,0.04136797753988988,True
2026-03-03,한국타이어앤테크놀로지,161390,8,74.16387107394883,0.3333333333333333,2.5,1.2,0.009173631957383717,0.02018199030624418,True
2026-03-04,한국타이어앤테크놀로지,161390,9,127.54233946761451,0.125,2.0,0.875,0.015875509588876825,0.029766580479144048,True
2026-03-05,한국타이어앤테크놀로지,161390,11,133.1264553676445,0.2222222222222222,1.6551724137931032,0.7954022988505747,0.01657661740572301,0.02976169699740154,True
2026-03-06,한국타이어앤테크놀로지,161390,12,155.48473920420702,0.09090909090909091,1.153846153846154,0.5160839160839161,0.019383788290015632,0.029387449659268455,True
2026-03-07,한국타이어앤테크놀로지,161390,1,19.07073772800249,-0.9166666666666666,-0.8541666666666666,-0.8916666666666666,0.002256471365644439,0.00024445106461148106,False
2026-03-09,한국타이어앤테크놀로지,161390,4,57.10842188643538,3.0,-0.41666666666666663,1.633333333333333,0.007032252917395603,0.01851826601580842,True
2026-03-10,한국타이어앤테크놀로지,161390,3,61.777578103154994,-0.25,-0.5882352941176471,-0.38529411764705884,0.0076184839305449715,0.004683126886717351,True
2026-03-11,한국타이어앤테크놀로지,161390,3,43.150426211096445,0.0,-0.5625,-0.225,0.005279771405428273,0.004091822839206912,True
2026-03-12,한국타이어앤테크놀로지,161390,7,107.11723160259218,1.3333333333333333,0.13953488372093018,0.855813953488372,0.01331105658674327,0.02470284454935146,True
2026-03-13,한국타이어앤테크놀로지,161390,17,212.04178485226726,1.4285714285714286,1.902439024390244,1.6181184668989548,0.026484748855925187,0.0693402100708787,True
2026-03-14,한국타이어앤테크놀로지,161390,1,13.753590191106365,-0.9411764705882353,-0.851063829787234,-0.9051314142678348,0.0015888824817134508,0.00015073503393476785,False
2026-03-16,한국타이어앤테크놀로지,161390,21,207.94292810165874,20.0,3.083333333333333,13.233333333333334,0.025970121194280674,0.3696413916652616,True
2026-03-17,한국타이어앤테크놀로지,161390,7,100.30756167215152,-0.6666666666666666,-0.125,-0.44999999999999996,0.012456075618610299,0.006850841590235665,True
2026-03-18,한국타이어앤테크놀로지,161390,9,155.90472290025014,0.2857142857142857,0.0677966101694915,0.198547215496368,0.01943651890261667,0.02329558560967373,True
2026-03-20,한국타이어앤테크놀로지,161390,8,120.7265640148102,-0.1111111111111111,-0.13846153846153852,-0.12205128205128207,0.015019762048285165,0.013186580834186772,True
2026-03-22,한국타이어앤테크놀로지,161390,2,32.79081022223938,-0.75,-0.8,-0.77,0.003979080682072514,0.0009151885568766782,False
2026-03-23,한국타이어앤테크놀로지,161390,5,65.22228003145514,1.5,-0.46153846153846156,0.7153846153846153,0.008050979869360172,0.013810527006671678,True
2026-03-24,한국타이어앤테크놀로지,161390,1,19.71042701737487,-0.8,-0.8679245283018868,-0.8271698113207547,0.00233678688365318,0.0004038673180049647,False
2026-03-25,한국타이어앤테크놀로지,161390,7,108.68535930290297,6.0,-0.07547169811320752,3.5698113207547166,0.01350794121596363,0.061728742688799826,True
2026-03-26,한국타이어앤테크놀로지,161390,5,81.82667083814573,-0.2857142857142857,-0.10256410256410252,-0.21245421245421242,0.010135726747281738,0.0079823489035369,True
2026-03-27,한국타이어앤테크놀로지,161390,7,95.348313429109,0.4,0.32432432432432434,0.36972972972972973,0.011833422405259345,0.01620859047293361,True
2026-03-28,한국타이어앤테크놀로지,161390,2,34.59049743056511,-0.7142857142857143,-0.6,-0.6685714285714286,0.004205038522530031,0.0013936699103242387,False
2026-03-30,한국타이어앤테크놀로지,161390,6,77.39244327669851,2.0,0.44827586206896536,1.379310344827586,0.009578991955120861,0.02279139465183929,True
2026-03-31,한국타이어앤테크놀로지,161390,4,63.11447280500009,-0.3333333333333333,-0.15151515151515155,-0.2606060606060606,0.007786336343092285,0.005757169902165205,True
2026-04-01,한국타이어앤테크놀로지,161390,3,34.44096651951999,-0.25,-0.34374999999999994,-0.2875,0.004186264325777901,0.0029827133321167544,True
2026-04-02,한국타이어앤테크놀로지,161390,5,57.40562445081734,0.6666666666666666,0.029411764705882432,0.4117647058823529,0.007069567873747746,0.009980566409996816,True
2026-04-03,한국타이어앤테크놀로지,161390,15,178.7635946508127,2.0,2.28125,2.1125,0.022306540577581864,0.06942910754772355,True
2026-04-04,한국타이어앤테크놀로지,161390,2,37.89333256040421,-0.8666666666666667,-0.6666666666666666,-0.7866666666666666,0.0046197225242127216,0.0009855408051653808,False
2026-04-06,한국타이어앤테크놀로지,161390,3,52.6855018149608,0.5,-0.4324324324324324,0.127027027027027,0.006476937825282265,0.0072996839814667685,True
2026-04-07,한국타이어앤테크놀로지,161390,3,36.76685409856333,0.0,-0.4473684210526316,-0.17894736842105263,0.004478288702056333,0.0036769107237936208,True
2026-04-08,한국타이어앤테크놀로지,161390,12,137.60947006698797,3.0,1.4,2.36,0.017139477615828815,0.057588644789184816,True
2026-04-09,한국타이어앤테크놀로지,161390,7,112.43558032255224,-0.4166666666666667,0.13953488372093018,-0.19418604651162794,0.013978796283954402,0.01126430909858186,True
2026-04-10,한국타이어앤테크놀로지,161390,2,23.373616173970014,-0.7142857142857143,-0.7021276595744681,-0.7094224924012158,0.0027967147573316692,0.000812662403650175,False
2026-04-12,한국타이어앤테크놀로지,161390,1,13.613128106388071,-0.5,-0.8409090909090909,-0.6363636363636365,0.0015712469119420608,0.0005713625134334765,False
2026-04-13,한국타이어앤테크놀로지,161390,8,85.9159418994566,7.0,0.8666666666666667,4.546666666666667,0.010649150887757142,0.05906729025742628,True
2026-04-14,한국타이어앤테크놀로지,161390,6,58.42522253401438,-0.25,0.16666666666666657,-0.08333333333333336,0.007197582442028285,0.006597783905192594,True
2026-04-02,삼성바이오로직스,207940,16,132.40275719737886,0.0,0.0,0.0,0.01648575424075758,0.01648575424075758,True
2026-04-03,삼성바이오로직스,207940,37,293.68667870525763,1.3125,1.3125,1.3125,0.03673558789843165,0.08495104701512318,True
2026-04-04,삼성바이오로직스,207940,2,20.505916206547063,-0.9459459459459459,-0.9245283018867925,-0.9373788883222846,0.002436663694724072,0.00015258658934835085,False
2026-04-05,삼성바이오로직스,207940,2,18.700014623251846,0.0,-0.8909090909090909,-0.3563636363636364,0.0022099256149330747,0.0014223884867023788,False
2026-04-06,삼성바이오로직스,207940,29,204.55506046715112,13.5,1.0350877192982457,8.514035087719298,0.025544761025631465,0.24303375270526217,True
2026-04-07,삼성바이오로직스,207940,22,161.87752825344694,-0.2413793103448276,0.2790697674418605,-0.03319967923015235,0.020186428216211777,0.01951624527463105,True
2026-04-08,삼성바이오로직스,207940,38,248.7721079825583,0.7272727272727273,1.1111111111111112,0.8808080808080808,0.0310963860645646,0.05848633419416089,True
2026-04-09,삼성바이오로직스,207940,23,137.24333909380715,-0.39473684210526316,0.10273972602739723,-0.19574621485219898,0.01709350842538182,0.013747518852569156,True
2026-04-10,삼성바이오로직스,207940,27,140.07339423408706,0.17391304347826086,0.2352941176470588,0.19846547314578006,0.017448833031188323,0.020911823934564828,True
2026-04-11,삼성바이오로직스,207940,5,32.52927713777687,-0.8148148148148148,-0.7552447552447552,-0.7909867909867909,0.003946244169871976,0.000824817157494609,True
2026-04-12,삼성바이오로직스,207940,1,4.99573227355399,-0.8,-0.952054794520548,-0.8608219178082193,0.0004892988135465277,6.809967048811942e-05,False
2026-04-13,삼성바이오로직스,207940,30,172.41905208283615,29.0,0.44827586206896547,17.579310344827586,0.02150995818775399,0.39964018867454654,True
2026-04-14,삼성바이오로직스,207940,34,297.40127809248514,0.13333333333333333,0.6301369863013698,0.332054794520548,0.03720197052971322,0.049555063209716615,True
2026-04-13,에코프로비엠,247540,90,1203.1137941513346,0.0,0.0,0.0,0.15091775583797915,0.15091775583797915,True
2026-04-14,에코프로비엠,247540,192,1690.6727948364912,1.1333333333333333,1.1333333333333333,1.1333333333333333,0.21213271496019967,0.45254979191509265,True
2026-03-31,크래프톤,259960,12,196.71234418043636,0.0,0.0,0.0,0.024560077005392367,0.024560077005392367,True
2026-04-01,크래프톤,259960,17,202.57296870228367,0.4166666666666667,0.4166666666666667,0.4166666666666667,0.025295901572329724,0.035835860560800445,True
2026-04-02,크래프톤,259960,26,298.69641996271514,0.5294117647058824,0.7931034482758621,0.6348884381338742,0.03736458070926522,0.0610869209972977,True
2026-04-03,크래프톤,259960,13,211.6439794763476,-0.5,-0.29090909090909084,-0.4163636363636363,0.026434802819053135,0.015428312190756467,True
2026-04-04,크래프톤,259960,1,9.969813299576,-0.9230769230769231,-0.9411764705882353,-0.930316742081448,0.0011138143414121994,7.761421202600844e-05,False
2026-04-05,크래프톤,259960,2,65.3178833437669,1.0,-0.855072463768116,0.25797101449275356,0.008062983242996775,0.010142999210030725,False
2026-04-06,크래프톤,259960,21,306.517570355634,9.5,0.7746478873239435,6.009859154929577,0.038346557046320756,0.26880396397118084,True
2026-04-07,크래프톤,259960,24,278.383316323367,0.14285714285714285,0.8260869565217392,0.41614906832298143,0.03481419028024902,0.049302083129793645,True
2026-04-08,크래프톤,259960,38,540.4842661732072,0.5833333333333334,1.5576923076923077,0.9730769230769232,0.06772200022408377,0.13362071582674992,True
2026-04-09,크래프톤,259960,26,352.85904952551243,-0.3157894736842105,0.45599999999999996,-0.007073684210526288,0.04416491287415052,0.04385250422729337,True
2026-04-10,크래프톤,259960,27,361.99895013846464,0.038461538461538464,0.512,0.2278769230769231,0.04531246351236411,0.055638128274596986,True
2026-04-11,크래프톤,259960,7,141.9514701641764,-0.7407407407407407,-0.6474820143884892,-0.70343725019984,0.01768463288541578,0.005244603357705241,True
2026-04-12,크래프톤,259960,1,14.59511985013459,-0.8571428571428571,-0.9517241379310345,-0.8949753694581281,0.0016945398557033826,0.00017796842228372475,False
2026-04-13,크래프톤,259960,22,288.48009065804774,21.0,0.06944444444444436,12.627777777777778,0.036081880195305865,0.4917158451060294,True
2026-04-14,크래프톤,259960,33,302.9860679812067,0.5,0.593103448275862,0.5372413793103448,0.03790316296850289,0.05826631052192617,True
2026-04-15,크래프톤,259960,1,4.044522437723423,-0.9696969696969697,-0.9545454545454546,-0.9636363636363636,0.0003698706599585612,1.3449842180311322e-05,False
2026-02-19,오리온,271560,1,13.598421958998376,0.0,0.0,0.0,0.0015694004970260396,0.0015694004970260396,False
2026-02-20,오리온,271560,3,37.31296876281166,2.0,2.0,2.0,0.0045468555561212305,0.01364056666836369,True
2026-02-21,오리온,271560,3,35.09314026767585,0.0,0.5,0.2,0.0042681473169191644,0.005121776780302997,True
2026-02-23,오리온,271560,2,23.042025434076557,-0.3333333333333333,-0.1428571428571429,-0.2571428571428571,0.002755082229659408,0.002046632513461275,False
2026-02-24,오리온,271560,4,29.79452179347464,1.0,0.7777777777777778,0.9111111111111111,0.0036028848300269922,0.006885513230718251,True
2026-02-25,오리온,271560,13,125.4612635068906,2.25,4.0,2.95,0.015614222278649906,0.06167617800066713,True
2026-02-26,오리온,271560,17,128.24161185564085,0.3076923076923077,2.9230769230769234,1.353846153846154,0.015963306000363796,0.03757516643162555,True
2026-02-27,오리온,271560,7,51.87261320189288,-0.5882352941176471,0.13953488372093018,-0.29712722298221617,0.006374876447787555,0.004480727112001704,True
2026-03-01,오리온,271560,1,6.852030263919617,-0.8571428571428571,-0.8571428571428571,-0.8571428571428571,0.0007223643613862875,0.00010319490876946969,False
2026-03-02,오리온,271560,2,19.02629733428389,1.0,-0.7021276595744681,0.3191489361702127,0.002250891698607144,0.002969261389651977,False
2026-03-03,오리온,271560,11,60.83509548582472,4.5,0.673913043478261,2.9695652173913043,0.007500151513725265,0.02977234057404855,True
2026-03-04,오리온,271560,7,44.69142517049062,-0.36363636363636365,-0.10909090909090904,-0.2618181818181818,0.005473249914027511,0.0040402535729003085,True
2026-03-05,오리온,271560,18,156.27203953077463,1.5714285714285714,1.1724137931034482,1.4118226600985222,0.01948263695702828,0.04698866529143373,True
2026-03-06,오리온,271560,6,75.82343589311492,-0.6666666666666666,-0.3333333333333333,-0.5333333333333333,0.009381996878189537,0.004378265209821784,True
2026-03-07,오리온,271560,1,8.517452896464707,-0.8333333333333334,-0.8653846153846154,-0.8461538461538463,0.0009314647538089524,0.0001433022698167618,False
2026-03-08,오리온,271560,1,8.187385805840755,0.0,-0.8478260869565217,-0.33913043478260874,0.0008900235263231675,0.0005881894608744411,False
2026-03-09,오리온,271560,7,53.53228481038324,6.0,0.06521739130434787,3.6260869565217386,0.006583254776415014,0.030454709052632933,True
2026-03-10,오리온,271560,3,25.160941257029165,-0.5714285714285714,-0.5882352941176471,-0.5781512605042016,0.00302112048411311,0.0012744558680880516,True
2026-03-11,오리온,271560,9,60.592713558448295,2.0,0.4651162790697673,1.3860465116279068,0.007469719504972555,0.017823098167678696,True
2026-03-12,오리온,271560,3,45.41096772907473,-0.6666666666666666,-0.5333333333333333,-0.6133333333333333,0.005563591325525455,0.0021512553125365096,True
2026-03-13,오리온,271560,3,18.962662148666052,0.0,-0.3,-0.12,0.0022429020495988053,0.001973753803646949,True
2026-03-14,오리온,271560,1,7.153291594497779,-0.6666666666666666,-0.7407407407407407,-0.6962962962962962,0.0007601889118725512,0.0002308721880501823,False
2026-03-16,오리온,271560,3,15.806315411887288,2.0,-0.22222222222222224,1.1111111111111112,0.0018466102445127662,0.0038983994050825065,True
2026-03-17,오리온,271560,12,68.54839330311728,3.0,1.8965517241379308,2.5586206896551724,0.00846858653373217,0.03013648725107448,True
2026-03-18,오리온,271560,5,30.753406880185945,-0.5833333333333334,0.029411764705882432,-0.3382352941176471,0.003723276641691739,0.0024639330717077684,True
2026-03-19,오리온,271560,7,51.20942493806775,0.4,0.361111111111111,0.38444444444444437,0.006291610540680228,0.008710385259652847,True
2026-03-20,오리온,271560,9,68.3654276612092,0.2857142857142857,0.8529411764705884,0.5126050420168068,0.008445614474403075,0.012774879036912214,True
2026-03-23,오리온,271560,4,32.527904150296166,-0.5555555555555556,-0.3,-0.4533333333333333,0.003946071785868422,0.0021571859096080706,True
2026-03-24,오리온,271560,2,11.230142999272363,-0.5,-0.6585365853658537,-0.5634146341463415,0.0012720537153936347,0.0005553600367206356,False
2026-03-25,오리온,271560,6,44.17892034947019,2.0,0.0,1.2,0.005408902908588952,0.011899586398895694,True
2026-03-26,오리온,271560,8,75.6532729370484,0.3333333333333333,0.2444444444444444,0.29777777777777775,0.009360632246657579,0.01214802051566228,True
2026-03-27,오리온,271560,5,38.19027810442496,-0.375,-0.14634146341463408,-0.28353658536585363,0.0046570052106429,0.0033365738551862246,True
2026-03-28,오리온,271560,1,6.602118820879701,-0.8,-0.8292682926829268,-0.8117073170731708,0.0006909869921891952,0.00013010779462684354,False
2026-03-30,오리온,271560,13,132.21703628115142,12.0,1.6,7.84,0.016462436245850236,0.1455279364133161,True
2026-03-31,오리온,271560,3,34.883680821130646,-0.7692307692307693,-0.4615384615384615,-0.6461538461538462,0.004241848855727782,0.0015009619027959843,True
2026-04-01,오리온,271560,7,83.37038408628075,1.3333333333333333,0.28947368421052627,0.9157894736842105,0.010329546045557882,0.019789235582016153,True
2026-04-02,오리온,271560,5,48.17856320734198,-0.2857142857142857,-0.18604651162790703,-0.24584717607973422,0.005911073873957322,0.004457853054446219,True
2026-04-03,오리온,271560,2,25.18655984331078,-0.6,-0.6666666666666666,-0.6266666666666667,0.0030243369988524425,0.0011290858129049117,False
2026-04-06,오리온,271560,2,17.552560335253528,0.0,-0.6111111111111112,-0.24444444444444446,0.002065858194916779,0.0015608706361593442,False
2026-04-07,오리온,271560,4,38.54112598215877,1.0,-0.15151515151515155,0.5393939393939393,0.0047010555480654715,0.00723677641944624,True
2026-04-08,오리온,271560,20,246.87657161083217,4.0,2.888888888888889,3.5555555555555554,0.030858393982894822,0.14057712814429862,True
2026-04-09,오리온,271560,7,58.145946789173266,-0.65,0.13953488372093018,-0.3341860465116279,0.0071625182687072055,0.004768904605420634,True
2026-04-10,오리온,271560,6,68.52802774522993,-0.14285714285714285,-0.10638297872340427,-0.1282674772036474,0.008466029557465045,0.007380113304197492,True
2026-04-11,오리온,271560,7,84.93369389184906,0.16666666666666666,0.06521739130434787,0.12608695652173912,0.010525825769055445,0.01185299510515374,True
2026-04-13,오리온,271560,4,44.48646488897829,-0.42857142857142855,-0.41666666666666663,-0.42380952380952375,0.005447516340784428,0.0031388070344519803,True
2026-04-14,오리온,271560,13,113.97130686391617,2.25,0.82,1.678,0.014171612819636017,0.03795157913098525,True
2025-11-27,BGF리테일,282330,2,17.064699155309057,0.0,0.0,0.0,0.0020046052959944924,0.0020046052959944924,False
2025-11-28,BGF리테일,282330,1,12.2709884318583,-0.5,-0.5,-0.5,0.0014027359723487113,0.0007013679861743557,False
2025-11-29,BGF리테일,282330,1,8.047372179046278,0.0,-0.3333333333333333,-0.13333333333333333,0.0008724442622161914,0.0007561183605873659,False
2025-11-30,BGF리테일,282330,1,11.013715156042803,0.0,-0.24999999999999994,-0.09999999999999998,0.0012448803444629578,0.001120392310016662,False
2025-12-01,BGF리테일,282330,3,22.843240668016463,2.0,1.4,1.7599999999999998,0.0027301240167838616,0.007535142286323458,True
2025-12-02,BGF리테일,282330,4,30.91989451176181,0.3333333333333333,1.4999999999999998,0.7999999999999999,0.003744179821710875,0.0067395236790795746,True
2025-12-03,BGF리테일,282330,1,5.860786223465865,-0.75,-0.5,-0.6499999999999999,0.000597909755212983,0.00020926841432454408,False
2025-12-04,BGF리테일,282330,2,19.712415463684216,1.0,0.07692307692307689,0.6307692307692307,0.0023370365409446513,0.0038111672821558927,False
2025-12-05,BGF리테일,282330,1,9.89440283426485,-0.5,-0.46153846153846156,-0.4846153846153846,0.0011043462595084247,0.000569163072208188,False
2025-12-07,BGF리테일,282330,1,14.30444880242198,0.0,-0.46153846153846156,-0.18461538461538463,0.0016580449570783224,0.001351944349617709,False
2025-12-08,BGF리테일,282330,1,11.118097198041347,0.0,-0.46153846153846156,-0.18461538461538463,0.0012579859223008306,0.0010257423674145233,False
2025-12-10,BGF리테일,282330,1,5.683579767338681,0.0,-0.46153846153846156,-0.18461538461538463,0.0005756607844160639,0.00046938494729309823,False
2025-12-11,BGF리테일,282330,2,11.511924964636645,1.0,0.27272727272727276,0.7090909090909091,0.0013074325546047114,0.0022345210933244156,False
2025-12-15,BGF리테일,282330,5,34.179500638342475,1.5,2.888888888888889,2.0555555555555554,0.004153436251215346,0.01269105521204689,True
2025-12-16,BGF리테일,282330,3,20.828144195393392,-0.4,0.6153846153846153,0.006153846153846149,0.002477120692005517,0.002492364511648628,True
2025-12-18,BGF리테일,282330,1,5.25227342804663,-0.6666666666666666,-0.5,-0.6,0.0005215085692137709,0.00020860342768550837,False
2025-12-19,BGF리테일,282330,1,5.241747015059643,0.0,-0.5,-0.2,0.0005201869364682026,0.00041614954917456215,False
2025-12-22,BGF리테일,282330,1,11.605802066295997,0.0,-0.5,-0.2,0.0013192191956727956,0.0010553753565382365,False
2025-12-23,BGF리테일,282330,1,6.844187086458591,0.0,-0.5,-0.2,0.0007213796194637914,0.0005771036955710332,False
2025-12-24,BGF리테일,282330,2,14.409250381959655,1.0,0.0,0.6,0.0016712032095120327,0.0026739251352192526,False
2025-12-26,BGF리테일,282330,2,16.779197468884114,0.0,0.0,0.0,0.001968759431105796,0.001968759431105796,False
2025-12-29,BGF리테일,282330,4,48.03126992959882,1.0,1.5454545454545456,1.2181818181818183,0.0058925806209082455,0.0130708151954692,True
2025-12-30,BGF리테일,282330,4,42.059334123470755,0.0,1.3333333333333333,0.5333333333333333,0.005142780482383627,0.007885596739654895,True
2026-01-02,BGF리테일,282330,2,18.48097132444235,-0.5,-0.06666666666666664,-0.32666666666666666,0.002182423863219381,0.0014694987345677166,False
2026-01-05,BGF리테일,282330,2,16.8967249174979,0.0,-0.12499999999999994,-0.04999999999999998,0.0019835154666882006,0.0018843396933537907,False
2026-01-06,BGF리테일,282330,3,21.655386659392786,0.5,0.23529411764705893,0.3941176470588236,0.002580984252203821,0.0035981956927782677,True
2026-01-07,BGF리테일,282330,12,83.92795195845939,3.0,3.421052631578947,3.1684210526315786,0.010399550895135706,0.04334970688919725,True
2026-01-08,BGF리테일,282330,7,46.90953654244113,-0.4166666666666667,0.6896551724137929,0.025862068965517182,0.005751742561628462,0.005900494524429198,True
2026-01-09,BGF리테일,282330,3,22.5158795980072,-0.5714285714285714,-0.38235294117647056,-0.49579831932773105,0.002689022540879074,0.0013558096844768438,True
2026-01-12,BGF리테일,282330,1,15.812184355372416,-0.6666666666666666,-0.7878787878787878,-0.7151515151515151,0.0018473471135584158,0.0005262140262863367,False
2026-01-13,BGF리테일,282330,1,9.48863636973214,0.0,-0.7666666666666666,-0.30666666666666664,0.0010534006765028148,0.000730357802375285,False
2026-01-14,BGF리테일,282330,1,6.060443010546419,0.0,-0.7586206896551725,-0.303448275862069,0.0006229774537734335,0.0004339360195249433,False
2026-01-15,BGF리테일,282330,1,9.919980925828124,0.0,-0.75,-0.30000000000000004,0.001107557689975855,0.0007752903829830985,False
2026-01-16,BGF리테일,282330,10,82.48566653579165,9.0,1.6923076923076923,6.076923076923077,0.010218466261138367,0.07231529969420998,True
2026-01-19,BGF리테일,282330,3,22.686645226125144,-0.7,-0.12499999999999994,-0.47,0.0027104628402685434,0.001436545305342328,True
2026-01-20,BGF리테일,282330,5,31.082041721785203,0.6666666666666666,0.75,0.7,0.0037645380446529506,0.006399714675910016,True
2026-01-21,BGF리테일,282330,3,22.09343316134762,-0.4,-0.045454545454545435,-0.2581818181818182,0.002635982721462135,0.001955419909739184,True
2026-01-22,BGF리테일,282330,3,23.93015366370491,0.0,-0.12499999999999994,-0.04999999999999998,0.002866590238322133,0.0027232607264060264,True
2026-01-23,BGF리테일,282330,1,11.330733340286331,-0.6666666666666666,-0.7307692307692307,-0.6923076923076923,0.0012846832301900122,0.000395287147750773,False
2026-01-25,BGF리테일,282330,2,14.672500823760892,1.0,-0.46153846153846156,0.41538461538461535,0.0017042553427125753,0.002412176792762414,False
2026-01-26,BGF리테일,282330,7,46.969188223387825,2.5,0.8148148148148148,1.825925925925926,0.0057592320658845465,0.01627516320840707,True
2026-01-27,BGF리테일,282330,2,14.119100837637486,-0.7142857142857143,-0.41666666666666663,-0.5952380952380952,0.0016347737876983598,0.0006616941521636219,False
2026-01-28,BGF리테일,282330,2,14.89013510781884,0.0,-0.3913043478260869,-0.15652173913043477,0.0017315801870564993,0.0014605502447346125,False
2026-01-29,BGF리테일,282330,6,35.96614728711089,2.0,1.0999999999999999,1.64,0.004377756797890756,0.011557277946431594,True
2026-01-30,BGF리테일,282330,1,6.941642422609304,-0.8333333333333334,-0.6956521739130435,-0.7782608695652173,0.0007336155220116361,0.00016267126792431934,False
2026-01-31,BGF리테일,282330,1,10.081404364984463,0.0,-0.6666666666666666,-0.26666666666666666,0.0011278250406255963,0.0008270716964587706,False
2026-02-02,BGF리테일,282330,3,27.914384262609893,2.0,0.0,1.2,0.0033668261336757795,0.007407017494086715,True
2026-02-03,BGF리테일,282330,4,40.931694056103794,0.3333333333333333,0.27272727272727276,0.3090909090909091,0.005001200816063363,0.006547026522846584,True
2026-02-04,BGF리테일,282330,1,10.323009979138408,-0.75,-0.631578947368421,-0.7026315789473684,0.0011581595801856267,0.0003444000856867785,False
2026-02-05,BGF리테일,282330,3,31.63681442138536,2.0,0.16666666666666657,1.2666666666666666,0.0038341919492684406,0.008690835085008465,True
2026-02-06,BGF리테일,282330,4,31.793517201988756,0.3333333333333333,0.4736842105263157,0.3894736842105263,0.0038538666025832087,0.005354846226747195,True
2026-02-09,BGF리테일,282330,3,25.354293702604835,-0.25,0.23529411764705893,-0.05588235294117641,0.0030453966476860577,0.00287521271737419,True
2026-02-10,BGF리테일,282330,12,94.88403806695207,3.0,3.421052631578947,3.1684210526315786,0.01177513079895949,0.04908370311987324,True
2026-02-11,BGF리테일,282330,25,198.20229958911713,1.0833333333333333,4.833333333333334,2.5833333333333335,0.024747146794501282,0.0886772760136296,True
2026-02-13,BGF리테일,282330,1,9.484796933490655,-0.96,-0.8653846153846154,-0.9221538461538461,0.0010529186201111893,8.196566488865572e-05,False
2026-02-14,BGF리테일,282330,1,15.831882477283518,0.0,-0.8571428571428571,-0.34285714285714286,0.0018498202906013542,0.0012155961909666043,False
2026-02-18,BGF리테일,282330,1,17.146329257668896,0.0,-0.8571428571428571,-0.34285714285714286,0.0020148542779065853,0.0013240470969100417,False
2026-02-23,BGF리테일,282330,1,10.897839799950912,0.0,-0.851063829787234,-0.34042553191489366,0.00123033173562491,0.0008114954000930257,False
2026-02-24,BGF리테일,282330,1,11.572154032177764,0.0,-0.8409090909090909,-0.3363636363636364,0.001314994552029265,0.0008726782027103304,False
2026-02-25,BGF리테일,282330,1,7.786897381366708,0.0,-0.8333333333333334,-0.33333333333333337,0.0008397406221030637,0.0005598270814020424,False
2026-02-26,BGF리테일,282330,5,54.48883697208662,4.0,0.12903225806451607,2.4516129032258065,0.006703353680126478,0.023137382057210748,True
2026-02-27,BGF리테일,282330,4,34.20123917154326,-0.2,1.5454545454545456,0.4981818181818183,0.004156165609958375,0.006226691750192185,True
2026-02-28,BGF리테일,282330,1,11.963579343618445,-0.75,-0.5,-0.6499999999999999,0.001364139546595198,0.00047744884130831945,False
2026-03-03,BGF리테일,282330,5,33.004902279155345,4.0,1.5,3.0,0.004005960785801675,0.0160238431432067,True
2026-03-04,BGF리테일,282330,5,38.34199907854956,0.0,0.9444444444444443,0.37777777777777777,0.00467605437846868,0.006442563810334626,True
2026-03-05,BGF리테일,282330,5,34.99813734313551,0.0,0.5909090909090909,0.2363636363636364,0.004256219324339691,0.0052622348010018,True
2026-03-06,BGF리테일,282330,3,20.277336894708178,-0.4,-0.19230769230769235,-0.3169230769230769,0.0024079646588930454,0.0016448250900746343,True
2026-03-09,BGF리테일,282330,4,38.26254088671447,0.3333333333333333,0.0,0.19999999999999998,0.004666078088505259,0.005599293706206311,True
2026-03-10,BGF리테일,282330,1,9.0330862217988,-0.75,-0.7407407407407407,-0.7462962962962962,0.000996204555326357,0.00025274078533279803,False
2026-03-12,BGF리테일,282330,2,11.38480400337049,1.0,-0.41666666666666663,0.43333333333333335,0.0012914720156000997,0.0018511098890268095,False
2026-03-16,BGF리테일,282330,9,66.48790279518356,3.5,1.52,2.708,0.008209883808446339,0.030442249161719025,True
2026-03-18,BGF리테일,282330,1,7.14166355650266,-0.8888888888888888,-0.7586206896551725,-0.8367816091954023,0.0007587289657541481,0.00012383852084722874,False
2026-03-23,BGF리테일,282330,2,25.368195936684934,1.0,-0.44,0.42399999999999993,0.003047142128109401,0.004339130390427787,False
2026-03-26,BGF리테일,282330,1,5.110873864173311,-0.5,-0.6818181818181818,-0.5727272727272728,0.0005037552952300248,0.0002152408988710106,False
2026-03-27,BGF리테일,282330,2,18.64356602778051,1.0,-0.3,0.48,0.0022028382707153927,0.0032602006406587812,False
2026-03-30,BGF리테일,282330,8,87.66820047602305,3.0,2.111111111111111,2.6444444444444444,0.010869153876083353,0.039612027459503776,True
2026-03-31,BGF리테일,282330,2,31.285573068881966,-0.75,-0.44,-0.626,0.0037900922095337347,0.0014174944863656167,False
2026-04-06,BGF리테일,282330,2,34.38454649010044,0.0,-0.44,-0.17600000000000002,0.004179180568140899,0.0034436447881481006,False
2026-04-08,BGF리테일,282330,2,18.90916184554497,0.0,-0.2222222222222223,-0.08888888888888892,0.0022361848751358557,0.0020374128862348908,False
2026-04-09,BGF리테일,282330,10,86.32227746925396,4.0,2.6842105263157894,3.473684210526316,0.010700167924177545,0.04786917229237323,True
2026-04-10,BGF리테일,282330,11,89.37103146742832,0.1,1.8518518518518516,0.8007407407407408,0.0110829510357798,0.019957521457763475,True
2026-04-11,BGF리테일,282330,1,12.017279836814925,-0.9090909090909091,-0.8108108108108109,-0.8697788697788698,0.0013708818557131633,0.0001785177846506085,False
2026-04-12,BGF리테일,282330,1,12.446737371666309,0.0,-0.8055555555555556,-0.32222222222222224,0.001424801946212392,0.0009656990968772879,False
2026-04-13,BGF리테일,282330,2,12.902455592206882,1.0,-0.5172413793103449,0.393103448275862,0.0014820191695688258,0.002064606015537261,False
2026-04-14,BGF리테일,282330,2,12.119696252957251,0.0,-0.5172413793103449,-0.20689655172413796,0.0013837406414576301,0.0010974494742594999,False
2026-03-19,현대오토에버,307950,1,10.430816798843313,0.0,0.0,0.0,0.0011716951523975197,0.0011716951523975197,False
2026-03-20,현대오토에버,307950,11,150.37357001175377,10.0,10.0,10.0,0.018742060801151525,0.20616266881266676,True
2026-03-21,현대오토에버,307950,3,36.78763402535503,-0.7272727272727273,-0.5,-0.6363636363636364,0.0044808977039767755,0.0016294173469006458,True
2026-03-22,현대오토에버,307950,3,34.294672124994776,0.0,-0.4,-0.16000000000000003,0.004167896486463918,0.0035010330486296907,True
2026-03-23,현대오토에버,307950,19,171.93499272288418,5.333333333333333,3.2222222222222223,4.488888888888889,0.021449182622354627,0.11773218017159096,True
2026-03-24,현대오토에버,307950,8,98.69274088126166,-0.5789473684210527,0.08108108108108103,-0.31493598862019917,0.012253328487360292,0.008394314366305429,True
2026-03-25,현대오토에버,307950,21,223.57343834162324,1.625,1.8,1.695,0.027932593518767094,0.07527833953307733,True
2026-03-26,현대오토에버,307950,19,234.19790996360365,-0.09523809523809523,1.0151515151515151,0.34891774891774896,0.02926653791343679,0.03947815244080911,True
2026-03-27,현대오토에버,307950,8,115.70210729868009,-0.5789473684210527,-0.3333333333333333,-0.48070175438596496,0.014388921653467213,0.007472141770923324,True
2026-03-28,현대오토에버,307950,3,51.493013017792485,-0.625,-0.7407407407407407,-0.6712962962962963,0.006327216144686109,0.002079779380892193,True
2026-03-29,현대오토에버,307950,3,44.42139513430518,0.0,-0.7407407407407407,-0.2962962962962963,0.005439346575962509,0.0038276883312328767,True
2026-03-30,현대오토에버,307950,7,69.98667980943125,1.3333333333333333,-0.3950617283950617,0.6419753086419753,0.008649169087979603,0.01420172208273194,True
2026-03-31,현대오토에버,307950,8,95.01266574640353,0.14285714285714285,-0.1884057971014493,0.010351966873705973,0.011791280512386053,0.01191334345764885,True
2026-04-01,현대오토에버,307950,14,155.81186171740762,0.75,0.4202898550724637,0.6181159420289855,0.01942485981417044,0.03143167533698738,True
2026-04-02,현대오토에버,307950,14,142.60875429778446,0.0,0.5806451612903225,0.23225806451612901,0.017767157505644223,0.021893723119858363,True
2026-04-03,현대오토에버,307950,8,87.39885002774105,-0.42857142857142855,-0.017543859649122747,-0.2641604010025062,0.010835335862965015,0.00797306919640734,True
2026-04-04,현대오토에버,307950,2,28.104998803723223,-0.75,-0.7543859649122807,-0.7517543859649123,0.0033907585425246695,0.0008417409364337556,False
2026-04-05,현대오토에버,307950,2,26.476780804620596,0.0,-0.75,-0.30000000000000004,0.0031863293388445712,0.0022304305371911998,False
2026-04-06,현대오토에버,307950,8,94.87465508949501,3.0,0.01818181818181823,1.8072727272727271,0.01177395272906298,0.033052696388496804,True
2026-04-07,현대오토에버,307950,19,152.22940127427967,1.375,1.375,1.375,0.018975067749466737,0.0450657859049835,True
2026-04-08,현대오토에버,307950,24,246.58827251987023,0.2631578947368421,1.5074626865671643,0.760879811468971,0.030822196892812577,0.05427418425367531,True
2026-04-09,현대오토에버,307950,37,387.6139004709162,0.5416666666666666,2.3636363636363638,1.2704545454545455,0.04852852174391193,0.11018180277765459,True
2026-04-10,현대오토에버,307950,12,141.52192462970564,-0.6756756756756757,-0.16000000000000003,-0.4694054054054054,0.017630701746216608,0.009354755045452013,True
2026-04-11,현대오토에버,307950,2,34.2948938255422,-0.8333333333333334,-0.8653846153846154,-0.8461538461538463,0.004167924321843695,0.0006412191264374911,False
2026-04-12,현대오토에버,307950,1,8.927253685157204,-0.5,-0.9326923076923077,-0.6730769230769231,0.000982916862154429,0.0003213382049351017,False
2026-04-13,현대오토에버,307950,14,150.18093110552965,13.0,-0.0485436893203883,7.7805825242718445,0.01871787422526371,0.1643538393138689,True
2026-04-14,현대오토에버,307950,14,130.70750768540077,0.0,-0.10091743119266054,-0.04036697247706422,0.01627290896576138,0.015616020897418719,True
2026-04-15,현대오토에버,307950,1,1.6094379124341003,-0.9285714285714286,-0.9326923076923077,-0.9302197802197802,6.413617558792798e-05,4.47543642838838e-06,False
2026-03-23,우리금융지주,316140,1,18.556828061699537,0.0,0.0,0.0,0.0021919479763294215,0.0021919479763294215,False
2026-03-24,우리금융지주,316140,10,257.66644305487154,9.0,9.0,9.0,0.03221310497880033,0.32213104978800333,True
2026-03-25,우리금융지주,316140,13,298.90460197423687,0.3,1.3636363636363635,0.7254545454545454,0.03739071878344163,0.064515985682702,True
2026-03-26,우리금융지주,316140,12,308.6774675994886,-0.07692307692307693,0.5,0.15384615384615385,0.03861774068010651,0.04455893155396905,True
2026-03-27,우리금융지주,316140,13,264.01539699895943,0.08333333333333333,0.4444444444444444,0.22777777777777777,0.03301024123433051,0.04052924062659468,True
2026-03-28,우리금융지주,316140,1,31.883322388488278,-0.9230769230769231,-0.8979591836734694,-0.9130298273155417,0.00386514199861283,0.00033615206706931,False
2026-03-29,우리금융지주,316140,1,71.08671792030391,0.0,-0.88,-0.35200000000000004,0.008787283219593057,0.005694159526296301,False
2026-03-30,우리금융지주,316140,10,176.4602875358719,9.0,0.37254901960784315,5.549019607843137,0.022017351267798062,0.14419206516557947,True
2026-03-31,우리금융지주,316140,11,240.30911348137718,0.1,0.2833333333333334,0.17333333333333334,0.030033823663473947,0.035239686431809435,True
2026-04-01,우리금융지주,316140,30,555.2390249227973,1.7272727272727273,2.4426229508196724,2.0134128166915053,0.06957451848842741,0.20965674572816725,True
2026-04-02,우리금융지주,316140,16,283.7122297405682,-0.4666666666666667,0.43589743589743596,-0.10564102564102557,0.035483256416945115,0.03173476881597553,True
2026-04-03,우리금융지주,316140,17,363.153860696662,0.0625,0.451219512195122,0.21798780487804884,0.0454574670965673,0.05536664056426413,True
2026-04-04,우리금융지주,316140,3,55.2506131596203,-0.8235294117647058,-0.7558139534883721,-0.7964432284541724,0.00679899769062495,0.0013839820196511526,True
2026-04-05,우리금융지주,316140,5,127.25586194508415,0.6666666666666666,-0.6022727272727273,0.15909090909090903,0.015839541203909083,0.018359468213621888,True
2026-04-06,우리금융지주,316140,14,245.41484328533636,1.8,0.06521739130434787,1.1060869565217393,0.030674868215618913,0.06460393984193828,True
2026-04-07,우리금융지주,316140,16,332.1156424333282,0.14285714285714285,0.16666666666666674,0.1523809523809524,0.04156049614628948,0.04789352413048597,True
2026-04-08,우리금융지주,316140,41,672.0978613283837,1.5625,1.8415841584158414,1.6741336633663366,0.08424660716607575,0.2252866882472028,True
2026-04-09,우리금융지주,316140,13,249.90969952935785,-0.6829268292682927,-0.1875,-0.48475609756097565,0.03123921517845083,0.016095815137677407,True
2026-04-10,우리금융지주,316140,26,518.3717680884819,1.0,0.6697247706422018,0.8678899082568807,0.0649456887121551,0.12131139653022732,True
2026-04-11,우리금융지주,316140,4,133.9959900199968,-0.8461538461538461,-0.7627118644067796,-0.8127770534550196,0.01668579091728633,0.0031239629409678176,True
2026-04-12,우리금융지주,316140,4,127.46876549629202,0.0,-0.7647058823529411,-0.3058823529411765,0.01586627208605022,0.01101305944796427,True
2026-04-13,우리금융지주,316140,6,141.71955241808993,0.5,-0.6440677966101696,0.042372881355932146,0.01765551469597317,0.018403629725463555,True
2026-04-14,우리금융지주,316140,17,374.5380810172374,1.8333333333333333,0.08181818181818187,1.1327272727272726,0.0468868009424876,0.0999967591009781,True
2026-04-07,카카오뱅크,323410,9,94.61430116753311,0.0,0.0,0.0,0.011741264265373847,0.011741264265373847,True
2026-04-08,카카오뱅크,323410,71,650.7582746637403,6.888888888888889,6.888888888888889,6.888888888888889,0.08156733773709278,0.6434756643703986,True
2026-04-09,카카오뱅크,323410,52,536.0299412937825,-0.2676056338028169,0.3,-0.040563380281690126,0.06716274213423641,0.06443839428428429,True
2026-04-10,카카오뱅크,323410,49,462.932355608917,-0.057692307692307696,0.11363636363636363,0.010839160839160839,0.0579850514068703,0.05861356070533638,True
2026-04-11,카카오뱅크,323410,7,123.47618350249874,-0.8571428571428571,-0.8453038674033149,-0.8524072612470401,0.015364987640067867,0.002267760606702994,True
2026-04-12,카카오뱅크,323410,9,113.78010321583905,0.2857142857142857,-0.7606382978723404,-0.13282674772036476,0.01414760644607997,0.0122684258938195,True
2026-04-13,카카오뱅크,323410,23,258.85011576912325,1.5555555555555556,-0.2994923857868021,0.8135363790186125,0.032361719765349614,0.0586891560820672,True
2026-04-14,카카오뱅크,323410,52,423.23482529990133,1.2608695652173914,0.6545454545454547,1.0183399209486166,0.05300086961204226,0.10697377098297732,True
2026-04-15,카카오뱅크,323410,1,3.0794415416798357,-0.9807692307692307,-0.973384030418251,-0.9778151506288388,0.00024870093994944675,5.517392891244674e-06,False
2026-04-08,HD현대중공업,329180,12,189.89679195640497,0.0,0.0,0.0,0.023704357492055236,0.023704357492055236,True
2026-04-09,HD현대중공업,329180,94,1042.0526415010017,6.833333333333333,6.833333333333333,6.833333333333333,0.13069589169063967,1.0237844849100106,True
2026-04-10,HD현대중공업,329180,55,747.9420489680183,-0.4148936170212766,0.03773584905660377,-0.23384183059012442,0.09376914462204278,0.07184199619075417,True
2026-04-11,HD현대중공업,329180,8,184.87399051088246,-0.8545454545454545,-0.8509316770186335,-0.8530999435347262,0.02307372492300286,0.003389531494053316,True
2026-04-12,HD현대중공업,329180,4,108.35368175139938,-0.5,-0.9053254437869822,-0.662130177514793,0.013466297788750681,0.004549855643418129,True
2026-04-13,HD현대중공업,329180,38,399.7279697941374,8.5,0.09826589595375718,5.139306358381503,0.05004949101610797,0.30726915842894953,True
2026-04-14,HD현대중공업,329180,53,536.5429071687169,0.39473684210526316,0.5071090047393366,0.43968570715889255,0.0672271470268157,0.09678596270757601,True
2026-04-14,하이브,352820,265,3550.6298361374834,0.0,0.0,0.0,0.4456576711036106,0.4456576711036106,True
2026-04-15,하이브,352820,6,39.6364177748177,-0.9773584905660377,-0.9773584905660377,-0.9773584905660377,0.004838573760672148,0.00010955261344918069,True
2026-04-09,LG에너지솔루션,373220,49,483.86118887461936,0.0,0.0,0.0,0.06061274912352685,0.06061274912352685,True
2026-04-10,LG에너지솔루션,373220,84,867.2241144974403,0.7142857142857143,0.7142857142857143,0.7142857142857143,0.10874547929156268,0.1864208216426789,True
2026-04-11,LG에너지솔루션,373220,6,116.76959528275927,-0.9285714285714286,-0.9097744360902256,-0.9210526315789473,0.014522948988040135,0.0011465486043189584,True
2026-04-12,LG에너지솔루션,373220,18,210.26079989452978,2.0,-0.6115107913669064,0.9553956834532373,0.026261139156930846,0.05135091815002737,True
2026-04-13,LG에너지솔루션,373220,60,674.5776724587972,2.3333333333333335,0.5286624203821656,1.6114649681528663,0.08455795725245661,0.22082014314335802,True
2026-04-14,LG에너지솔루션,373220,65,461.61916331047655,0.08333333333333333,0.4976958525345623,0.24907834101382492,0.05782017492473033,0.07222192817211132,True
2026-04-15,LG에너지솔루션,373220,1,1.9459101490553132,-0.9846153846153847,-0.9787234042553191,-0.9822585924713585,0.00010638159446356135,1.887359220924715e-06,False
