Date,Stock,Code,Open,High,Low,Close,Volume
2026-04-06 00:00:00+00:00,삼성전자,005930,190900.0,193600.0,190100.0,192200.0,0
2026-04-06 01:00:00+00:00,삼성전자,005930,192100.0,192800.0,190900.0,191400.0,2386404
2026-04-06 02:00:00+00:00,삼성전자,005930,191400.0,194600.0,191300.0,192900.0,4112513
2026-04-06 03:00:00+00:00,삼성전자,005930,192800.0,193300.0,190900.0,191700.0,2174867
2026-04-06 04:00:00+00:00,삼성전자,005930,191700.0,192500.0,191300.0,192100.0,1841669
2026-04-06 05:00:00+00:00,삼성전자,005930,192100.0,192900.0,191700.0,192200.0,1929163
2026-04-07 00:00:00+00:00,삼성전자,005930,202000.0,202500.0,196700.0,196800.0,9960059
2026-04-07 01:00:00+00:00,삼성전자,005930,196800.0,197300.0,192900.0,193600.0,6434365
2026-04-07 02:00:00+00:00,삼성전자,005930,193600.0,195200.0,192400.0,194600.0,3546490
2026-04-07 03:00:00+00:00,삼성전자,005930,194600.0,195000.0,193300.0,193500.0,1643413
2026-04-07 04:00:00+00:00,삼성전자,005930,193500.0,195150.0,192800.0,194300.0,2632769
2026-04-07 05:00:00+00:00,삼성전자,005930,194400.0,196300.0,193700.0,195900.0,2456967
2026-04-08 00:00:00+00:00,삼성전자,005930,214000.0,214500.0,207500.0,209250.0,12183685
2026-04-08 01:00:00+00:00,삼성전자,005930,209500.0,211000.0,208500.0,209750.0,4321380
2026-04-08 02:00:00+00:00,삼성전자,005930,209750.0,211000.0,209500.0,210000.0,3157078
2026-04-08 03:00:00+00:00,삼성전자,005930,210250.0,211000.0,209500.0,211000.0,2442385
2026-04-08 04:00:00+00:00,삼성전자,005930,211000.0,214500.0,210500.0,214000.0,5587190
2026-04-08 05:00:00+00:00,삼성전자,005930,214000.0,214250.0,209500.0,210250.0,4957881
2026-04-09 00:00:00+00:00,삼성전자,005930,207000.0,207500.0,204500.0,205000.0,6777801
2026-04-09 01:00:00+00:00,삼성전자,005930,205250.0,206000.0,202500.0,204500.0,4658079
2026-04-09 02:00:00+00:00,삼성전자,005930,204250.0,205500.0,204000.0,204500.0,2299150
2026-04-09 03:00:00+00:00,삼성전자,005930,204500.0,205000.0,203000.0,203000.0,2288204
2026-04-09 04:00:00+00:00,삼성전자,005930,203000.0,204000.0,202000.0,203000.0,2644247
2026-04-09 05:00:00+00:00,삼성전자,005930,203000.0,205000.0,202500.0,204000.0,2974420
2026-04-10 00:00:00+00:00,삼성전자,005930,208500.0,209500.0,206000.0,208750.0,4784877
2026-04-10 01:00:00+00:00,삼성전자,005930,209000.0,211000.0,208500.0,209000.0,3403880
2026-04-10 02:00:00+00:00,삼성전자,005930,208750.0,210000.0,207500.0,208000.0,1845486
2026-04-10 03:00:00+00:00,삼성전자,005930,208000.0,208500.0,207500.0,207750.0,1455764
2026-04-10 04:00:00+00:00,삼성전자,005930,207750.0,208500.0,207000.0,207000.0,1761195
2026-04-10 05:00:00+00:00,삼성전자,005930,207500.0,208000.0,206000.0,206500.0,2079727
2026-04-13 00:00:00+00:00,삼성전자,005930,198200.0,203000.0,198200.0,202500.0,0
2026-04-13 01:00:00+00:00,삼성전자,005930,202250.0,203000.0,201000.0,202000.0,2052898
2026-04-13 02:00:00+00:00,삼성전자,005930,201750.0,202000.0,200000.0,201000.0,1855864
2026-04-13 03:00:00+00:00,삼성전자,005930,201250.0,201500.0,200000.0,200500.0,1456122
2026-04-13 04:00:00+00:00,삼성전자,005930,200500.0,202500.0,200000.0,202500.0,2134852
2026-04-13 05:00:00+00:00,삼성전자,005930,202000.0,202500.0,201000.0,201000.0,1871885
2026-04-14 00:00:00+00:00,삼성전자,005930,208000.0,208500.0,205500.0,207000.0,6418183
2026-04-14 01:00:00+00:00,삼성전자,005930,207250.0,209000.0,206500.0,208500.0,3721911
2026-04-14 02:00:00+00:00,삼성전자,005930,208000.0,209000.0,207500.0,208750.0,2582477
2026-04-14 03:00:00+00:00,삼성전자,005930,208750.0,210000.0,208500.0,208750.0,2691274
2026-04-14 04:00:00+00:00,삼성전자,005930,208750.0,210000.0,208500.0,208500.0,2597201
2026-04-14 05:00:00+00:00,삼성전자,005930,208750.0,209000.0,207000.0,207000.0,2394714
2026-04-06 00:00:00+00:00,SK하이닉스,000660,877000.0,898000.0,877000.0,895000.0,0
2026-04-06 01:00:00+00:00,SK하이닉스,000660,895000.0,898000.0,880000.0,884000.0,323768
2026-04-06 02:00:00+00:00,SK하이닉스,000660,883000.0,901500.0,882000.0,887000.0,407153
2026-04-06 03:00:00+00:00,SK하이닉스,000660,887000.0,890000.0,873000.0,877000.0,536713
2026-04-06 04:00:00+00:00,SK하이닉스,000660,877000.0,881000.0,869000.0,879000.0,451096
2026-04-06 05:00:00+00:00,SK하이닉스,000660,879000.0,885000.0,876000.0,879000.0,333779
2026-04-07 00:00:00+00:00,SK하이닉스,000660,917000.0,933000.0,902000.0,915000.0,1212662
2026-04-07 01:00:00+00:00,SK하이닉스,000660,915000.0,918000.0,894000.0,897000.0,540832
2026-04-07 02:00:00+00:00,SK하이닉스,000660,897000.0,907000.0,888000.0,904000.0,365887
2026-04-07 03:00:00+00:00,SK하이닉스,000660,903000.0,908000.0,897000.0,897000.0,176574
2026-04-07 04:00:00+00:00,SK하이닉스,000660,897000.0,904000.0,892000.0,900000.0,214703
2026-04-07 05:00:00+00:00,SK하이닉스,000660,899000.0,913000.0,895000.0,910000.0,329329
2026-04-08 00:00:00+00:00,SK하이닉스,000660,1007000.0,1008000.0,992000.0,1002000.0,1963298
2026-04-08 01:00:00+00:00,SK하이닉스,000660,1003000.0,1013000.0,996000.0,998000.0,841109
2026-04-08 02:00:00+00:00,SK하이닉스,000660,998000.0,1006000.0,998000.0,1004000.0,356167
2026-04-08 03:00:00+00:00,SK하이닉스,000660,1004000.0,1023000.0,1002000.0,1019500.0,612239
2026-04-08 04:00:00+00:00,SK하이닉스,000660,1019500.0,1056000.0,1019000.0,1055000.0,1148571
2026-04-08 05:00:00+00:00,SK하이닉스,000660,1055000.0,1056000.0,1031000.0,1040000.0,802936
2026-04-09 00:00:00+00:00,SK하이닉스,000660,1015000.0,1025000.0,1007000.0,1013000.0,797738
2026-04-09 01:00:00+00:00,SK하이닉스,000660,1013000.0,1017000.0,998000.0,1009000.0,654454
2026-04-09 02:00:00+00:00,SK하이닉스,000660,1008000.0,1014000.0,1001000.0,1003000.0,377200
2026-04-09 03:00:00+00:00,SK하이닉스,000660,1003000.0,1003000.0,994000.0,995000.0,466157
2026-04-09 04:00:00+00:00,SK하이닉스,000660,995500.0,1000000.0,990000.0,997000.0,416685
2026-04-09 05:00:00+00:00,SK하이닉스,000660,998000.0,1010000.0,995000.0,998500.0,605795
2026-04-10 00:00:00+00:00,SK하이닉스,000660,1030000.0,1038000.0,1025000.0,1033000.0,779110
2026-04-10 01:00:00+00:00,SK하이닉스,000660,1034000.0,1042000.0,1031000.0,1034000.0,483650
2026-04-10 02:00:00+00:00,SK하이닉스,000660,1034000.0,1037000.0,1032000.0,1034000.0,229472
2026-04-10 03:00:00+00:00,SK하이닉스,000660,1034000.0,1035000.0,1026000.0,1029500.0,190410
2026-04-10 04:00:00+00:00,SK하이닉스,000660,1029500.0,1035000.0,1029000.0,1030000.0,225485
2026-04-10 05:00:00+00:00,SK하이닉스,000660,1030000.0,1033000.0,1028000.0,1029000.0,309773
2026-04-13 00:00:00+00:00,SK하이닉스,000660,999000.0,1043000.0,996000.0,1038000.0,0
2026-04-13 01:00:00+00:00,SK하이닉스,000660,1038000.0,1040000.0,1026000.0,1028000.0,343697
2026-04-13 02:00:00+00:00,SK하이닉스,000660,1029000.0,1030000.0,1024000.0,1030000.0,192354
2026-04-13 03:00:00+00:00,SK하이닉스,000660,1030000.0,1032000.0,1026000.0,1031000.0,149673
2026-04-13 04:00:00+00:00,SK하이닉스,000660,1032000.0,1034000.0,1028000.0,1032000.0,207992
2026-04-13 05:00:00+00:00,SK하이닉스,000660,1033000.0,1039000.0,1031000.0,1034000.0,282814
2026-04-14 00:00:00+00:00,SK하이닉스,000660,1092000.0,1115000.0,1078000.0,1111000.0,1765770
2026-04-14 01:00:00+00:00,SK하이닉스,000660,1111000.0,1128000.0,1107000.0,1112000.0,923279
2026-04-14 02:00:00+00:00,SK하이닉스,000660,1112000.0,1119000.0,1107000.0,1116000.0,356795
2026-04-14 03:00:00+00:00,SK하이닉스,000660,1117000.0,1120000.0,1116000.0,1119000.0,232685
2026-04-14 04:00:00+00:00,SK하이닉스,000660,1119000.0,1125000.0,1118000.0,1118000.0,391693
2026-04-14 05:00:00+00:00,SK하이닉스,000660,1118500.0,1122000.0,1107000.0,1108000.0,442173
2026-04-06 00:00:00+00:00,LG에너지솔루션,373220,399500.0,417000.0,399500.0,413500.0,0
2026-04-06 01:00:00+00:00,LG에너지솔루션,373220,413500.0,418000.0,411000.0,412000.0,96111
2026-04-06 02:00:00+00:00,LG에너지솔루션,373220,412000.0,416500.0,411000.0,412500.0,50761
2026-04-06 03:00:00+00:00,LG에너지솔루션,373220,412000.0,412500.0,408500.0,410000.0,29393
2026-04-06 04:00:00+00:00,LG에너지솔루션,373220,409750.0,412500.0,409000.0,412000.0,31518
2026-04-06 05:00:00+00:00,LG에너지솔루션,373220,412500.0,413000.0,409000.0,412000.0,38034
2026-04-07 00:00:00+00:00,LG에너지솔루션,373220,408000.0,423000.0,406000.0,416250.0,102255
2026-04-07 01:00:00+00:00,LG에너지솔루션,373220,416250.0,419250.0,408500.0,410500.0,58664
2026-04-07 02:00:00+00:00,LG에너지솔루션,373220,410500.0,414500.0,409000.0,412500.0,37935
2026-04-07 03:00:00+00:00,LG에너지솔루션,373220,412000.0,414000.0,410000.0,410500.0,22773
2026-04-07 04:00:00+00:00,LG에너지솔루션,373220,410500.0,410500.0,406500.0,408500.0,33659
2026-04-07 05:00:00+00:00,LG에너지솔루션,373220,408500.0,410000.0,406000.0,410000.0,36481
2026-04-08 00:00:00+00:00,LG에너지솔루션,373220,419500.0,422000.0,400500.0,404000.0,176019
2026-04-08 01:00:00+00:00,LG에너지솔루션,373220,403500.0,405500.0,401500.0,405000.0,64150
2026-04-08 02:00:00+00:00,LG에너지솔루션,373220,405000.0,406500.0,404000.0,404000.0,44281
2026-04-08 03:00:00+00:00,LG에너지솔루션,373220,404000.0,406500.0,403500.0,406000.0,49756
2026-04-08 04:00:00+00:00,LG에너지솔루션,373220,406000.0,406500.0,403500.0,403500.0,52518
2026-04-08 05:00:00+00:00,LG에너지솔루션,373220,403500.0,405000.0,403000.0,403000.0,82324
2026-04-09 00:00:00+00:00,LG에너지솔루션,373220,408000.0,419500.0,403000.0,418750.0,167597
2026-04-09 01:00:00+00:00,LG에너지솔루션,373220,418500.0,421000.0,413000.0,420000.0,124506
2026-04-09 02:00:00+00:00,LG에너지솔루션,373220,420000.0,422000.0,419000.0,421500.0,75114
2026-04-09 03:00:00+00:00,LG에너지솔루션,373220,421500.0,421500.0,418250.0,419500.0,53511
2026-04-09 04:00:00+00:00,LG에너지솔루션,373220,419000.0,420000.0,417500.0,418500.0,58846
2026-04-09 05:00:00+00:00,LG에너지솔루션,373220,418500.0,419500.0,417500.0,419500.0,65384
2026-04-10 00:00:00+00:00,LG에너지솔루션,373220,421000.0,421000.0,414000.0,417000.0,85378
2026-04-10 01:00:00+00:00,LG에너지솔루션,373220,417000.0,417500.0,415000.0,415250.0,37773
2026-04-10 02:00:00+00:00,LG에너지솔루션,373220,415250.0,415500.0,412000.0,412500.0,38076
2026-04-10 03:00:00+00:00,LG에너지솔루션,373220,412500.0,413000.0,410500.0,413000.0,37918
2026-04-10 04:00:00+00:00,LG에너지솔루션,373220,412500.0,414000.0,412000.0,413500.0,19679
2026-04-10 05:00:00+00:00,LG에너지솔루션,373220,413000.0,415000.0,413000.0,414000.0,29930
2026-04-13 00:00:00+00:00,LG에너지솔루션,373220,409500.0,414500.0,406000.0,409000.0,0
2026-04-13 01:00:00+00:00,LG에너지솔루션,373220,408500.0,409000.0,403500.0,405000.0,23742
2026-04-13 02:00:00+00:00,LG에너지솔루션,373220,405000.0,406000.0,402500.0,404000.0,16632
2026-04-13 03:00:00+00:00,LG에너지솔루션,373220,404000.0,404000.0,400000.0,400000.0,35589
2026-04-13 04:00:00+00:00,LG에너지솔루션,373220,400500.0,401500.0,399000.0,400500.0,31520
2026-04-13 05:00:00+00:00,LG에너지솔루션,373220,400500.0,402500.0,399500.0,399500.0,26520
2026-04-14 00:00:00+00:00,LG에너지솔루션,373220,406500.0,406500.0,399500.0,402500.0,67006
2026-04-14 01:00:00+00:00,LG에너지솔루션,373220,402500.0,403500.0,400500.0,401000.0,46404
2026-04-14 02:00:00+00:00,LG에너지솔루션,373220,401000.0,403000.0,400500.0,403000.0,23515
2026-04-14 03:00:00+00:00,LG에너지솔루션,373220,402500.0,405000.0,402500.0,403500.0,24740
2026-04-14 04:00:00+00:00,LG에너지솔루션,373220,403500.0,405000.0,401000.0,401000.0,34075
2026-04-14 05:00:00+00:00,LG에너지솔루션,373220,401500.0,401500.0,399500.0,399500.0,42443
2026-04-06 00:00:00+00:00,삼성바이오로직스,207940,1560000.0,1582000.0,1552000.0,1563000.0,0
2026-04-06 01:00:00+00:00,삼성바이오로직스,207940,1564000.0,1566000.0,1547000.0,1547000.0,2810
2026-04-06 02:00:00+00:00,삼성바이오로직스,207940,1547000.0,1578000.0,1545000.0,1554000.0,3762
2026-04-06 03:00:00+00:00,삼성바이오로직스,207940,1554000.0,1554000.0,1545000.0,1545000.0,2090
2026-04-06 04:00:00+00:00,삼성바이오로직스,207940,1546000.0,1564000.0,1545000.0,1563000.0,4788
2026-04-06 05:00:00+00:00,삼성바이오로직스,207940,1562000.0,1569000.0,1555000.0,1556000.0,5278
2026-04-07 00:00:00+00:00,삼성바이오로직스,207940,1555000.0,1613500.0,1555000.0,1586000.0,8721
2026-04-07 01:00:00+00:00,삼성바이오로직스,207940,1586000.0,1588000.0,1566000.0,1568000.0,3318
2026-04-07 02:00:00+00:00,삼성바이오로직스,207940,1570000.0,1580000.0,1563000.0,1578000.0,3261
2026-04-07 03:00:00+00:00,삼성바이오로직스,207940,1578000.0,1584000.0,1574000.0,1577000.0,3235
2026-04-07 04:00:00+00:00,삼성바이오로직스,207940,1575000.0,1590000.0,1574000.0,1587000.0,4211
2026-04-07 05:00:00+00:00,삼성바이오로직스,207940,1587000.0,1590000.0,1580000.0,1587000.0,4283
2026-04-08 00:00:00+00:00,삼성바이오로직스,207940,1659000.0,1660000.0,1604000.0,1609000.0,13003
2026-04-08 01:00:00+00:00,삼성바이오로직스,207940,1609000.0,1609000.0,1597000.0,1602000.0,7392
2026-04-08 02:00:00+00:00,삼성바이오로직스,207940,1603000.0,1607000.0,1592000.0,1592000.0,7411
2026-04-08 03:00:00+00:00,삼성바이오로직스,207940,1592000.0,1598000.0,1591000.0,1595000.0,5648
2026-04-08 04:00:00+00:00,삼성바이오로직스,207940,1595000.0,1605000.0,1594000.0,1598000.0,7234
2026-04-08 05:00:00+00:00,삼성바이오로직스,207940,1598000.0,1604000.0,1597000.0,1599000.0,7118
2026-04-09 00:00:00+00:00,삼성바이오로직스,207940,1598000.0,1615000.0,1598000.0,1614000.0,4640
2026-04-09 01:00:00+00:00,삼성바이오로직스,207940,1612000.0,1619000.0,1602000.0,1610000.0,4890
2026-04-09 02:00:00+00:00,삼성바이오로직스,207940,1611000.0,1611000.0,1591000.0,1598000.0,3634
2026-04-09 03:00:00+00:00,삼성바이오로직스,207940,1598000.0,1598000.0,1592000.0,1593000.0,2531
2026-04-09 04:00:00+00:00,삼성바이오로직스,207940,1593000.0,1595000.0,1586000.0,1587000.0,3584
2026-04-09 05:00:00+00:00,삼성바이오로직스,207940,1586000.0,1589000.0,1580000.0,1582000.0,4818
2026-04-10 00:00:00+00:00,삼성바이오로직스,207940,1586000.0,1594000.0,1582000.0,1585000.0,4034
2026-04-10 01:00:00+00:00,삼성바이오로직스,207940,1583000.0,1589000.0,1574000.0,1575000.0,4699
2026-04-10 02:00:00+00:00,삼성바이오로직스,207940,1576000.0,1576000.0,1572000.0,1573000.0,2740
2026-04-10 03:00:00+00:00,삼성바이오로직스,207940,1573000.0,1574000.0,1570000.0,1572000.0,3099
2026-04-10 04:00:00+00:00,삼성바이오로직스,207940,1573000.0,1574000.0,1570000.0,1571000.0,3091
2026-04-10 05:00:00+00:00,삼성바이오로직스,207940,1571000.0,1587000.0,1571000.0,1575000.0,4994
2026-04-13 00:00:00+00:00,삼성바이오로직스,207940,1564000.0,1564000.0,1542000.0,1546000.0,0
2026-04-13 01:00:00+00:00,삼성바이오로직스,207940,1546000.0,1556000.0,1544000.0,1555000.0,4017
2026-04-13 02:00:00+00:00,삼성바이오로직스,207940,1555000.0,1556000.0,1550000.0,1552000.0,3259
2026-04-13 03:00:00+00:00,삼성바이오로직스,207940,1552000.0,1554000.0,1548000.0,1551000.0,3146
2026-04-13 04:00:00+00:00,삼성바이오로직스,207940,1552000.0,1555000.0,1548000.0,1548000.0,4205
2026-04-13 05:00:00+00:00,삼성바이오로직스,207940,1548000.0,1550000.0,1545000.0,1546000.0,4657
2026-04-14 00:00:00+00:00,삼성바이오로직스,207940,1553000.0,1563000.0,1530000.0,1541000.0,17571
2026-04-14 01:00:00+00:00,삼성바이오로직스,207940,1541000.0,1557000.0,1541000.0,1549000.0,9367
2026-04-14 02:00:00+00:00,삼성바이오로직스,207940,1548000.0,1555000.0,1548000.0,1550000.0,5759
2026-04-14 03:00:00+00:00,삼성바이오로직스,207940,1550000.0,1555000.0,1550000.0,1550000.0,4973
2026-04-14 04:00:00+00:00,삼성바이오로직스,207940,1550000.0,1552000.0,1541000.0,1542000.0,8904
2026-04-14 05:00:00+00:00,삼성바이오로직스,207940,1542000.0,1543000.0,1536000.0,1536000.0,12310
2026-04-06 00:00:00+00:00,현대차,005380,469500.0,477500.0,467500.0,470000.0,0
2026-04-06 01:00:00+00:00,현대차,005380,469750.0,472000.0,465000.0,465500.0,97246
2026-04-06 02:00:00+00:00,현대차,005380,465000.0,474000.0,465000.0,468750.0,86683
2026-04-06 03:00:00+00:00,현대차,005380,468500.0,469000.0,466500.0,469000.0,55106
2026-04-06 04:00:00+00:00,현대차,005380,468500.0,470500.0,468000.0,469000.0,51385
2026-04-06 05:00:00+00:00,현대차,005380,469250.0,471000.0,467000.0,468000.0,60054
2026-04-07 00:00:00+00:00,현대차,005380,477000.0,481500.0,473500.0,474000.0,182386
2026-04-07 01:00:00+00:00,현대차,005380,473500.0,475250.0,468000.0,468000.0,131516
2026-04-07 02:00:00+00:00,현대차,005380,468250.0,471000.0,465500.0,470000.0,91890
2026-04-07 03:00:00+00:00,현대차,005380,470000.0,472500.0,468000.0,468000.0,66626
2026-04-07 04:00:00+00:00,현대차,005380,468000.0,471500.0,466000.0,469000.0,81472
2026-04-07 05:00:00+00:00,현대차,005380,469000.0,473000.0,468500.0,472500.0,74956
2026-04-08 00:00:00+00:00,현대차,005380,500000.0,500000.0,490000.0,492000.0,350734
2026-04-08 01:00:00+00:00,현대차,005380,492500.0,499500.0,492000.0,499000.0,181636
2026-04-08 02:00:00+00:00,현대차,005380,499000.0,510000.0,498500.0,504000.0,270149
2026-04-08 03:00:00+00:00,현대차,005380,504000.0,506000.0,502000.0,503000.0,86379
2026-04-08 04:00:00+00:00,현대차,005380,502000.0,510000.0,502000.0,509000.0,178246
2026-04-08 05:00:00+00:00,현대차,005380,509500.0,510000.0,504000.0,507000.0,113051
2026-04-09 00:00:00+00:00,현대차,005380,510000.0,514000.0,506000.0,506000.0,197846
2026-04-09 01:00:00+00:00,현대차,005380,506000.0,507000.0,497000.0,502000.0,140734
2026-04-09 02:00:00+00:00,현대차,005380,502000.0,504000.0,500000.0,501000.0,50418
2026-04-09 03:00:00+00:00,현대차,005380,501000.0,502000.0,498500.0,499000.0,45598
2026-04-09 04:00:00+00:00,현대차,005380,498500.0,499000.0,497000.0,498000.0,72938
2026-04-09 05:00:00+00:00,현대차,005380,498000.0,499000.0,487000.0,488500.0,250032
2026-04-10 00:00:00+00:00,현대차,005380,498000.0,499500.0,490000.0,491500.0,264458
2026-04-10 01:00:00+00:00,현대차,005380,491500.0,494500.0,491000.0,492500.0,122278
2026-04-10 02:00:00+00:00,현대차,005380,492500.0,492500.0,490000.0,490000.0,97375
2026-04-10 03:00:00+00:00,현대차,005380,490000.0,490500.0,489500.0,489750.0,93942
2026-04-10 04:00:00+00:00,현대차,005380,489500.0,491000.0,489500.0,490000.0,63366
2026-04-10 05:00:00+00:00,현대차,005380,490000.0,490500.0,489500.0,490000.0,98320
2026-04-13 00:00:00+00:00,현대차,005380,476500.0,486500.0,474500.0,482500.0,0
2026-04-13 01:00:00+00:00,현대차,005380,483000.0,484500.0,480000.0,480500.0,64245
2026-04-13 02:00:00+00:00,현대차,005380,480500.0,481000.0,477000.0,479500.0,80464
2026-04-13 03:00:00+00:00,현대차,005380,479000.0,479500.0,477000.0,478000.0,63165
2026-04-13 04:00:00+00:00,현대차,005380,478000.0,479000.0,477500.0,478500.0,63635
2026-04-13 05:00:00+00:00,현대차,005380,478500.0,479000.0,478000.0,478250.0,61890
2026-04-14 00:00:00+00:00,현대차,005380,492500.0,501500.0,489000.0,499500.0,353516
2026-04-14 01:00:00+00:00,현대차,005380,500000.0,500000.0,495500.0,496500.0,104333
2026-04-14 02:00:00+00:00,현대차,005380,496000.0,498500.0,495000.0,496500.0,57718
2026-04-14 03:00:00+00:00,현대차,005380,496500.0,498000.0,496000.0,496000.0,54306
2026-04-14 04:00:00+00:00,현대차,005380,496000.0,497500.0,495000.0,495000.0,64032
2026-04-14 05:00:00+00:00,현대차,005380,495000.0,495250.0,492500.0,492500.0,73830
2026-04-06 00:00:00+00:00,기아,000270,151000.0,154100.0,150700.0,151500.0,0
2026-04-06 01:00:00+00:00,기아,000270,151500.0,152500.0,150200.0,150400.0,78813
2026-04-06 02:00:00+00:00,기아,000270,150300.0,153500.0,150200.0,150900.0,103854
2026-04-06 03:00:00+00:00,기아,000270,150900.0,151700.0,150600.0,151300.0,71793
2026-04-06 04:00:00+00:00,기아,000270,151400.0,152200.0,151200.0,151350.0,64157
2026-04-06 05:00:00+00:00,기아,000270,151350.0,152200.0,150400.0,150800.0,82137
2026-04-07 00:00:00+00:00,기아,000270,152200.0,153400.0,151700.0,151750.0,137705
2026-04-07 01:00:00+00:00,기아,000270,151800.0,152200.0,149700.0,149800.0,120517
2026-04-07 02:00:00+00:00,기아,000270,149900.0,150100.0,149100.0,149700.0,93184
2026-04-07 03:00:00+00:00,기아,000270,149700.0,150700.0,149500.0,149900.0,59757
2026-04-07 04:00:00+00:00,기아,000270,149900.0,150300.0,149500.0,149800.0,62187
2026-04-07 05:00:00+00:00,기아,000270,149800.0,150900.0,149700.0,150700.0,77116
2026-04-08 00:00:00+00:00,기아,000270,158200.0,159800.0,155500.0,155500.0,319070
2026-04-08 01:00:00+00:00,기아,000270,155500.0,157400.0,155300.0,156700.0,129053
2026-04-08 02:00:00+00:00,기아,000270,156700.0,158400.0,156700.0,157200.0,126809
2026-04-08 03:00:00+00:00,기아,000270,157200.0,157800.0,157200.0,157500.0,83640
2026-04-08 04:00:00+00:00,기아,000270,157500.0,159500.0,157500.0,159400.0,129677
2026-04-08 05:00:00+00:00,기아,000270,159400.0,160000.0,158500.0,159500.0,178497
2026-04-09 00:00:00+00:00,기아,000270,159300.0,163200.0,159200.0,160600.0,278737
2026-04-09 01:00:00+00:00,기아,000270,160600.0,161300.0,159200.0,160800.0,122693
2026-04-09 02:00:00+00:00,기아,000270,160800.0,161400.0,159600.0,159900.0,83278
2026-04-09 03:00:00+00:00,기아,000270,159900.0,160300.0,159600.0,159600.0,65503
2026-04-09 04:00:00+00:00,기아,000270,159600.0,159900.0,158600.0,159400.0,100301
2026-04-09 05:00:00+00:00,기아,000270,159400.0,159500.0,149100.0,150700.0,513094
2026-04-10 00:00:00+00:00,기아,000270,154000.0,154700.0,150100.0,150200.0,485122
2026-04-10 01:00:00+00:00,기아,000270,150200.0,151200.0,150100.0,150500.0,208448
2026-04-10 02:00:00+00:00,기아,000270,150400.0,150500.0,149600.0,150000.0,211241
2026-04-10 03:00:00+00:00,기아,000270,150000.0,150200.0,149600.0,149800.0,154640
2026-04-10 04:00:00+00:00,기아,000270,149700.0,150150.0,149600.0,149800.0,159976
2026-04-10 05:00:00+00:00,기아,000270,149700.0,149900.0,149500.0,149500.0,238417
2026-04-13 00:00:00+00:00,기아,000270,147400.0,148700.0,145700.0,148000.0,0
2026-04-13 01:00:00+00:00,기아,000270,148100.0,148600.0,147000.0,147200.0,107760
2026-04-13 02:00:00+00:00,기아,000270,147200.0,147400.0,146600.0,146800.0,94323
2026-04-13 03:00:00+00:00,기아,000270,146700.0,146800.0,145900.0,146000.0,121721
2026-04-13 04:00:00+00:00,기아,000270,146000.0,146800.0,145900.0,146400.0,131602
2026-04-13 05:00:00+00:00,기아,000270,146400.0,146900.0,146200.0,146300.0,135936
2026-04-14 00:00:00+00:00,기아,000270,149800.0,151700.0,149100.0,150800.0,339367
2026-04-14 01:00:00+00:00,기아,000270,150800.0,150900.0,149800.0,149800.0,131941
2026-04-14 02:00:00+00:00,기아,000270,149800.0,150500.0,149600.0,150200.0,70587
2026-04-14 03:00:00+00:00,기아,000270,150200.0,150800.0,149900.0,150600.0,96524
2026-04-14 04:00:00+00:00,기아,000270,150600.0,150700.0,150100.0,150100.0,81895
2026-04-14 05:00:00+00:00,기아,000270,150100.0,150400.0,149600.0,149700.0,110962
2026-04-06 00:00:00+00:00,셀트리온,068270,195200.0,197700.0,195100.0,196600.0,0
2026-04-06 01:00:00+00:00,셀트리온,068270,196550.0,197400.0,194600.0,194950.0,53004
2026-04-06 02:00:00+00:00,셀트리온,068270,194900.0,198500.0,194800.0,195800.0,79320
2026-04-06 03:00:00+00:00,셀트리온,068270,195700.0,195900.0,195100.0,195600.0,23359
2026-04-06 04:00:00+00:00,셀트리온,068270,195700.0,196700.0,195400.0,195600.0,33965
2026-04-06 05:00:00+00:00,셀트리온,068270,195700.0,196400.0,195000.0,195100.0,29946
2026-04-07 00:00:00+00:00,셀트리온,068270,194900.0,197800.0,194900.0,196400.0,99995
2026-04-07 01:00:00+00:00,셀트리온,068270,196400.0,196600.0,193800.0,193900.0,88698
2026-04-07 02:00:00+00:00,셀트리온,068270,193800.0,194400.0,192800.0,193100.0,81329
2026-04-07 03:00:00+00:00,셀트리온,068270,193100.0,193350.0,192500.0,192700.0,58420
2026-04-07 04:00:00+00:00,셀트리온,068270,192700.0,193100.0,191600.0,192500.0,61607
2026-04-07 05:00:00+00:00,셀트리온,068270,192500.0,193500.0,192200.0,193300.0,56035
2026-04-08 00:00:00+00:00,셀트리온,068270,202000.0,205000.0,196000.0,202000.0,199590
2026-04-08 01:00:00+00:00,셀트리온,068270,201500.0,203500.0,201000.0,203000.0,72826
2026-04-08 02:00:00+00:00,셀트리온,068270,202500.0,204000.0,202000.0,202000.0,59753
2026-04-08 03:00:00+00:00,셀트리온,068270,202000.0,203500.0,202000.0,202000.0,40329
2026-04-08 04:00:00+00:00,셀트리온,068270,202000.0,203000.0,201000.0,202000.0,63022
2026-04-08 05:00:00+00:00,셀트리온,068270,202000.0,203500.0,201500.0,202000.0,78804
2026-04-09 00:00:00+00:00,셀트리온,068270,202500.0,203000.0,199900.0,200500.0,92231
2026-04-09 01:00:00+00:00,셀트리온,068270,200500.0,201500.0,200000.0,201000.0,53035
2026-04-09 02:00:00+00:00,셀트리온,068270,200500.0,202000.0,200000.0,201000.0,48790
2026-04-09 03:00:00+00:00,셀트리온,068270,201000.0,201000.0,200000.0,200500.0,25180
2026-04-09 04:00:00+00:00,셀트리온,068270,200500.0,200500.0,198900.0,199300.0,75938
2026-04-09 05:00:00+00:00,셀트리온,068270,199200.0,200000.0,199000.0,199400.0,59372
2026-04-10 00:00:00+00:00,셀트리온,068270,203000.0,203000.0,201000.0,201500.0,57172
2026-04-10 01:00:00+00:00,셀트리온,068270,201500.0,202000.0,200500.0,200500.0,44142
2026-04-10 02:00:00+00:00,셀트리온,068270,201000.0,201000.0,199800.0,200000.0,32379
2026-04-10 03:00:00+00:00,셀트리온,068270,200000.0,200500.0,199900.0,200000.0,22469
2026-04-10 04:00:00+00:00,셀트리온,068270,200000.0,200500.0,199900.0,200000.0,24338
2026-04-10 05:00:00+00:00,셀트리온,068270,200000.0,200500.0,199900.0,200000.0,41251
2026-04-13 00:00:00+00:00,셀트리온,068270,195800.0,196000.0,193600.0,194200.0,0
2026-04-13 01:00:00+00:00,셀트리온,068270,194300.0,195600.0,194100.0,195400.0,49807
2026-04-13 02:00:00+00:00,셀트리온,068270,195400.0,195600.0,194800.0,195000.0,36682
2026-04-13 03:00:00+00:00,셀트리온,068270,195000.0,196300.0,194400.0,196100.0,47233
2026-04-13 04:00:00+00:00,셀트리온,068270,196100.0,196900.0,195300.0,196500.0,51738
2026-04-13 05:00:00+00:00,셀트리온,068270,196500.0,196700.0,195400.0,195600.0,42438
2026-04-14 00:00:00+00:00,셀트리온,068270,199000.0,201500.0,199000.0,200500.0,104508
2026-04-14 01:00:00+00:00,셀트리온,068270,201000.0,202500.0,200500.0,201000.0,75220
2026-04-14 02:00:00+00:00,셀트리온,068270,201000.0,202000.0,200500.0,200500.0,29901
2026-04-14 03:00:00+00:00,셀트리온,068270,200500.0,201000.0,200000.0,200000.0,23781
2026-04-14 04:00:00+00:00,셀트리온,068270,200000.0,201000.0,199000.0,199000.0,66009
2026-04-14 05:00:00+00:00,셀트리온,068270,199000.0,199150.0,197700.0,198000.0,68157
2026-04-06 00:00:00+00:00,POSCO홀딩스,005490,349500.0,354000.0,347000.0,351000.0,0
2026-04-06 01:00:00+00:00,POSCO홀딩스,005490,351000.0,355000.0,349000.0,349500.0,44052
2026-04-06 02:00:00+00:00,POSCO홀딩스,005490,349000.0,353500.0,347500.0,348000.0,42861
2026-04-06 03:00:00+00:00,POSCO홀딩스,005490,348000.0,349000.0,346500.0,348500.0,31671
2026-04-06 04:00:00+00:00,POSCO홀딩스,005490,348500.0,350000.0,347500.0,348000.0,23394
2026-04-06 05:00:00+00:00,POSCO홀딩스,005490,348000.0,349000.0,347000.0,348000.0,33219
2026-04-07 00:00:00+00:00,POSCO홀딩스,005490,347000.0,354500.0,346000.0,349500.0,89504
2026-04-07 01:00:00+00:00,POSCO홀딩스,005490,349500.0,350500.0,345500.0,346000.0,55088
2026-04-07 02:00:00+00:00,POSCO홀딩스,005490,346000.0,347500.0,344500.0,346500.0,30063
2026-04-07 03:00:00+00:00,POSCO홀딩스,005490,346500.0,348500.0,345500.0,346000.0,19036
2026-04-07 04:00:00+00:00,POSCO홀딩스,005490,345500.0,346500.0,343000.0,345000.0,40370
2026-04-07 05:00:00+00:00,POSCO홀딩스,005490,345500.0,346000.0,343500.0,345000.0,21757
2026-04-08 00:00:00+00:00,POSCO홀딩스,005490,358000.0,359000.0,351000.0,352000.0,110396
2026-04-08 01:00:00+00:00,POSCO홀딩스,005490,351500.0,355500.0,351000.0,354500.0,48067
2026-04-08 02:00:00+00:00,POSCO홀딩스,005490,354500.0,359000.0,354500.0,359000.0,70793
2026-04-08 03:00:00+00:00,POSCO홀딩스,005490,358750.0,363500.0,358500.0,360500.0,72789
2026-04-08 04:00:00+00:00,POSCO홀딩스,005490,360500.0,363000.0,360000.0,363000.0,46105
2026-04-08 05:00:00+00:00,POSCO홀딩스,005490,363000.0,363500.0,361000.0,362500.0,50861
2026-04-09 00:00:00+00:00,POSCO홀딩스,005490,360000.0,370000.0,357500.0,367500.0,129141
2026-04-09 01:00:00+00:00,POSCO홀딩스,005490,367500.0,368500.0,361500.0,366500.0,55285
2026-04-09 02:00:00+00:00,POSCO홀딩스,005490,366500.0,366500.0,363500.0,366000.0,31913
2026-04-09 03:00:00+00:00,POSCO홀딩스,005490,366000.0,367000.0,365000.0,365500.0,26611
2026-04-09 04:00:00+00:00,POSCO홀딩스,005490,365500.0,367000.0,364500.0,365500.0,30547
2026-04-09 05:00:00+00:00,POSCO홀딩스,005490,365000.0,368000.0,364000.0,367000.0,45254
2026-04-10 00:00:00+00:00,POSCO홀딩스,005490,370500.0,373500.0,365000.0,367500.0,82534
2026-04-10 01:00:00+00:00,POSCO홀딩스,005490,367500.0,368000.0,366000.0,366000.0,28135
2026-04-10 02:00:00+00:00,POSCO홀딩스,005490,366250.0,369000.0,365000.0,367500.0,24315
2026-04-10 03:00:00+00:00,POSCO홀딩스,005490,367500.0,368000.0,365500.0,367500.0,19779
2026-04-10 04:00:00+00:00,POSCO홀딩스,005490,367500.0,369000.0,367500.0,367500.0,17599
2026-04-10 05:00:00+00:00,POSCO홀딩스,005490,367500.0,369000.0,367500.0,368500.0,28052
2026-04-13 00:00:00+00:00,POSCO홀딩스,005490,362500.0,365000.0,361000.0,364000.0,0
2026-04-13 01:00:00+00:00,POSCO홀딩스,005490,364000.0,364500.0,359000.0,359000.0,52188
2026-04-13 02:00:00+00:00,POSCO홀딩스,005490,359500.0,359500.0,358000.0,359000.0,27084
2026-04-13 03:00:00+00:00,POSCO홀딩스,005490,359000.0,359500.0,355500.0,358000.0,48689
2026-04-13 04:00:00+00:00,POSCO홀딩스,005490,358500.0,359500.0,357500.0,358500.0,21287
2026-04-13 05:00:00+00:00,POSCO홀딩스,005490,358500.0,360000.0,358500.0,359000.0,25116
2026-04-14 00:00:00+00:00,POSCO홀딩스,005490,367000.0,367500.0,361000.0,363500.0,78555
2026-04-14 01:00:00+00:00,POSCO홀딩스,005490,364000.0,364500.0,362000.0,362500.0,27605
2026-04-14 02:00:00+00:00,POSCO홀딩스,005490,362500.0,364000.0,362500.0,363000.0,15835
2026-04-14 03:00:00+00:00,POSCO홀딩스,005490,362500.0,363500.0,362000.0,362500.0,16353
2026-04-14 04:00:00+00:00,POSCO홀딩스,005490,362500.0,364500.0,362000.0,362000.0,21533
2026-04-14 05:00:00+00:00,POSCO홀딩스,005490,362500.0,362750.0,361000.0,361500.0,26874
2026-04-06 00:00:00+00:00,NAVER,035420,197100.0,199400.0,194200.0,197800.0,0
2026-04-06 01:00:00+00:00,NAVER,035420,197900.0,198200.0,195200.0,195400.0,98969
2026-04-06 02:00:00+00:00,NAVER,035420,195500.0,198600.0,195200.0,196400.0,103245
2026-04-06 03:00:00+00:00,NAVER,035420,196300.0,196850.0,196000.0,196550.0,74904
2026-04-06 04:00:00+00:00,NAVER,035420,196500.0,197400.0,196300.0,196400.0,74522
2026-04-06 05:00:00+00:00,NAVER,035420,196400.0,197100.0,196000.0,196100.0,78190
2026-04-07 00:00:00+00:00,NAVER,035420,197200.0,202000.0,195800.0,200500.0,206032
2026-04-07 01:00:00+00:00,NAVER,035420,200500.0,201000.0,197300.0,197400.0,130345
2026-04-07 02:00:00+00:00,NAVER,035420,197400.0,197700.0,196700.0,196900.0,70676
2026-04-07 03:00:00+00:00,NAVER,035420,196950.0,197500.0,196500.0,196700.0,47864
2026-04-07 04:00:00+00:00,NAVER,035420,196600.0,196700.0,195600.0,196000.0,66251
2026-04-07 05:00:00+00:00,NAVER,035420,196100.0,196200.0,195100.0,195900.0,80120
2026-04-08 00:00:00+00:00,NAVER,035420,202500.0,204000.0,200000.0,200000.0,198570
2026-04-08 01:00:00+00:00,NAVER,035420,200250.0,202500.0,200000.0,201500.0,111249
2026-04-08 02:00:00+00:00,NAVER,035420,201000.0,202500.0,201000.0,201500.0,50927
2026-04-08 03:00:00+00:00,NAVER,035420,201500.0,202000.0,200500.0,201500.0,51184
2026-04-08 04:00:00+00:00,NAVER,035420,201000.0,203000.0,201000.0,201500.0,79283
2026-04-08 05:00:00+00:00,NAVER,035420,201500.0,202000.0,201000.0,201000.0,100251
2026-04-09 00:00:00+00:00,NAVER,035420,200000.0,201000.0,198600.0,199600.0,196280
2026-04-09 01:00:00+00:00,NAVER,035420,199700.0,200000.0,198800.0,199450.0,109976
2026-04-09 02:00:00+00:00,NAVER,035420,199400.0,199800.0,198900.0,199300.0,90691
2026-04-09 03:00:00+00:00,NAVER,035420,199300.0,199500.0,198900.0,199100.0,88901
2026-04-09 04:00:00+00:00,NAVER,035420,199000.0,204500.0,198700.0,204000.0,197916
2026-04-09 05:00:00+00:00,NAVER,035420,204000.0,206500.0,199800.0,200500.0,378614
2026-04-10 00:00:00+00:00,NAVER,035420,202500.0,204000.0,201000.0,204000.0,140328
2026-04-10 01:00:00+00:00,NAVER,035420,203500.0,205000.0,202500.0,203250.0,92557
2026-04-10 02:00:00+00:00,NAVER,035420,203500.0,203500.0,202500.0,202500.0,49009
2026-04-10 03:00:00+00:00,NAVER,035420,202500.0,203500.0,202000.0,203000.0,39560
2026-04-10 04:00:00+00:00,NAVER,035420,203000.0,204000.0,202500.0,202500.0,63611
2026-04-10 05:00:00+00:00,NAVER,035420,202500.0,203500.0,202500.0,202500.0,55306
2026-04-13 00:00:00+00:00,NAVER,035420,197700.0,198400.0,196800.0,198400.0,0
2026-04-13 01:00:00+00:00,NAVER,035420,198400.0,199500.0,198200.0,199100.0,75604
2026-04-13 02:00:00+00:00,NAVER,035420,199100.0,199500.0,198800.0,199200.0,50100
2026-04-13 03:00:00+00:00,NAVER,035420,199300.0,199400.0,198100.0,198900.0,55914
2026-04-13 04:00:00+00:00,NAVER,035420,198900.0,199100.0,198100.0,198300.0,49916
2026-04-13 05:00:00+00:00,NAVER,035420,198400.0,198700.0,198200.0,198200.0,66764
2026-04-14 00:00:00+00:00,NAVER,035420,203500.0,206500.0,202500.0,205500.0,167829
2026-04-14 01:00:00+00:00,NAVER,035420,205500.0,205500.0,203000.0,204000.0,73773
2026-04-14 02:00:00+00:00,NAVER,035420,204000.0,205500.0,202000.0,202500.0,72515
2026-04-14 03:00:00+00:00,NAVER,035420,202000.0,203500.0,202000.0,202500.0,64965
2026-04-14 04:00:00+00:00,NAVER,035420,202500.0,203500.0,202500.0,202750.0,57102
2026-04-14 05:00:00+00:00,NAVER,035420,202500.0,203000.0,201000.0,201500.0,130978
2026-04-06 00:00:00+00:00,LG화학,051910,303500.0,318000.0,303500.0,317000.0,0
2026-04-06 01:00:00+00:00,LG화학,051910,316500.0,320500.0,314500.0,315000.0,53638
2026-04-06 02:00:00+00:00,LG화학,051910,315000.0,319000.0,313500.0,316000.0,35646
2026-04-06 03:00:00+00:00,LG화학,051910,316000.0,318500.0,315000.0,316500.0,32145
2026-04-06 04:00:00+00:00,LG화학,051910,316500.0,319500.0,316000.0,318000.0,33246
2026-04-06 05:00:00+00:00,LG화학,051910,318500.0,319500.0,316500.0,317500.0,32869
2026-04-07 00:00:00+00:00,LG화학,051910,316500.0,328500.0,315000.0,326500.0,82383
2026-04-07 01:00:00+00:00,LG화학,051910,326500.0,331000.0,326000.0,327500.0,72873
2026-04-07 02:00:00+00:00,LG화학,051910,327500.0,329000.0,325000.0,326500.0,36310
2026-04-07 03:00:00+00:00,LG화학,051910,326500.0,327000.0,323500.0,324000.0,25168
2026-04-07 04:00:00+00:00,LG화학,051910,324000.0,324500.0,320500.0,322000.0,30140
2026-04-07 05:00:00+00:00,LG화학,051910,322500.0,323500.0,320000.0,323250.0,33138
2026-04-08 00:00:00+00:00,LG화학,051910,342000.0,343000.0,331500.0,332000.0,95821
2026-04-08 01:00:00+00:00,LG화학,051910,332000.0,335000.0,331000.0,334500.0,37447
2026-04-08 02:00:00+00:00,LG화학,051910,334500.0,336500.0,333500.0,336000.0,21962
2026-04-08 03:00:00+00:00,LG화학,051910,336000.0,346500.0,336000.0,345000.0,69204
2026-04-08 04:00:00+00:00,LG화학,051910,345000.0,346000.0,341000.0,344000.0,37971
2026-04-08 05:00:00+00:00,LG화학,051910,344500.0,346000.0,340500.0,342500.0,45312
2026-04-09 00:00:00+00:00,LG화학,051910,353500.0,367000.0,348500.0,361500.0,241464
2026-04-09 01:00:00+00:00,LG화학,051910,361500.0,364000.0,360000.0,362500.0,91440
2026-04-09 02:00:00+00:00,LG화학,051910,362500.0,362500.0,356000.0,361500.0,68080
2026-04-09 03:00:00+00:00,LG화학,051910,361500.0,361500.0,355000.0,357500.0,57037
2026-04-09 04:00:00+00:00,LG화학,051910,357500.0,358000.0,355000.0,355500.0,57281
2026-04-09 05:00:00+00:00,LG화학,051910,355000.0,358500.0,354500.0,357500.0,63792
2026-04-10 00:00:00+00:00,LG화학,051910,359500.0,362500.0,351500.0,358000.0,71915
2026-04-10 01:00:00+00:00,LG화학,051910,358500.0,358500.0,352500.0,354500.0,44256
2026-04-10 02:00:00+00:00,LG화학,051910,354500.0,358000.0,354000.0,356500.0,22997
2026-04-10 03:00:00+00:00,LG화학,051910,357000.0,358500.0,355500.0,357500.0,24488
2026-04-10 04:00:00+00:00,LG화학,051910,357500.0,359500.0,356500.0,358500.0,29828
2026-04-10 05:00:00+00:00,LG화학,051910,359000.0,359500.0,353500.0,357000.0,51036
2026-04-13 00:00:00+00:00,LG화학,051910,344000.0,345000.0,340000.0,344500.0,0
2026-04-13 01:00:00+00:00,LG화학,051910,344500.0,345000.0,341500.0,343000.0,19496
2026-04-13 02:00:00+00:00,LG화학,051910,343000.0,343000.0,339000.0,339500.0,34099
2026-04-13 03:00:00+00:00,LG화학,051910,340000.0,340000.0,336000.0,339000.0,27765
2026-04-13 04:00:00+00:00,LG화학,051910,339000.0,342000.0,338000.0,341000.0,25383
2026-04-13 05:00:00+00:00,LG화학,051910,341500.0,342500.0,339000.0,339500.0,39910
2026-04-14 00:00:00+00:00,LG화학,051910,346000.0,350500.0,342000.0,345000.0,41375
2026-04-14 01:00:00+00:00,LG화학,051910,345000.0,346500.0,342000.0,342500.0,30169
2026-04-14 02:00:00+00:00,LG화학,051910,342500.0,346000.0,342000.0,344000.0,16574
2026-04-14 03:00:00+00:00,LG화학,051910,344000.0,345500.0,343000.0,344000.0,12374
2026-04-14 04:00:00+00:00,LG화학,051910,344250.0,345500.0,342000.0,342000.0,14594
2026-04-14 05:00:00+00:00,LG화학,051910,342000.0,343500.0,340500.0,341500.0,23831
2026-04-06 00:00:00+00:00,삼성SDI,006400,441000.0,460000.0,438000.0,459500.0,0
2026-04-06 01:00:00+00:00,삼성SDI,006400,459500.0,470000.0,456000.0,457000.0,377426
2026-04-06 02:00:00+00:00,삼성SDI,006400,457500.0,463500.0,452500.0,453000.0,121727
2026-04-06 03:00:00+00:00,삼성SDI,006400,453000.0,455500.0,448500.0,452500.0,103704
2026-04-06 04:00:00+00:00,삼성SDI,006400,452250.0,454500.0,449500.0,452250.0,62744
2026-04-06 05:00:00+00:00,삼성SDI,006400,452250.0,454500.0,450000.0,453500.0,70379
2026-04-07 00:00:00+00:00,삼성SDI,006400,448500.0,468500.0,445000.0,462500.0,309812
2026-04-07 01:00:00+00:00,삼성SDI,006400,462500.0,468500.0,454000.0,455000.0,178121
2026-04-07 02:00:00+00:00,삼성SDI,006400,455500.0,459500.0,451500.0,457000.0,76342
2026-04-07 03:00:00+00:00,삼성SDI,006400,456500.0,459000.0,453000.0,454000.0,40556
2026-04-07 04:00:00+00:00,삼성SDI,006400,454000.0,458500.0,452000.0,457000.0,55675
2026-04-07 05:00:00+00:00,삼성SDI,006400,456500.0,458000.0,453500.0,456500.0,58169
2026-04-08 00:00:00+00:00,삼성SDI,006400,471000.0,471500.0,454500.0,459000.0,283627
2026-04-08 01:00:00+00:00,삼성SDI,006400,459000.0,462000.0,455500.0,462000.0,95494
2026-04-08 02:00:00+00:00,삼성SDI,006400,461500.0,465500.0,461500.0,464000.0,72359
2026-04-08 03:00:00+00:00,삼성SDI,006400,464000.0,471500.0,463500.0,469500.0,113952
2026-04-08 04:00:00+00:00,삼성SDI,006400,469500.0,471000.0,465500.0,469000.0,81096
2026-04-08 05:00:00+00:00,삼성SDI,006400,469500.0,469500.0,466500.0,469000.0,93969
2026-04-09 00:00:00+00:00,삼성SDI,006400,475000.0,493500.0,469000.0,488000.0,394032
2026-04-09 01:00:00+00:00,삼성SDI,006400,488000.0,489000.0,479500.0,487000.0,117839
2026-04-09 02:00:00+00:00,삼성SDI,006400,487000.0,491500.0,484750.0,489000.0,83970
2026-04-09 03:00:00+00:00,삼성SDI,006400,489000.0,489000.0,484000.0,485000.0,44725
2026-04-09 04:00:00+00:00,삼성SDI,006400,485000.0,485500.0,481000.0,484000.0,58660
2026-04-09 05:00:00+00:00,삼성SDI,006400,484000.0,487000.0,480500.0,481500.0,99163
2026-04-10 00:00:00+00:00,삼성SDI,006400,483000.0,490000.0,473000.0,484500.0,222527
2026-04-10 01:00:00+00:00,삼성SDI,006400,484500.0,487500.0,478000.0,483000.0,93275
2026-04-10 02:00:00+00:00,삼성SDI,006400,483000.0,485500.0,481000.0,484000.0,55659
2026-04-10 03:00:00+00:00,삼성SDI,006400,484000.0,484000.0,481500.0,483000.0,32293
2026-04-10 04:00:00+00:00,삼성SDI,006400,483000.0,485500.0,482000.0,483500.0,44741
2026-04-10 05:00:00+00:00,삼성SDI,006400,483500.0,485000.0,481000.0,481500.0,46550
2026-04-13 00:00:00+00:00,삼성SDI,006400,476500.0,493000.0,476000.0,484000.0,0
2026-04-13 01:00:00+00:00,삼성SDI,006400,484500.0,486000.0,477500.0,480000.0,58294
2026-04-13 02:00:00+00:00,삼성SDI,006400,480000.0,480500.0,474000.0,478000.0,47868
2026-04-13 03:00:00+00:00,삼성SDI,006400,478000.0,478500.0,472000.0,475500.0,41814
2026-04-13 04:00:00+00:00,삼성SDI,006400,475000.0,478500.0,472500.0,477000.0,42725
2026-04-13 05:00:00+00:00,삼성SDI,006400,477000.0,481000.0,477000.0,478000.0,49099
2026-04-14 00:00:00+00:00,삼성SDI,006400,485500.0,491000.0,463000.0,474500.0,351893
2026-04-14 01:00:00+00:00,삼성SDI,006400,474500.0,476000.0,469500.0,472500.0,107918
2026-04-14 02:00:00+00:00,삼성SDI,006400,472500.0,475000.0,471000.0,471000.0,46746
2026-04-14 03:00:00+00:00,삼성SDI,006400,471000.0,471500.0,466000.0,469000.0,112763
2026-04-14 04:00:00+00:00,삼성SDI,006400,469000.0,476000.0,468500.0,470500.0,87592
2026-04-14 05:00:00+00:00,삼성SDI,006400,470500.0,472500.0,469000.0,471500.0,59003
2026-04-06 00:00:00+00:00,삼성물산,028260,265500.0,276500.0,265500.0,272500.0,0
2026-04-06 01:00:00+00:00,삼성물산,028260,272500.0,273000.0,266000.0,266500.0,42197
2026-04-06 02:00:00+00:00,삼성물산,028260,266500.0,272500.0,266000.0,267500.0,47140
2026-04-06 03:00:00+00:00,삼성물산,028260,267500.0,268000.0,266000.0,266500.0,36913
2026-04-06 04:00:00+00:00,삼성물산,028260,267000.0,269000.0,266500.0,267500.0,48256
2026-04-06 05:00:00+00:00,삼성물산,028260,267500.0,269500.0,266000.0,267500.0,43997
2026-04-07 00:00:00+00:00,삼성물산,028260,281000.0,286000.0,275500.0,276000.0,117360
2026-04-07 01:00:00+00:00,삼성물산,028260,276000.0,277250.0,271000.0,271500.0,54671
2026-04-07 02:00:00+00:00,삼성물산,028260,271500.0,273000.0,270000.0,271500.0,35526
2026-04-07 03:00:00+00:00,삼성물산,028260,272000.0,272500.0,270000.0,271000.0,28088
2026-04-07 04:00:00+00:00,삼성물산,028260,271000.0,272500.0,269500.0,271500.0,31923
2026-04-07 05:00:00+00:00,삼성물산,028260,272000.0,275000.0,269500.0,274500.0,45721
2026-04-08 00:00:00+00:00,삼성물산,028260,299500.0,303500.0,294500.0,297000.0,194005
2026-04-08 01:00:00+00:00,삼성물산,028260,298000.0,304000.0,296500.0,301500.0,95363
2026-04-08 02:00:00+00:00,삼성물산,028260,301000.0,304000.0,300500.0,302000.0,54563
2026-04-08 03:00:00+00:00,삼성물산,028260,302500.0,312500.0,302000.0,305000.0,141121
2026-04-08 04:00:00+00:00,삼성물산,028260,305000.0,311000.0,304500.0,311000.0,98710
2026-04-08 05:00:00+00:00,삼성물산,028260,310500.0,311500.0,307500.0,309500.0,109194
2026-04-09 00:00:00+00:00,삼성물산,028260,305000.0,311500.0,302000.0,304500.0,86152
2026-04-09 01:00:00+00:00,삼성물산,028260,304500.0,307500.0,300000.0,307000.0,50150
2026-04-09 02:00:00+00:00,삼성물산,028260,307000.0,308000.0,303500.0,305500.0,29086
2026-04-09 03:00:00+00:00,삼성물산,028260,305500.0,306000.0,301500.0,301500.0,27972
2026-04-09 04:00:00+00:00,삼성물산,028260,301500.0,302500.0,300000.0,302000.0,42477
2026-04-09 05:00:00+00:00,삼성물산,028260,302500.0,303500.0,299000.0,300000.0,64018
2026-04-10 00:00:00+00:00,삼성물산,028260,310500.0,314000.0,303000.0,307000.0,88013
2026-04-10 01:00:00+00:00,삼성물산,028260,307500.0,309000.0,305500.0,305500.0,36555
2026-04-10 02:00:00+00:00,삼성물산,028260,306000.0,307000.0,303500.0,306000.0,23240
2026-04-10 03:00:00+00:00,삼성물산,028260,305500.0,306000.0,303500.0,304500.0,19292
2026-04-10 04:00:00+00:00,삼성물산,028260,304000.0,305000.0,303500.0,304500.0,21286
2026-04-10 05:00:00+00:00,삼성물산,028260,304250.0,304500.0,302500.0,302500.0,30719
2026-04-13 00:00:00+00:00,삼성물산,028260,293500.0,299000.0,292500.0,293500.0,0
2026-04-13 01:00:00+00:00,삼성물산,028260,294000.0,294500.0,288500.0,289500.0,68433
2026-04-13 02:00:00+00:00,삼성물산,028260,289000.0,290000.0,288500.0,288500.0,30326
2026-04-13 03:00:00+00:00,삼성물산,028260,288500.0,290000.0,287500.0,290000.0,24908
2026-04-13 04:00:00+00:00,삼성물산,028260,289500.0,290000.0,287000.0,288500.0,43833
2026-04-13 05:00:00+00:00,삼성물산,028260,288500.0,289500.0,286000.0,287500.0,69717
2026-04-14 00:00:00+00:00,삼성물산,028260,297000.0,298000.0,292000.0,296000.0,83631
2026-04-14 01:00:00+00:00,삼성물산,028260,296000.0,300000.0,295500.0,299250.0,66674
2026-04-14 02:00:00+00:00,삼성물산,028260,299250.0,301500.0,298000.0,301000.0,53089
2026-04-14 03:00:00+00:00,삼성물산,028260,301000.0,302000.0,300000.0,301500.0,38762
2026-04-14 04:00:00+00:00,삼성물산,028260,301500.0,301500.0,298500.0,299500.0,47750
2026-04-14 05:00:00+00:00,삼성물산,028260,299500.0,300000.0,296000.0,297000.0,62916
2026-04-06 00:00:00+00:00,카카오,035720,45000.0,45450.0,44000.0,45050.0,0
2026-04-06 01:00:00+00:00,카카오,035720,45025.0,45200.0,44500.0,44550.0,142150
2026-04-06 02:00:00+00:00,카카오,035720,44500.0,45300.0,44450.0,44650.0,191062
2026-04-06 03:00:00+00:00,카카오,035720,44650.0,44750.0,44550.0,44650.0,77599
2026-04-06 04:00:00+00:00,카카오,035720,44700.0,44850.0,44600.0,44700.0,91812
2026-04-06 05:00:00+00:00,카카오,035720,44700.0,44850.0,44550.0,44600.0,145398
2026-04-07 00:00:00+00:00,카카오,035720,45050.0,47250.0,45050.0,46950.0,761123
2026-04-07 01:00:00+00:00,카카오,035720,47000.0,47000.0,46150.0,46300.0,367128
2026-04-07 02:00:00+00:00,카카오,035720,46300.0,46450.0,46000.0,46150.0,196103
2026-04-07 03:00:00+00:00,카카오,035720,46200.0,46500.0,46100.0,46300.0,119456
2026-04-07 04:00:00+00:00,카카오,035720,46300.0,46400.0,45950.0,46250.0,160169
2026-04-07 05:00:00+00:00,카카오,035720,46250.0,46450.0,46100.0,46350.0,223262
2026-04-08 00:00:00+00:00,카카오,035720,48400.0,48600.0,47350.0,47400.0,509011
2026-04-08 01:00:00+00:00,카카오,035720,47350.0,47850.0,47250.0,47750.0,263194
2026-04-08 02:00:00+00:00,카카오,035720,47750.0,48100.0,47700.0,47900.0,185657
2026-04-08 03:00:00+00:00,카카오,035720,47925.0,48100.0,47750.0,47875.0,133830
2026-04-08 04:00:00+00:00,카카오,035720,47850.0,48050.0,47600.0,47700.0,177298
2026-04-08 05:00:00+00:00,카카오,035720,47650.0,47950.0,47550.0,47850.0,198927
2026-04-09 00:00:00+00:00,카카오,035720,47900.0,47950.0,47200.0,47550.0,183312
2026-04-09 01:00:00+00:00,카카오,035720,47600.0,47600.0,47150.0,47450.0,132681
2026-04-09 02:00:00+00:00,카카오,035720,47425.0,47550.0,47250.0,47350.0,93019
2026-04-09 03:00:00+00:00,카카오,035720,47350.0,47500.0,47200.0,47300.0,107129
2026-04-09 04:00:00+00:00,카카오,035720,47250.0,47650.0,47000.0,47400.0,176635
2026-04-09 05:00:00+00:00,카카오,035720,47450.0,47550.0,47150.0,47200.0,148815
2026-04-10 00:00:00+00:00,카카오,035720,47550.0,47800.0,47300.0,47650.0,191563
2026-04-10 01:00:00+00:00,카카오,035720,47650.0,47900.0,47650.0,47700.0,112647
2026-04-10 02:00:00+00:00,카카오,035720,47650.0,47700.0,47450.0,47550.0,68101
2026-04-10 03:00:00+00:00,카카오,035720,47500.0,47600.0,47500.0,47550.0,36974
2026-04-10 04:00:00+00:00,카카오,035720,47550.0,47850.0,47550.0,47750.0,105259
2026-04-10 05:00:00+00:00,카카오,035720,47750.0,47850.0,47650.0,47750.0,66963
2026-04-13 00:00:00+00:00,카카오,035720,46550.0,46950.0,46300.0,46800.0,0
2026-04-13 01:00:00+00:00,카카오,035720,46850.0,47200.0,46600.0,47100.0,143682
2026-04-13 02:00:00+00:00,카카오,035720,47150.0,47400.0,46950.0,47250.0,80387
2026-04-13 03:00:00+00:00,카카오,035720,47300.0,47300.0,47000.0,47200.0,62594
2026-04-13 04:00:00+00:00,카카오,035720,47175.0,47250.0,46850.0,47050.0,75737
2026-04-13 05:00:00+00:00,카카오,035720,47000.0,47100.0,46850.0,46900.0,95211
2026-04-14 00:00:00+00:00,카카오,035720,48050.0,48900.0,47950.0,48600.0,410107
2026-04-14 01:00:00+00:00,카카오,035720,48600.0,48600.0,48250.0,48600.0,151380
2026-04-14 02:00:00+00:00,카카오,035720,48550.0,48850.0,48400.0,48400.0,125257
2026-04-14 03:00:00+00:00,카카오,035720,48400.0,48500.0,48300.0,48400.0,71124
2026-04-14 04:00:00+00:00,카카오,035720,48450.0,48700.0,48400.0,48400.0,92099
2026-04-14 05:00:00+00:00,카카오,035720,48400.0,48500.0,48150.0,48150.0,102190
2026-04-06 00:00:00+00:00,KB금융,105560,145800.0,148300.0,145100.0,146400.0,0
2026-04-06 01:00:00+00:00,KB금융,105560,146400.0,147600.0,145500.0,146100.0,74261
2026-04-06 02:00:00+00:00,KB금융,105560,146200.0,149500.0,146000.0,147000.0,108967
2026-04-06 03:00:00+00:00,KB금융,105560,146900.0,148400.0,146900.0,147900.0,50670
2026-04-06 04:00:00+00:00,KB금융,105560,148000.0,148900.0,147800.0,148500.0,64483
2026-04-06 05:00:00+00:00,KB금융,105560,148400.0,149100.0,146600.0,147500.0,78698
2026-04-07 00:00:00+00:00,KB금융,105560,146700.0,151900.0,146700.0,151400.0,182608
2026-04-07 01:00:00+00:00,KB금융,105560,151300.0,151400.0,148300.0,148500.0,99093
2026-04-07 02:00:00+00:00,KB금융,105560,148500.0,148900.0,147600.0,148700.0,86557
2026-04-07 03:00:00+00:00,KB금융,105560,148700.0,149200.0,148000.0,148500.0,56115
2026-04-07 04:00:00+00:00,KB금융,105560,148500.0,148500.0,147300.0,147600.0,63779
2026-04-07 05:00:00+00:00,KB금융,105560,147600.0,148000.0,147000.0,147300.0,56972
2026-04-08 00:00:00+00:00,KB금융,105560,158200.0,159100.0,155000.0,155200.0,491586
2026-04-08 01:00:00+00:00,KB금융,105560,155200.0,157700.0,155000.0,157400.0,152155
2026-04-08 02:00:00+00:00,KB금융,105560,157500.0,158400.0,156700.0,156900.0,117451
2026-04-08 03:00:00+00:00,KB금융,105560,156800.0,157500.0,156800.0,157500.0,72821
2026-04-08 04:00:00+00:00,KB금융,105560,157500.0,157900.0,156200.0,156900.0,103919
2026-04-08 05:00:00+00:00,KB금융,105560,156900.0,157800.0,155700.0,156500.0,133502
2026-04-09 00:00:00+00:00,KB금융,105560,162700.0,162700.0,155200.0,156500.0,244089
2026-04-09 01:00:00+00:00,KB금융,105560,156500.0,157600.0,155700.0,156700.0,96169
2026-04-09 02:00:00+00:00,KB금융,105560,156700.0,157100.0,155800.0,156500.0,58693
2026-04-09 03:00:00+00:00,KB금융,105560,156500.0,156700.0,155800.0,156000.0,48575
2026-04-09 04:00:00+00:00,KB금융,105560,156000.0,156400.0,154300.0,154500.0,76883
2026-04-09 05:00:00+00:00,KB금융,105560,154400.0,154800.0,154100.0,154400.0,89923
2026-04-10 00:00:00+00:00,KB금융,105560,156000.0,159500.0,156000.0,156900.0,187797
2026-04-10 01:00:00+00:00,KB금융,105560,157000.0,158700.0,156800.0,157500.0,74292
2026-04-10 02:00:00+00:00,KB금융,105560,157600.0,158350.0,156800.0,157700.0,47767
2026-04-10 03:00:00+00:00,KB금융,105560,157800.0,158200.0,157500.0,158150.0,33638
2026-04-10 04:00:00+00:00,KB금융,105560,158150.0,158200.0,157700.0,158000.0,43032
2026-04-10 05:00:00+00:00,KB금융,105560,157900.0,158300.0,157500.0,158200.0,60186
2026-04-13 00:00:00+00:00,KB금융,105560,156800.0,158100.0,155700.0,156700.0,0
2026-04-13 01:00:00+00:00,KB금융,105560,156700.0,157800.0,156200.0,156500.0,87125
2026-04-13 02:00:00+00:00,KB금융,105560,156600.0,156700.0,155600.0,156100.0,64452
2026-04-13 03:00:00+00:00,KB금융,105560,156000.0,156400.0,155300.0,156300.0,83224
2026-04-13 04:00:00+00:00,KB금융,105560,156200.0,156400.0,155500.0,156100.0,88829
2026-04-13 05:00:00+00:00,KB금융,105560,156100.0,156200.0,155400.0,155500.0,112154
2026-04-14 00:00:00+00:00,KB금융,105560,157600.0,159800.0,157100.0,158300.0,327064
2026-04-14 01:00:00+00:00,KB금융,105560,158300.0,158300.0,155800.0,156600.0,142387
2026-04-14 02:00:00+00:00,KB금융,105560,156600.0,157100.0,156200.0,156600.0,75324
2026-04-14 03:00:00+00:00,KB금융,105560,156500.0,157000.0,156300.0,156600.0,75642
2026-04-14 04:00:00+00:00,KB금융,105560,156500.0,157000.0,156300.0,156300.0,112521
2026-04-14 05:00:00+00:00,KB금융,105560,156400.0,156400.0,155800.0,155900.0,110670
2026-04-06 00:00:00+00:00,현대모비스,012330,388500.0,395500.0,386000.0,386500.0,0
2026-04-06 01:00:00+00:00,현대모비스,012330,386500.0,388500.0,383500.0,383500.0,27955
2026-04-06 02:00:00+00:00,현대모비스,012330,383500.0,390500.0,383500.0,385000.0,29064
2026-04-06 03:00:00+00:00,현대모비스,012330,384500.0,386500.0,383500.0,386000.0,22183
2026-04-06 04:00:00+00:00,현대모비스,012330,386000.0,387500.0,385000.0,386000.0,15759
2026-04-06 05:00:00+00:00,현대모비스,012330,386500.0,388500.0,385000.0,386000.0,19268
2026-04-07 00:00:00+00:00,현대모비스,012330,389000.0,391000.0,384500.0,387000.0,51676
2026-04-07 01:00:00+00:00,현대모비스,012330,387000.0,388000.0,385500.0,386000.0,34589
2026-04-07 02:00:00+00:00,현대모비스,012330,387000.0,387000.0,384000.0,386500.0,27584
2026-04-07 03:00:00+00:00,현대모비스,012330,386000.0,389000.0,385500.0,386500.0,15640
2026-04-07 04:00:00+00:00,현대모비스,012330,386500.0,388500.0,386000.0,387500.0,20938
2026-04-07 05:00:00+00:00,현대모비스,012330,387500.0,388500.0,386000.0,388500.0,15217
2026-04-08 00:00:00+00:00,현대모비스,012330,409000.0,411000.0,399000.0,399000.0,73367
2026-04-08 01:00:00+00:00,현대모비스,012330,399500.0,401000.0,397000.0,397750.0,49267
2026-04-08 02:00:00+00:00,현대모비스,012330,398000.0,403000.0,397500.0,400500.0,37208
2026-04-08 03:00:00+00:00,현대모비스,012330,400500.0,402000.0,399500.0,401500.0,26535
2026-04-08 04:00:00+00:00,현대모비스,012330,401000.0,406000.0,401000.0,405500.0,60163
2026-04-08 05:00:00+00:00,현대모비스,012330,405500.0,406500.0,404000.0,405000.0,54548
2026-04-09 00:00:00+00:00,현대모비스,012330,408000.0,414500.0,405500.0,408000.0,50253
2026-04-09 01:00:00+00:00,현대모비스,012330,408000.0,410000.0,405500.0,409000.0,34427
2026-04-09 02:00:00+00:00,현대모비스,012330,409000.0,411000.0,409000.0,410500.0,24940
2026-04-09 03:00:00+00:00,현대모비스,012330,410500.0,410500.0,406500.0,406500.0,20551
2026-04-09 04:00:00+00:00,현대모비스,012330,406500.0,407000.0,404500.0,405500.0,24914
2026-04-09 05:00:00+00:00,현대모비스,012330,405500.0,406000.0,398500.0,399000.0,36044
2026-04-10 00:00:00+00:00,현대모비스,012330,406500.0,408000.0,401500.0,403500.0,47051
2026-04-10 01:00:00+00:00,현대모비스,012330,404000.0,407000.0,402500.0,402500.0,34618
2026-04-10 02:00:00+00:00,현대모비스,012330,402500.0,403000.0,400000.0,400000.0,24486
2026-04-10 03:00:00+00:00,현대모비스,012330,400500.0,401000.0,398500.0,400000.0,25050
2026-04-10 04:00:00+00:00,현대모비스,012330,400500.0,403000.0,400000.0,402500.0,31125
2026-04-10 05:00:00+00:00,현대모비스,012330,402000.0,404000.0,400500.0,402250.0,43614
2026-04-13 00:00:00+00:00,현대모비스,012330,391500.0,392500.0,386500.0,390500.0,0
2026-04-13 01:00:00+00:00,현대모비스,012330,391000.0,391500.0,389000.0,390000.0,20845
2026-04-13 02:00:00+00:00,현대모비스,012330,390500.0,390500.0,389000.0,389500.0,20227
2026-04-13 03:00:00+00:00,현대모비스,012330,390000.0,390000.0,388500.0,389000.0,19498
2026-04-13 04:00:00+00:00,현대모비스,012330,389500.0,390000.0,388500.0,389000.0,31480
2026-04-13 05:00:00+00:00,현대모비스,012330,389500.0,390000.0,388500.0,389000.0,27014
2026-04-14 00:00:00+00:00,현대모비스,012330,403000.0,410000.0,400500.0,408500.0,53704
2026-04-14 01:00:00+00:00,현대모비스,012330,408500.0,408500.0,405000.0,406000.0,28825
2026-04-14 02:00:00+00:00,현대모비스,012330,406000.0,407000.0,405500.0,406000.0,14850
2026-04-14 03:00:00+00:00,현대모비스,012330,406000.0,406500.0,405000.0,405000.0,11773
2026-04-14 04:00:00+00:00,현대모비스,012330,405500.0,407000.0,403500.0,404500.0,20981
2026-04-14 05:00:00+00:00,현대모비스,012330,405000.0,406500.0,403500.0,404500.0,20651
2026-04-06 00:00:00+00:00,신한지주,055550,92200.0,94100.0,91800.0,92900.0,0
2026-04-06 01:00:00+00:00,신한지주,055550,92900.0,93400.0,92100.0,92300.0,82241
2026-04-06 02:00:00+00:00,신한지주,055550,92200.0,94400.0,92200.0,92600.0,136678
2026-04-06 03:00:00+00:00,신한지주,055550,92600.0,93600.0,92300.0,93200.0,52841
2026-04-06 04:00:00+00:00,신한지주,055550,93300.0,94000.0,93000.0,93900.0,78816
2026-04-06 05:00:00+00:00,신한지주,055550,93800.0,94100.0,92600.0,92900.0,88080
2026-04-07 00:00:00+00:00,신한지주,055550,91800.0,94500.0,91700.0,93800.0,159126
2026-04-07 01:00:00+00:00,신한지주,055550,93800.0,94100.0,92800.0,92900.0,104607
2026-04-07 02:00:00+00:00,신한지주,055550,92900.0,93100.0,92100.0,92600.0,117035
2026-04-07 03:00:00+00:00,신한지주,055550,92600.0,93100.0,92300.0,92700.0,63387
2026-04-07 04:00:00+00:00,신한지주,055550,92700.0,92800.0,91900.0,92000.0,97166
2026-04-07 05:00:00+00:00,신한지주,055550,92000.0,92100.0,91500.0,91900.0,92273
2026-04-08 00:00:00+00:00,신한지주,055550,96300.0,98400.0,95800.0,95800.0,401614
2026-04-08 01:00:00+00:00,신한지주,055550,95900.0,97700.0,95600.0,97100.0,180661
2026-04-08 02:00:00+00:00,신한지주,055550,97100.0,97700.0,96900.0,97000.0,105392
2026-04-08 03:00:00+00:00,신한지주,055550,97000.0,97200.0,96700.0,96900.0,83536
2026-04-08 04:00:00+00:00,신한지주,055550,96900.0,97300.0,96400.0,96700.0,123941
2026-04-08 05:00:00+00:00,신한지주,055550,96700.0,97600.0,96200.0,96400.0,139219
2026-04-09 00:00:00+00:00,신한지주,055550,97200.0,98000.0,96500.0,97700.0,183149
2026-04-09 01:00:00+00:00,신한지주,055550,97700.0,98900.0,97400.0,98400.0,134925
2026-04-09 02:00:00+00:00,신한지주,055550,98500.0,98700.0,97800.0,98500.0,115788
2026-04-09 03:00:00+00:00,신한지주,055550,98500.0,98600.0,97600.0,98000.0,92376
2026-04-09 04:00:00+00:00,신한지주,055550,98000.0,98200.0,96700.0,97100.0,142477
2026-04-09 05:00:00+00:00,신한지주,055550,97100.0,97400.0,96700.0,97000.0,146360
2026-04-10 00:00:00+00:00,신한지주,055550,97000.0,99800.0,97000.0,98200.0,190496
2026-04-10 01:00:00+00:00,신한지주,055550,98300.0,99700.0,98000.0,98800.0,102331
2026-04-10 02:00:00+00:00,신한지주,055550,98900.0,99200.0,98400.0,98900.0,51950
2026-04-10 03:00:00+00:00,신한지주,055550,98900.0,99200.0,98600.0,99000.0,40765
2026-04-10 04:00:00+00:00,신한지주,055550,99100.0,99300.0,98600.0,98900.0,46455
2026-04-10 05:00:00+00:00,신한지주,055550,98900.0,99000.0,98500.0,98900.0,52497
2026-04-13 00:00:00+00:00,신한지주,055550,96900.0,98900.0,96300.0,98200.0,0
2026-04-13 01:00:00+00:00,신한지주,055550,98200.0,98800.0,97800.0,98300.0,48794
2026-04-13 02:00:00+00:00,신한지주,055550,98300.0,98600.0,97900.0,98300.0,41865
2026-04-13 03:00:00+00:00,신한지주,055550,98300.0,98500.0,97700.0,98200.0,42201
2026-04-13 04:00:00+00:00,신한지주,055550,98200.0,98500.0,97800.0,98200.0,53744
2026-04-13 05:00:00+00:00,신한지주,055550,98200.0,98400.0,97700.0,97700.0,63135
2026-04-14 00:00:00+00:00,신한지주,055550,98700.0,100000.0,98700.0,99600.0,179687
2026-04-14 01:00:00+00:00,신한지주,055550,99700.0,99800.0,98400.0,99300.0,147059
2026-04-14 02:00:00+00:00,신한지주,055550,99300.0,99900.0,99200.0,99300.0,98578
2026-04-14 03:00:00+00:00,신한지주,055550,99300.0,99800.0,99200.0,99700.0,74783
2026-04-14 04:00:00+00:00,신한지주,055550,99700.0,99900.0,99200.0,99400.0,118429
2026-04-14 05:00:00+00:00,신한지주,055550,99300.0,99700.0,98700.0,99100.0,117699
2026-04-06 00:00:00+00:00,LG전자,066570,108100.0,109800.0,108000.0,108700.0,0
2026-04-06 01:00:00+00:00,LG전자,066570,108700.0,109100.0,107800.0,107800.0,64011
2026-04-06 02:00:00+00:00,LG전자,066570,107800.0,110200.0,107800.0,108200.0,70105
2026-04-06 03:00:00+00:00,LG전자,066570,108150.0,108600.0,108000.0,108300.0,29835
2026-04-06 04:00:00+00:00,LG전자,066570,108250.0,109100.0,108000.0,108800.0,28575
2026-04-06 05:00:00+00:00,LG전자,066570,108800.0,109700.0,108700.0,109200.0,44609
2026-04-07 00:00:00+00:00,LG전자,066570,111400.0,114400.0,111100.0,112600.0,183266
2026-04-07 01:00:00+00:00,LG전자,066570,112500.0,112800.0,110500.0,110800.0,91270
2026-04-07 02:00:00+00:00,LG전자,066570,110800.0,113000.0,107000.0,107600.0,241889
2026-04-07 03:00:00+00:00,LG전자,066570,107700.0,108500.0,106700.0,107100.0,135592
2026-04-07 04:00:00+00:00,LG전자,066570,107000.0,107200.0,105300.0,105500.0,174118
2026-04-07 05:00:00+00:00,LG전자,066570,105500.0,106400.0,105000.0,106200.0,176164
2026-04-08 00:00:00+00:00,LG전자,066570,114200.0,117300.0,113000.0,113200.0,497556
2026-04-08 01:00:00+00:00,LG전자,066570,113200.0,115500.0,112900.0,115500.0,146154
2026-04-08 02:00:00+00:00,LG전자,066570,115400.0,116000.0,115300.0,115400.0,103414
2026-04-08 03:00:00+00:00,LG전자,066570,115400.0,115700.0,114700.0,115700.0,77313
2026-04-08 04:00:00+00:00,LG전자,066570,115600.0,116400.0,115500.0,116300.0,93441
2026-04-08 05:00:00+00:00,LG전자,066570,116300.0,116700.0,115200.0,115600.0,168995
2026-04-09 00:00:00+00:00,LG전자,066570,117100.0,120700.0,116800.0,117200.0,441066
2026-04-09 01:00:00+00:00,LG전자,066570,117200.0,117600.0,115700.0,117500.0,161499
2026-04-09 02:00:00+00:00,LG전자,066570,117600.0,118100.0,117100.0,117600.0,69319
2026-04-09 03:00:00+00:00,LG전자,066570,117600.0,117600.0,116600.0,116800.0,77818
2026-04-09 04:00:00+00:00,LG전자,066570,116700.0,117300.0,116200.0,116800.0,99927
2026-04-09 05:00:00+00:00,LG전자,066570,116900.0,117000.0,116100.0,116200.0,130781
2026-04-10 00:00:00+00:00,LG전자,066570,119000.0,119900.0,117200.0,118300.0,182264
2026-04-10 01:00:00+00:00,LG전자,066570,118200.0,119200.0,118200.0,118400.0,91982
2026-04-10 02:00:00+00:00,LG전자,066570,118400.0,119300.0,118300.0,118800.0,64521
2026-04-10 03:00:00+00:00,LG전자,066570,118900.0,119000.0,118100.0,118300.0,53764
2026-04-10 04:00:00+00:00,LG전자,066570,118300.0,118700.0,118200.0,118600.0,45204
2026-04-10 05:00:00+00:00,LG전자,066570,118500.0,118900.0,118200.0,118500.0,77176
2026-04-13 00:00:00+00:00,LG전자,066570,115300.0,116800.0,114900.0,116000.0,0
2026-04-13 01:00:00+00:00,LG전자,066570,116000.0,116200.0,115700.0,115900.0,55857
2026-04-13 02:00:00+00:00,LG전자,066570,115900.0,116000.0,115400.0,115400.0,36730
2026-04-13 03:00:00+00:00,LG전자,066570,115500.0,115500.0,114800.0,115100.0,71969
2026-04-13 04:00:00+00:00,LG전자,066570,115100.0,115400.0,114700.0,114900.0,45404
2026-04-13 05:00:00+00:00,LG전자,066570,115000.0,115100.0,114900.0,115000.0,42129
2026-04-14 00:00:00+00:00,LG전자,066570,118200.0,121300.0,117600.0,120050.0,272934
2026-04-14 01:00:00+00:00,LG전자,066570,120100.0,121400.0,119300.0,119300.0,120390
2026-04-14 02:00:00+00:00,LG전자,066570,119350.0,120200.0,119100.0,120100.0,44274
2026-04-14 03:00:00+00:00,LG전자,066570,120050.0,120500.0,119700.0,120100.0,41565
2026-04-14 04:00:00+00:00,LG전자,066570,120200.0,120900.0,119950.0,120600.0,70500
2026-04-14 05:00:00+00:00,LG전자,066570,120500.0,120700.0,120100.0,120350.0,59913
2026-04-06 00:00:00+00:00,삼성생명,032830,222000.0,229000.0,222000.0,224500.0,0
2026-04-06 01:00:00+00:00,삼성생명,032830,225000.0,227000.0,222500.0,223500.0,21776
2026-04-06 02:00:00+00:00,삼성생명,032830,223500.0,229500.0,223500.0,225000.0,34387
2026-04-06 03:00:00+00:00,삼성생명,032830,224500.0,225000.0,223500.0,224000.0,10741
2026-04-06 04:00:00+00:00,삼성생명,032830,224500.0,227000.0,224000.0,225500.0,17777
2026-04-06 05:00:00+00:00,삼성생명,032830,225500.0,226500.0,223500.0,224500.0,19126
2026-04-07 00:00:00+00:00,삼성생명,032830,230500.0,234500.0,226000.0,226500.0,55727
2026-04-07 01:00:00+00:00,삼성생명,032830,226500.0,227500.0,223000.0,223500.0,25125
2026-04-07 02:00:00+00:00,삼성생명,032830,223500.0,225500.0,222000.0,224500.0,21783
2026-04-07 03:00:00+00:00,삼성생명,032830,224500.0,225500.0,224000.0,224000.0,9557
2026-04-07 04:00:00+00:00,삼성생명,032830,224500.0,224500.0,222000.0,222500.0,17642
2026-04-07 05:00:00+00:00,삼성생명,032830,222000.0,224500.0,220500.0,223500.0,40865
2026-04-08 00:00:00+00:00,삼성생명,032830,240500.0,240500.0,230500.0,236500.0,104602
2026-04-08 01:00:00+00:00,삼성생명,032830,236500.0,240000.0,235500.0,239000.0,52770
2026-04-08 02:00:00+00:00,삼성생명,032830,239500.0,241000.0,238500.0,239500.0,50466
2026-04-08 03:00:00+00:00,삼성생명,032830,239500.0,241500.0,239000.0,241500.0,28231
2026-04-08 04:00:00+00:00,삼성생명,032830,241000.0,242500.0,241000.0,241500.0,34506
2026-04-08 05:00:00+00:00,삼성생명,032830,241000.0,243000.0,238500.0,240000.0,69767
2026-04-09 00:00:00+00:00,삼성생명,032830,234500.0,236500.0,226500.0,227500.0,68084
2026-04-09 01:00:00+00:00,삼성생명,032830,227500.0,228000.0,224000.0,226000.0,46349
2026-04-09 02:00:00+00:00,삼성생명,032830,225500.0,227000.0,225500.0,226000.0,26003
2026-04-09 03:00:00+00:00,삼성생명,032830,226000.0,227500.0,226000.0,227250.0,37711
2026-04-09 04:00:00+00:00,삼성생명,032830,227250.0,228500.0,227000.0,228000.0,48149
2026-04-09 05:00:00+00:00,삼성생명,032830,228000.0,230000.0,227000.0,229000.0,66546
2026-04-10 00:00:00+00:00,삼성생명,032830,233000.0,235000.0,232000.0,233000.0,38082
2026-04-10 01:00:00+00:00,삼성생명,032830,233500.0,237000.0,233000.0,235000.0,31759
2026-04-10 02:00:00+00:00,삼성생명,032830,234500.0,235500.0,234000.0,235000.0,21966
2026-04-10 03:00:00+00:00,삼성생명,032830,235000.0,235500.0,233500.0,234500.0,29200
2026-04-10 04:00:00+00:00,삼성생명,032830,235000.0,235500.0,232500.0,234000.0,54541
2026-04-10 05:00:00+00:00,삼성생명,032830,234000.0,235000.0,232000.0,234000.0,69645
2026-04-13 00:00:00+00:00,삼성생명,032830,233500.0,236000.0,231000.0,233750.0,0
2026-04-13 01:00:00+00:00,삼성생명,032830,234000.0,235500.0,233500.0,234500.0,43535
2026-04-13 02:00:00+00:00,삼성생명,032830,234000.0,235500.0,233500.0,235500.0,60096
2026-04-13 03:00:00+00:00,삼성생명,032830,235000.0,235500.0,233500.0,234500.0,28219
2026-04-13 04:00:00+00:00,삼성생명,032830,234000.0,235000.0,233000.0,233500.0,23965
2026-04-13 05:00:00+00:00,삼성생명,032830,233500.0,235500.0,232500.0,234000.0,101891
2026-04-14 00:00:00+00:00,삼성생명,032830,238500.0,245000.0,238500.0,244000.0,64749
2026-04-14 01:00:00+00:00,삼성생명,032830,243500.0,245500.0,243000.0,244500.0,54691
2026-04-14 02:00:00+00:00,삼성생명,032830,244000.0,247000.0,244000.0,246500.0,39688
2026-04-14 03:00:00+00:00,삼성생명,032830,246000.0,250000.0,246000.0,249500.0,40632
2026-04-14 04:00:00+00:00,삼성생명,032830,249500.0,250000.0,247000.0,247000.0,30775
2026-04-14 05:00:00+00:00,삼성생명,032830,247000.0,247500.0,245000.0,246500.0,42630
2026-04-06 00:00:00+00:00,포스코퓨처엠,003670,210500.0,217000.0,210000.0,215500.0,0
2026-04-06 01:00:00+00:00,포스코퓨처엠,003670,215500.0,218500.0,212000.0,212500.0,68136
2026-04-06 02:00:00+00:00,포스코퓨처엠,003670,212500.0,215000.0,210500.0,211000.0,33447
2026-04-06 03:00:00+00:00,포스코퓨처엠,003670,211000.0,211500.0,208500.0,210000.0,30690
2026-04-06 04:00:00+00:00,포스코퓨처엠,003670,210000.0,211500.0,209500.0,211000.0,10804
2026-04-06 05:00:00+00:00,포스코퓨처엠,003670,210500.0,211750.0,209500.0,210500.0,18904
2026-04-07 00:00:00+00:00,포스코퓨처엠,003670,210000.0,218500.0,209500.0,215000.0,112867
2026-04-07 01:00:00+00:00,포스코퓨처엠,003670,215500.0,218000.0,211500.0,212500.0,51975
2026-04-07 02:00:00+00:00,포스코퓨처엠,003670,213000.0,213000.0,210000.0,211500.0,32064
2026-04-07 03:00:00+00:00,포스코퓨처엠,003670,211500.0,212500.0,209500.0,210000.0,17004
2026-04-07 04:00:00+00:00,포스코퓨처엠,003670,210000.0,211000.0,207750.0,209500.0,72328
2026-04-07 05:00:00+00:00,포스코퓨처엠,003670,209500.0,210000.0,208000.0,209500.0,27105
2026-04-08 00:00:00+00:00,포스코퓨처엠,003670,217500.0,218000.0,212500.0,214000.0,94042
2026-04-08 01:00:00+00:00,포스코퓨처엠,003670,214250.0,215500.0,213000.0,213500.0,35836
2026-04-08 02:00:00+00:00,포스코퓨처엠,003670,213500.0,216500.0,213500.0,216000.0,38923
2026-04-08 03:00:00+00:00,포스코퓨처엠,003670,216000.0,220000.0,216000.0,218000.0,63031
2026-04-08 04:00:00+00:00,포스코퓨처엠,003670,218000.0,219000.0,216500.0,218000.0,28701
2026-04-08 05:00:00+00:00,포스코퓨처엠,003670,218000.0,219000.0,217000.0,218500.0,35660
2026-04-09 00:00:00+00:00,포스코퓨처엠,003670,219000.0,225000.0,215500.0,221000.0,109189
2026-04-09 01:00:00+00:00,포스코퓨처엠,003670,221000.0,221500.0,217000.0,220500.0,37862
2026-04-09 02:00:00+00:00,포스코퓨처엠,003670,220500.0,221000.0,219000.0,220500.0,20628
2026-04-09 03:00:00+00:00,포스코퓨처엠,003670,220500.0,220500.0,217500.0,218250.0,23724
2026-04-09 04:00:00+00:00,포스코퓨처엠,003670,218000.0,220000.0,217500.0,219500.0,20168
2026-04-09 05:00:00+00:00,포스코퓨처엠,003670,219500.0,220000.0,217500.0,218000.0,36399
2026-04-10 00:00:00+00:00,포스코퓨처엠,003670,219500.0,221000.0,215500.0,218500.0,57672
2026-04-10 01:00:00+00:00,포스코퓨처엠,003670,218000.0,218500.0,215500.0,216000.0,26144
2026-04-10 02:00:00+00:00,포스코퓨처엠,003670,215500.0,217000.0,215000.0,216500.0,25694
2026-04-10 03:00:00+00:00,포스코퓨처엠,003670,216000.0,216500.0,215000.0,216000.0,17175
2026-04-10 04:00:00+00:00,포스코퓨처엠,003670,216000.0,216500.0,215500.0,215500.0,14753
2026-04-10 05:00:00+00:00,포스코퓨처엠,003670,216000.0,218000.0,215500.0,217000.0,27994
2026-04-13 00:00:00+00:00,포스코퓨처엠,003670,214000.0,217250.0,213500.0,216000.0,0
2026-04-13 01:00:00+00:00,포스코퓨처엠,003670,216500.0,216500.0,213000.0,214000.0,21834
2026-04-13 02:00:00+00:00,포스코퓨처엠,003670,213750.0,214000.0,212000.0,213000.0,17035
2026-04-13 03:00:00+00:00,포스코퓨처엠,003670,212750.0,213000.0,211000.0,212000.0,21857
2026-04-13 04:00:00+00:00,포스코퓨처엠,003670,212000.0,213000.0,211500.0,211500.0,13277
2026-04-13 05:00:00+00:00,포스코퓨처엠,003670,212000.0,214000.0,212000.0,212500.0,34655
2026-04-14 00:00:00+00:00,포스코퓨처엠,003670,218000.0,218500.0,213000.0,215000.0,40603
2026-04-14 01:00:00+00:00,포스코퓨처엠,003670,215000.0,216000.0,214000.0,214500.0,23098
2026-04-14 02:00:00+00:00,포스코퓨처엠,003670,214500.0,215500.0,214500.0,214750.0,8512
2026-04-14 03:00:00+00:00,포스코퓨처엠,003670,214500.0,215500.0,213500.0,213500.0,15172
2026-04-14 04:00:00+00:00,포스코퓨처엠,003670,213500.0,215000.0,213000.0,213000.0,16653
2026-04-14 05:00:00+00:00,포스코퓨처엠,003670,213000.0,213500.0,212500.0,213000.0,16834
2026-04-06 00:00:00+00:00,에코프로,086520,141900.0,147800.0,141900.0,143000.0,955482
2026-04-07 00:00:00+00:00,에코프로,086520,144500.0,155100.0,143200.0,144800.0,1853180
2026-04-08 00:00:00+00:00,에코프로,086520,153200.0,153900.0,149100.0,153100.0,1297197
2026-04-09 00:00:00+00:00,에코프로,086520,153200.0,153800.0,148500.0,148900.0,1109507
2026-04-10 00:00:00+00:00,에코프로,086520,150600.0,151000.0,146400.0,146400.0,938905
2026-04-13 00:00:00+00:00,에코프로,086520,146000.0,148100.0,143700.0,143700.0,822112
2026-04-06 00:00:00+00:00,에코프로비엠,247540,192600.0,204000.0,192600.0,199900.0,579226
2026-04-07 00:00:00+00:00,에코프로비엠,247540,199700.0,211000.0,198700.0,201500.0,542160
2026-04-08 00:00:00+00:00,에코프로비엠,247540,212500.0,214500.0,205000.0,208500.0,585119
2026-04-09 00:00:00+00:00,에코프로비엠,247540,207500.0,209750.0,200000.0,206000.0,574238
2026-04-10 00:00:00+00:00,에코프로비엠,247540,207000.0,207000.0,201500.0,201500.0,267837
2026-04-13 00:00:00+00:00,에코프로비엠,247540,201500.0,204500.0,199000.0,199000.0,286581
2026-04-06 00:00:00+00:00,한국전력,015760,40300.0,40400.0,39750.0,40100.0,0
2026-04-06 01:00:00+00:00,한국전력,015760,40050.0,40100.0,39700.0,39750.0,363024
2026-04-06 02:00:00+00:00,한국전력,015760,39700.0,40350.0,39650.0,39950.0,327759
2026-04-06 03:00:00+00:00,한국전력,015760,39900.0,40050.0,39900.0,40050.0,177349
2026-04-06 04:00:00+00:00,한국전력,015760,40050.0,40200.0,40000.0,40150.0,181070
2026-04-06 05:00:00+00:00,한국전력,015760,40100.0,40200.0,39950.0,39950.0,228071
2026-04-07 00:00:00+00:00,한국전력,015760,40600.0,41300.0,40300.0,40550.0,436906
2026-04-07 01:00:00+00:00,한국전력,015760,40500.0,40750.0,40000.0,40025.0,319026
2026-04-07 02:00:00+00:00,한국전력,015760,40050.0,40100.0,39900.0,39950.0,222507
2026-04-07 03:00:00+00:00,한국전력,015760,40000.0,40050.0,39800.0,39950.0,164943
2026-04-07 04:00:00+00:00,한국전력,015760,39900.0,40000.0,39800.0,39900.0,169293
2026-04-07 05:00:00+00:00,한국전력,015760,39850.0,40100.0,39800.0,39950.0,297461
2026-04-08 00:00:00+00:00,한국전력,015760,43200.0,44900.0,43050.0,43350.0,1831247
2026-04-08 01:00:00+00:00,한국전력,015760,43350.0,44250.0,43300.0,43925.0,525356
2026-04-08 02:00:00+00:00,한국전력,015760,43900.0,44300.0,43900.0,44200.0,288309
2026-04-08 03:00:00+00:00,한국전력,015760,44200.0,44450.0,43900.0,43950.0,273837
2026-04-08 04:00:00+00:00,한국전력,015760,44000.0,44250.0,43900.0,44150.0,293958
2026-04-08 05:00:00+00:00,한국전력,015760,44150.0,44250.0,43600.0,43750.0,459929
2026-04-09 00:00:00+00:00,한국전력,015760,44150.0,44500.0,43450.0,43550.0,795711
2026-04-09 01:00:00+00:00,한국전력,015760,43550.0,43600.0,43100.0,43400.0,334343
2026-04-09 02:00:00+00:00,한국전력,015760,43350.0,43500.0,43150.0,43150.0,168164
2026-04-09 03:00:00+00:00,한국전력,015760,43150.0,43300.0,43100.0,43200.0,118899
2026-04-09 04:00:00+00:00,한국전력,015760,43200.0,43300.0,43150.0,43150.0,127290
2026-04-09 05:00:00+00:00,한국전력,015760,43200.0,43200.0,43000.0,43050.0,326672
2026-04-10 00:00:00+00:00,한국전력,015760,43800.0,43950.0,42800.0,43250.0,632153
2026-04-10 01:00:00+00:00,한국전력,015760,43250.0,43600.0,43200.0,43250.0,317221
2026-04-10 02:00:00+00:00,한국전력,015760,43250.0,43400.0,43000.0,43350.0,196402
2026-04-10 03:00:00+00:00,한국전력,015760,43300.0,43400.0,43200.0,43300.0,123139
2026-04-10 04:00:00+00:00,한국전력,015760,43300.0,43400.0,43250.0,43400.0,137664
2026-04-10 05:00:00+00:00,한국전력,015760,43350.0,43500.0,43350.0,43400.0,224119
2026-04-13 00:00:00+00:00,한국전력,015760,42500.0,42600.0,41600.0,42000.0,0
2026-04-13 01:00:00+00:00,한국전력,015760,41950.0,42100.0,41800.0,41850.0,218782
2026-04-13 02:00:00+00:00,한국전력,015760,41900.0,42000.0,41800.0,41800.0,139049
2026-04-13 03:00:00+00:00,한국전력,015760,41800.0,42000.0,41750.0,41950.0,153078
2026-04-13 04:00:00+00:00,한국전력,015760,41900.0,42000.0,41850.0,41950.0,156243
2026-04-13 05:00:00+00:00,한국전력,015760,41900.0,42150.0,41900.0,41950.0,219390
2026-04-14 00:00:00+00:00,한국전력,015760,43100.0,45300.0,43100.0,45175.0,1321011
2026-04-14 01:00:00+00:00,한국전력,015760,45200.0,45250.0,44400.0,44450.0,576799
2026-04-14 02:00:00+00:00,한국전력,015760,44500.0,44800.0,44400.0,44600.0,236897
2026-04-14 03:00:00+00:00,한국전력,015760,44650.0,44650.0,44300.0,44500.0,206694
2026-04-14 04:00:00+00:00,한국전력,015760,44450.0,44700.0,44400.0,44400.0,199963
2026-04-14 05:00:00+00:00,한국전력,015760,44450.0,44500.0,44200.0,44400.0,273953
2026-04-06 00:00:00+00:00,두산에너빌리티,034020,96500.0,99000.0,96300.0,97600.0,0
2026-04-06 01:00:00+00:00,두산에너빌리티,034020,97600.0,97600.0,95600.0,95800.0,377410
2026-04-06 02:00:00+00:00,두산에너빌리티,034020,95700.0,97300.0,95700.0,96300.0,279157
2026-04-06 03:00:00+00:00,두산에너빌리티,034020,96300.0,96400.0,95700.0,95800.0,136771
2026-04-06 04:00:00+00:00,두산에너빌리티,034020,95800.0,96400.0,95700.0,96100.0,145702
2026-04-06 05:00:00+00:00,두산에너빌리티,034020,96100.0,96400.0,95500.0,95700.0,202005
2026-04-07 00:00:00+00:00,두산에너빌리티,034020,96900.0,97700.0,96600.0,96800.0,583007
2026-04-07 01:00:00+00:00,두산에너빌리티,034020,96800.0,96900.0,94600.0,94750.0,498272
2026-04-07 02:00:00+00:00,두산에너빌리티,034020,94700.0,95600.0,94300.0,95100.0,261468
2026-04-07 03:00:00+00:00,두산에너빌리티,034020,95000.0,95300.0,94500.0,94500.0,156678
2026-04-07 04:00:00+00:00,두산에너빌리티,034020,94500.0,94950.0,94000.0,94600.0,228915
2026-04-07 05:00:00+00:00,두산에너빌리티,034020,94500.0,95200.0,94300.0,94900.0,206472
2026-04-08 00:00:00+00:00,두산에너빌리티,034020,99200.0,101000.0,99200.0,99600.0,1468893
2026-04-08 01:00:00+00:00,두산에너빌리티,034020,99600.0,100400.0,99500.0,100200.0,472600
2026-04-08 02:00:00+00:00,두산에너빌리티,034020,100200.0,100500.0,100100.0,100300.0,295865
2026-04-08 03:00:00+00:00,두산에너빌리티,034020,100300.0,101700.0,100300.0,100800.0,752364
2026-04-08 04:00:00+00:00,두산에너빌리티,034020,100800.0,101300.0,100600.0,101200.0,307831
2026-04-08 05:00:00+00:00,두산에너빌리티,034020,101200.0,101700.0,100700.0,100800.0,443052
2026-04-09 00:00:00+00:00,두산에너빌리티,034020,100100.0,101700.0,99500.0,101200.0,623636
2026-04-09 01:00:00+00:00,두산에너빌리티,034020,101200.0,101500.0,99600.0,100800.0,379110
2026-04-09 02:00:00+00:00,두산에너빌리티,034020,100700.0,101100.0,100400.0,100800.0,190711
2026-04-09 03:00:00+00:00,두산에너빌리티,034020,100900.0,101100.0,100100.0,100200.0,150139
2026-04-09 04:00:00+00:00,두산에너빌리티,034020,100200.0,100400.0,99900.0,100000.0,199944
2026-04-09 05:00:00+00:00,두산에너빌리티,034020,99900.0,100400.0,99800.0,99900.0,237807
2026-04-10 00:00:00+00:00,두산에너빌리티,034020,101200.0,101200.0,99600.0,100000.0,579419
2026-04-10 01:00:00+00:00,두산에너빌리티,034020,100100.0,100200.0,99500.0,99600.0,415588
2026-04-10 02:00:00+00:00,두산에너빌리티,034020,99600.0,99800.0,99500.0,99700.0,197111
2026-04-10 03:00:00+00:00,두산에너빌리티,034020,99700.0,100500.0,99700.0,100100.0,440428
2026-04-10 04:00:00+00:00,두산에너빌리티,034020,100100.0,100600.0,100000.0,100500.0,383418
2026-04-10 05:00:00+00:00,두산에너빌리티,034020,100600.0,100600.0,100000.0,100300.0,417090
2026-04-13 00:00:00+00:00,두산에너빌리티,034020,97900.0,98600.0,96700.0,98400.0,0
2026-04-13 01:00:00+00:00,두산에너빌리티,034020,98500.0,98500.0,97900.0,98100.0,200431
2026-04-13 02:00:00+00:00,두산에너빌리티,034020,98100.0,98500.0,97800.0,98500.0,133049
2026-04-13 03:00:00+00:00,두산에너빌리티,034020,98400.0,98700.0,97900.0,98600.0,165149
2026-04-13 04:00:00+00:00,두산에너빌리티,034020,98600.0,98900.0,98400.0,98700.0,163486
2026-04-13 05:00:00+00:00,두산에너빌리티,034020,98700.0,99100.0,98600.0,98800.0,221417
2026-04-14 00:00:00+00:00,두산에너빌리티,034020,100800.0,101300.0,99800.0,100100.0,661397
2026-04-14 01:00:00+00:00,두산에너빌리티,034020,100100.0,100300.0,99600.0,100000.0,366145
2026-04-14 02:00:00+00:00,두산에너빌리티,034020,100100.0,100500.0,100000.0,100300.0,198812
2026-04-14 03:00:00+00:00,두산에너빌리티,034020,100300.0,100300.0,100000.0,100000.0,108919
2026-04-14 04:00:00+00:00,두산에너빌리티,034020,100000.0,100200.0,99900.0,99900.0,219861
2026-04-14 05:00:00+00:00,두산에너빌리티,034020,99950.0,99950.0,99700.0,99900.0,212285
2026-04-06 00:00:00+00:00,카카오뱅크,323410,23450.0,23850.0,23300.0,23800.0,0
2026-04-06 01:00:00+00:00,카카오뱅크,323410,23800.0,23900.0,23550.0,23550.0,74454
2026-04-06 02:00:00+00:00,카카오뱅크,323410,23600.0,24050.0,23550.0,23750.0,132128
2026-04-06 03:00:00+00:00,카카오뱅크,323410,23750.0,23800.0,23600.0,23750.0,44262
2026-04-06 04:00:00+00:00,카카오뱅크,323410,23750.0,23900.0,23700.0,23850.0,43000
2026-04-06 05:00:00+00:00,카카오뱅크,323410,23800.0,23900.0,23600.0,23650.0,56246
2026-04-07 00:00:00+00:00,카카오뱅크,323410,23600.0,24200.0,23550.0,24000.0,148063
2026-04-07 01:00:00+00:00,카카오뱅크,323410,24000.0,24300.0,23900.0,24000.0,170817
2026-04-07 02:00:00+00:00,카카오뱅크,323410,24000.0,24100.0,23850.0,23950.0,103894
2026-04-07 03:00:00+00:00,카카오뱅크,323410,23975.0,24100.0,23850.0,23875.0,58474
2026-04-07 04:00:00+00:00,카카오뱅크,323410,23875.0,23900.0,23700.0,23700.0,67561
2026-04-07 05:00:00+00:00,카카오뱅크,323410,23700.0,23800.0,23550.0,23700.0,85689
2026-04-08 00:00:00+00:00,카카오뱅크,323410,24650.0,25000.0,24450.0,24550.0,301130
2026-04-08 01:00:00+00:00,카카오뱅크,323410,24600.0,24900.0,24450.0,24850.0,165866
2026-04-08 02:00:00+00:00,카카오뱅크,323410,24850.0,24950.0,24700.0,24850.0,105215
2026-04-08 03:00:00+00:00,카카오뱅크,323410,24800.0,24900.0,24800.0,24900.0,63191
2026-04-08 04:00:00+00:00,카카오뱅크,323410,24850.0,24950.0,24800.0,24850.0,78800
2026-04-08 05:00:00+00:00,카카오뱅크,323410,24850.0,25100.0,24750.0,24850.0,172061
2026-04-09 00:00:00+00:00,카카오뱅크,323410,24800.0,25050.0,24550.0,24700.0,103997
2026-04-09 01:00:00+00:00,카카오뱅크,323410,24800.0,25100.0,24700.0,25050.0,84961
2026-04-09 02:00:00+00:00,카카오뱅크,323410,25050.0,25100.0,24850.0,25000.0,41855
2026-04-09 03:00:00+00:00,카카오뱅크,323410,25000.0,25000.0,24800.0,24850.0,41121
2026-04-09 04:00:00+00:00,카카오뱅크,323410,24850.0,24900.0,24700.0,24750.0,60861
2026-04-09 05:00:00+00:00,카카오뱅크,323410,24800.0,24800.0,24650.0,24750.0,63863
2026-04-10 00:00:00+00:00,카카오뱅크,323410,25200.0,25500.0,25100.0,25275.0,158198
2026-04-10 01:00:00+00:00,카카오뱅크,323410,25250.0,25500.0,25250.0,25500.0,120567
2026-04-10 02:00:00+00:00,카카오뱅크,323410,25500.0,25500.0,25300.0,25500.0,79050
2026-04-10 03:00:00+00:00,카카오뱅크,323410,25500.0,25550.0,25400.0,25500.0,87800
2026-04-10 04:00:00+00:00,카카오뱅크,323410,25450.0,25500.0,25250.0,25350.0,76934
2026-04-10 05:00:00+00:00,카카오뱅크,323410,25300.0,25400.0,25300.0,25350.0,72329
2026-04-13 00:00:00+00:00,카카오뱅크,323410,25000.0,25100.0,24700.0,25000.0,0
2026-04-13 01:00:00+00:00,카카오뱅크,323410,25000.0,25150.0,24850.0,25000.0,117843
2026-04-13 02:00:00+00:00,카카오뱅크,323410,25000.0,25000.0,24900.0,24950.0,24973
2026-04-13 03:00:00+00:00,카카오뱅크,323410,24950.0,25000.0,24850.0,24950.0,48627
2026-04-13 04:00:00+00:00,카카오뱅크,323410,24950.0,24950.0,24850.0,24950.0,37638
2026-04-13 05:00:00+00:00,카카오뱅크,323410,24950.0,25000.0,24850.0,24900.0,48568
2026-04-14 00:00:00+00:00,카카오뱅크,323410,25200.0,25500.0,25200.0,25300.0,164926
2026-04-14 01:00:00+00:00,카카오뱅크,323410,25350.0,25500.0,25150.0,25150.0,127041
2026-04-14 02:00:00+00:00,카카오뱅크,323410,25150.0,25350.0,25100.0,25200.0,90003
2026-04-14 03:00:00+00:00,카카오뱅크,323410,25200.0,25350.0,25100.0,25200.0,59690
2026-04-14 04:00:00+00:00,카카오뱅크,323410,25200.0,25400.0,25200.0,25250.0,76625
2026-04-14 05:00:00+00:00,카카오뱅크,323410,25200.0,25350.0,25150.0,25200.0,74402
2026-04-06 00:00:00+00:00,HMM,011200,20200.0,20350.0,20100.0,20250.0,0
2026-04-06 01:00:00+00:00,HMM,011200,20250.0,20250.0,20050.0,20100.0,86920
2026-04-06 02:00:00+00:00,HMM,011200,20050.0,20350.0,20050.0,20200.0,140307
2026-04-06 03:00:00+00:00,HMM,011200,20200.0,20200.0,20050.0,20150.0,49053
2026-04-06 04:00:00+00:00,HMM,011200,20150.0,20200.0,20100.0,20100.0,57838
2026-04-06 05:00:00+00:00,HMM,011200,20100.0,20200.0,20050.0,20075.0,83958
2026-04-07 00:00:00+00:00,HMM,011200,20100.0,20250.0,20000.0,20100.0,157784
2026-04-07 01:00:00+00:00,HMM,011200,20150.0,20200.0,20100.0,20150.0,64271
2026-04-07 02:00:00+00:00,HMM,011200,20150.0,20150.0,20050.0,20150.0,89318
2026-04-07 03:00:00+00:00,HMM,011200,20125.0,20200.0,20100.0,20175.0,53590
2026-04-07 04:00:00+00:00,HMM,011200,20150.0,20200.0,20050.0,20150.0,72514
2026-04-07 05:00:00+00:00,HMM,011200,20100.0,20150.0,20050.0,20150.0,67092
2026-04-08 00:00:00+00:00,HMM,011200,20650.0,20900.0,20400.0,20425.0,479367
2026-04-08 01:00:00+00:00,HMM,011200,20425.0,20550.0,20350.0,20500.0,226225
2026-04-08 02:00:00+00:00,HMM,011200,20500.0,20600.0,20500.0,20550.0,138362
2026-04-08 03:00:00+00:00,HMM,011200,20600.0,20700.0,20550.0,20650.0,166393
2026-04-08 04:00:00+00:00,HMM,011200,20700.0,20700.0,20550.0,20600.0,148455
2026-04-08 05:00:00+00:00,HMM,011200,20600.0,20750.0,20600.0,20750.0,160366
2026-04-09 00:00:00+00:00,HMM,011200,20700.0,20900.0,20550.0,20600.0,295809
2026-04-09 01:00:00+00:00,HMM,011200,20650.0,20750.0,20500.0,20750.0,128768
2026-04-09 02:00:00+00:00,HMM,011200,20700.0,20800.0,20650.0,20750.0,97745
2026-04-09 03:00:00+00:00,HMM,011200,20750.0,20800.0,20700.0,20700.0,69887
2026-04-09 04:00:00+00:00,HMM,011200,20700.0,20800.0,20650.0,20675.0,73227
2026-04-09 05:00:00+00:00,HMM,011200,20675.0,20750.0,20600.0,20650.0,108857
2026-04-10 00:00:00+00:00,HMM,011200,20750.0,21000.0,20650.0,20950.0,285617
2026-04-10 01:00:00+00:00,HMM,011200,21000.0,21500.0,20950.0,21400.0,517200
2026-04-10 02:00:00+00:00,HMM,011200,21400.0,21650.0,21300.0,21600.0,416425
2026-04-10 03:00:00+00:00,HMM,011200,21650.0,21900.0,21500.0,21550.0,583111
2026-04-10 04:00:00+00:00,HMM,011200,21500.0,21700.0,21450.0,21700.0,134092
2026-04-10 05:00:00+00:00,HMM,011200,21700.0,21850.0,21550.0,21800.0,350276
2026-04-13 00:00:00+00:00,HMM,011200,21500.0,21600.0,21200.0,21300.0,0
2026-04-13 01:00:00+00:00,HMM,011200,21300.0,21350.0,21250.0,21300.0,91468
2026-04-13 02:00:00+00:00,HMM,011200,21250.0,21300.0,21000.0,21150.0,176487
2026-04-13 03:00:00+00:00,HMM,011200,21100.0,21200.0,21000.0,21100.0,80858
2026-04-13 04:00:00+00:00,HMM,011200,21050.0,21200.0,20900.0,20975.0,243261
2026-04-13 05:00:00+00:00,HMM,011200,20950.0,21200.0,20950.0,21050.0,148657
2026-04-14 00:00:00+00:00,HMM,011200,21250.0,21300.0,20900.0,20975.0,330388
2026-04-14 01:00:00+00:00,HMM,011200,20950.0,21000.0,20850.0,20950.0,169407
2026-04-14 02:00:00+00:00,HMM,011200,20925.0,21000.0,20900.0,20950.0,77864
2026-04-14 03:00:00+00:00,HMM,011200,20925.0,21000.0,20850.0,20900.0,89422
2026-04-14 04:00:00+00:00,HMM,011200,20925.0,21100.0,20900.0,21050.0,116958
2026-04-14 05:00:00+00:00,HMM,011200,21050.0,21050.0,20950.0,21000.0,46508
2026-04-06 00:00:00+00:00,삼성SDS,018260,153000.0,154100.0,151300.0,152400.0,0
2026-04-06 01:00:00+00:00,삼성SDS,018260,152400.0,152700.0,151100.0,151400.0,11947
2026-04-06 02:00:00+00:00,삼성SDS,018260,151300.0,153900.0,151050.0,151750.0,15277
2026-04-06 03:00:00+00:00,삼성SDS,018260,151700.0,151800.0,151100.0,151500.0,8659
2026-04-06 04:00:00+00:00,삼성SDS,018260,151500.0,152100.0,151300.0,151700.0,10346
2026-04-06 05:00:00+00:00,삼성SDS,018260,151700.0,152200.0,151300.0,151400.0,14404
2026-04-07 00:00:00+00:00,삼성SDS,018260,152500.0,153500.0,151500.0,152000.0,24278
2026-04-07 01:00:00+00:00,삼성SDS,018260,152000.0,152100.0,150500.0,150500.0,26361
2026-04-07 02:00:00+00:00,삼성SDS,018260,150500.0,151800.0,150400.0,151200.0,13028
2026-04-07 03:00:00+00:00,삼성SDS,018260,151200.0,151600.0,150700.0,151100.0,7360
2026-04-07 04:00:00+00:00,삼성SDS,018260,151200.0,151200.0,150300.0,150500.0,17086
2026-04-07 05:00:00+00:00,삼성SDS,018260,150500.0,151300.0,150500.0,150800.0,15080
2026-04-08 00:00:00+00:00,삼성SDS,018260,157000.0,158400.0,154100.0,154300.0,64765
2026-04-08 01:00:00+00:00,삼성SDS,018260,154400.0,154600.0,153700.0,154000.0,38059
2026-04-08 02:00:00+00:00,삼성SDS,018260,153900.0,154300.0,153500.0,153600.0,25520
2026-04-08 03:00:00+00:00,삼성SDS,018260,153600.0,154000.0,153000.0,153200.0,24556
2026-04-08 04:00:00+00:00,삼성SDS,018260,153200.0,153900.0,153200.0,153800.0,24025
2026-04-08 05:00:00+00:00,삼성SDS,018260,153800.0,154300.0,153200.0,153300.0,34969
2026-04-09 00:00:00+00:00,삼성SDS,018260,153100.0,153300.0,151000.0,151000.0,42319
2026-04-09 01:00:00+00:00,삼성SDS,018260,151100.0,151100.0,150300.0,150600.0,51086
2026-04-09 02:00:00+00:00,삼성SDS,018260,150600.0,150650.0,149900.0,150100.0,45505
2026-04-09 03:00:00+00:00,삼성SDS,018260,150100.0,150400.0,149900.0,150100.0,30561
2026-04-09 04:00:00+00:00,삼성SDS,018260,150100.0,150300.0,149800.0,150000.0,30674
2026-04-09 05:00:00+00:00,삼성SDS,018260,150100.0,150300.0,149100.0,149300.0,64719
2026-04-10 00:00:00+00:00,삼성SDS,018260,150000.0,151400.0,149300.0,149500.0,29545
2026-04-10 01:00:00+00:00,삼성SDS,018260,149500.0,149600.0,148300.0,148500.0,38623
2026-04-10 02:00:00+00:00,삼성SDS,018260,148500.0,148800.0,147200.0,148700.0,45735
2026-04-10 03:00:00+00:00,삼성SDS,018260,148700.0,148800.0,147950.0,148200.0,25776
2026-04-10 04:00:00+00:00,삼성SDS,018260,148200.0,148500.0,148100.0,148300.0,27762
2026-04-10 05:00:00+00:00,삼성SDS,018260,148300.0,149200.0,148300.0,148500.0,29857
2026-04-13 00:00:00+00:00,삼성SDS,018260,147300.0,147700.0,146100.0,147700.0,0
2026-04-13 01:00:00+00:00,삼성SDS,018260,147700.0,149500.0,147600.0,149200.0,19395
2026-04-13 02:00:00+00:00,삼성SDS,018260,149200.0,149600.0,148700.0,149500.0,11036
2026-04-13 03:00:00+00:00,삼성SDS,018260,149400.0,149500.0,148700.0,149400.0,10066
2026-04-13 04:00:00+00:00,삼성SDS,018260,149200.0,149500.0,147500.0,147900.0,22994
2026-04-13 05:00:00+00:00,삼성SDS,018260,147900.0,148500.0,147700.0,147900.0,24991
2026-04-14 00:00:00+00:00,삼성SDS,018260,150800.0,151800.0,150100.0,151100.0,33871
2026-04-14 01:00:00+00:00,삼성SDS,018260,151100.0,151700.0,150900.0,151200.0,18193
2026-04-14 02:00:00+00:00,삼성SDS,018260,151100.0,151500.0,150900.0,151100.0,12021
2026-04-14 03:00:00+00:00,삼성SDS,018260,151000.0,151300.0,150800.0,151200.0,12431
2026-04-14 04:00:00+00:00,삼성SDS,018260,151300.0,151800.0,151200.0,151300.0,16679
2026-04-14 05:00:00+00:00,삼성SDS,018260,151300.0,151700.0,150800.0,151400.0,17489
2026-04-06 00:00:00+00:00,현대글로비스,086280,210500.0,213000.0,207000.0,209500.0,0
2026-04-06 01:00:00+00:00,현대글로비스,086280,209500.0,210500.0,207500.0,207500.0,13696
2026-04-06 02:00:00+00:00,현대글로비스,086280,208000.0,212500.0,207500.0,208500.0,22367
2026-04-06 03:00:00+00:00,현대글로비스,086280,208500.0,209000.0,207500.0,208000.0,14117
2026-04-06 04:00:00+00:00,현대글로비스,086280,208000.0,209000.0,207000.0,207500.0,24062
2026-04-06 05:00:00+00:00,현대글로비스,086280,208000.0,209500.0,207000.0,207500.0,25549
2026-04-07 00:00:00+00:00,현대글로비스,086280,209000.0,212000.0,208500.0,208500.0,25864
2026-04-07 01:00:00+00:00,현대글로비스,086280,208500.0,209000.0,207500.0,207500.0,19372
2026-04-07 02:00:00+00:00,현대글로비스,086280,207750.0,208000.0,205500.0,206000.0,25550
2026-04-07 03:00:00+00:00,현대글로비스,086280,206000.0,208000.0,206000.0,207000.0,15465
2026-04-07 04:00:00+00:00,현대글로비스,086280,207000.0,208000.0,206000.0,207500.0,16752
2026-04-07 05:00:00+00:00,현대글로비스,086280,207500.0,208500.0,207000.0,208000.0,22712
2026-04-08 00:00:00+00:00,현대글로비스,086280,219500.0,221500.0,215500.0,216000.0,47852
2026-04-08 01:00:00+00:00,현대글로비스,086280,216000.0,219000.0,216000.0,218000.0,20709
2026-04-08 02:00:00+00:00,현대글로비스,086280,218500.0,221000.0,218000.0,219000.0,21811
2026-04-08 03:00:00+00:00,현대글로비스,086280,219000.0,220000.0,219000.0,219000.0,11587
2026-04-08 04:00:00+00:00,현대글로비스,086280,219500.0,222500.0,219000.0,222000.0,23742
2026-04-08 05:00:00+00:00,현대글로비스,086280,222000.0,223000.0,220000.0,220000.0,28433
2026-04-09 00:00:00+00:00,현대글로비스,086280,223000.0,223500.0,218500.0,219000.0,32218
2026-04-09 01:00:00+00:00,현대글로비스,086280,218500.0,219500.0,216000.0,217000.0,27039
2026-04-09 02:00:00+00:00,현대글로비스,086280,217000.0,218500.0,215500.0,216000.0,18522
2026-04-09 03:00:00+00:00,현대글로비스,086280,216000.0,217500.0,216000.0,216500.0,15533
2026-04-09 04:00:00+00:00,현대글로비스,086280,216000.0,217000.0,215000.0,215500.0,19031
2026-04-09 05:00:00+00:00,현대글로비스,086280,215500.0,216500.0,211500.0,212500.0,38293
2026-04-10 00:00:00+00:00,현대글로비스,086280,217500.0,219500.0,216500.0,217000.0,30902
2026-04-10 01:00:00+00:00,현대글로비스,086280,217500.0,220000.0,217000.0,218000.0,16886
2026-04-10 02:00:00+00:00,현대글로비스,086280,218000.0,219500.0,217500.0,219000.0,10013
2026-04-10 03:00:00+00:00,현대글로비스,086280,219500.0,220000.0,218000.0,218500.0,10959
2026-04-10 04:00:00+00:00,현대글로비스,086280,218000.0,219500.0,217500.0,218500.0,15557
2026-04-10 05:00:00+00:00,현대글로비스,086280,218500.0,219000.0,218500.0,218500.0,9594
2026-04-13 00:00:00+00:00,현대글로비스,086280,214500.0,215500.0,212000.0,212500.0,0
2026-04-13 01:00:00+00:00,현대글로비스,086280,212500.0,213500.0,212500.0,213000.0,10809
2026-04-13 02:00:00+00:00,현대글로비스,086280,212500.0,213500.0,212000.0,212500.0,10774
2026-04-13 03:00:00+00:00,현대글로비스,086280,212500.0,213000.0,212000.0,212000.0,11969
2026-04-13 04:00:00+00:00,현대글로비스,086280,212000.0,212500.0,210500.0,211000.0,28542
2026-04-13 05:00:00+00:00,현대글로비스,086280,211000.0,212000.0,210500.0,211000.0,21562
2026-04-14 00:00:00+00:00,현대글로비스,086280,217000.0,221500.0,216000.0,220000.0,38611
2026-04-14 01:00:00+00:00,현대글로비스,086280,220500.0,220500.0,218500.0,219000.0,15838
2026-04-14 02:00:00+00:00,현대글로비스,086280,218500.0,220000.0,218500.0,219000.0,10640
2026-04-14 03:00:00+00:00,현대글로비스,086280,219000.0,219500.0,218000.0,219000.0,9461
2026-04-14 04:00:00+00:00,현대글로비스,086280,219000.0,221000.0,219000.0,219000.0,16034
2026-04-14 05:00:00+00:00,현대글로비스,086280,219000.0,219500.0,218000.0,219000.0,15157
2026-04-06 00:00:00+00:00,삼성화재,000810,442500.0,451000.0,441000.0,442000.0,0
2026-04-06 01:00:00+00:00,삼성화재,000810,441500.0,444000.0,439000.0,440500.0,5283
2026-04-06 02:00:00+00:00,삼성화재,000810,441000.0,452000.0,440000.0,444500.0,9965
2026-04-06 03:00:00+00:00,삼성화재,000810,444000.0,446000.0,442000.0,445500.0,1971
2026-04-06 04:00:00+00:00,삼성화재,000810,445000.0,448500.0,444500.0,446500.0,4037
2026-04-06 05:00:00+00:00,삼성화재,000810,446500.0,449500.0,442500.0,443500.0,3959
2026-04-07 00:00:00+00:00,삼성화재,000810,441000.0,450500.0,440500.0,449000.0,10201
2026-04-07 01:00:00+00:00,삼성화재,000810,449000.0,452000.0,444500.0,444500.0,9146
2026-04-07 02:00:00+00:00,삼성화재,000810,445500.0,447000.0,442500.0,444500.0,8758
2026-04-07 03:00:00+00:00,삼성화재,000810,444500.0,448000.0,444500.0,446500.0,3562
2026-04-07 04:00:00+00:00,삼성화재,000810,446000.0,446500.0,443000.0,443500.0,5249
2026-04-07 05:00:00+00:00,삼성화재,000810,443500.0,446000.0,442500.0,445000.0,6356
2026-04-08 00:00:00+00:00,삼성화재,000810,469500.0,474000.0,462500.0,463500.0,41966
2026-04-08 01:00:00+00:00,삼성화재,000810,463500.0,469500.0,461000.0,467500.0,16175
2026-04-08 02:00:00+00:00,삼성화재,000810,467000.0,472000.0,467000.0,468500.0,14004
2026-04-08 03:00:00+00:00,삼성화재,000810,468500.0,471750.0,468500.0,469000.0,7106
2026-04-08 04:00:00+00:00,삼성화재,000810,469000.0,471000.0,468000.0,469500.0,11281
2026-04-08 05:00:00+00:00,삼성화재,000810,469750.0,472500.0,467500.0,468750.0,24224
2026-04-09 00:00:00+00:00,삼성화재,000810,464000.0,467500.0,455500.0,461000.0,19797
2026-04-09 01:00:00+00:00,삼성화재,000810,461500.0,468000.0,458000.0,464500.0,13922
2026-04-09 02:00:00+00:00,삼성화재,000810,464500.0,465000.0,460500.0,463000.0,9346
2026-04-09 03:00:00+00:00,삼성화재,000810,463000.0,464500.0,461000.0,463000.0,6406
2026-04-09 04:00:00+00:00,삼성화재,000810,463500.0,463500.0,459000.0,459500.0,9983
2026-04-09 05:00:00+00:00,삼성화재,000810,459500.0,462000.0,458500.0,461000.0,14803
2026-04-10 00:00:00+00:00,삼성화재,000810,469500.0,471000.0,465000.0,465500.0,24570
2026-04-10 01:00:00+00:00,삼성화재,000810,466000.0,470500.0,465500.0,469000.0,16214
2026-04-10 02:00:00+00:00,삼성화재,000810,469000.0,471000.0,467000.0,470000.0,11269
2026-04-10 03:00:00+00:00,삼성화재,000810,470000.0,472500.0,469000.0,472000.0,5924
2026-04-10 04:00:00+00:00,삼성화재,000810,471500.0,472000.0,468000.0,470000.0,5779
2026-04-10 05:00:00+00:00,삼성화재,000810,469500.0,470500.0,468000.0,470000.0,7798
2026-04-13 00:00:00+00:00,삼성화재,000810,467000.0,468000.0,460500.0,467500.0,0
2026-04-13 01:00:00+00:00,삼성화재,000810,467500.0,470500.0,466500.0,468000.0,12675
2026-04-13 02:00:00+00:00,삼성화재,000810,468000.0,468500.0,466000.0,466500.0,10549
2026-04-13 03:00:00+00:00,삼성화재,000810,467000.0,467500.0,466000.0,467000.0,10168
2026-04-13 04:00:00+00:00,삼성화재,000810,467000.0,470000.0,465500.0,469000.0,7787
2026-04-13 05:00:00+00:00,삼성화재,000810,469000.0,470000.0,467500.0,469000.0,6908
2026-04-14 00:00:00+00:00,삼성화재,000810,491000.0,492000.0,476000.0,485000.0,58405
2026-04-14 01:00:00+00:00,삼성화재,000810,484500.0,487000.0,482500.0,484000.0,25274
2026-04-14 02:00:00+00:00,삼성화재,000810,484000.0,486000.0,476000.0,476000.0,20601
2026-04-14 03:00:00+00:00,삼성화재,000810,476000.0,480000.0,474500.0,479000.0,10508
2026-04-14 04:00:00+00:00,삼성화재,000810,479500.0,484500.0,478500.0,484000.0,20423
2026-04-14 05:00:00+00:00,삼성화재,000810,484000.0,489000.0,483000.0,488000.0,32517
2026-04-06 00:00:00+00:00,SK이노베이션,096770,117900.0,122700.0,117800.0,121000.0,0
2026-04-06 01:00:00+00:00,SK이노베이션,096770,120900.0,122300.0,120500.0,120800.0,89057
2026-04-06 02:00:00+00:00,SK이노베이션,096770,120700.0,122200.0,119800.0,119900.0,73135
2026-04-06 03:00:00+00:00,SK이노베이션,096770,119900.0,120300.0,119200.0,119500.0,41754
2026-04-06 04:00:00+00:00,SK이노베이션,096770,119500.0,120200.0,118800.0,120000.0,43978
2026-04-06 05:00:00+00:00,SK이노베이션,096770,120100.0,122200.0,119500.0,121900.0,103894
2026-04-07 00:00:00+00:00,SK이노베이션,096770,121500.0,128700.0,120500.0,127100.0,343780
2026-04-07 01:00:00+00:00,SK이노베이션,096770,127200.0,127500.0,123400.0,123600.0,116019
2026-04-07 02:00:00+00:00,SK이노베이션,096770,123700.0,124100.0,122700.0,123000.0,68562
2026-04-07 03:00:00+00:00,SK이노베이션,096770,122900.0,123800.0,122800.0,123400.0,31243
2026-04-07 04:00:00+00:00,SK이노베이션,096770,123400.0,123500.0,122000.0,122600.0,49429
2026-04-07 05:00:00+00:00,SK이노베이션,096770,122600.0,123000.0,121200.0,122300.0,49835
2026-04-08 00:00:00+00:00,SK이노베이션,096770,125000.0,125500.0,117700.0,117700.0,260226
2026-04-08 01:00:00+00:00,SK이노베이션,096770,117800.0,117800.0,115500.0,117400.0,212460
2026-04-08 02:00:00+00:00,SK이노베이션,096770,117400.0,118800.0,117400.0,118200.0,61070
2026-04-08 03:00:00+00:00,SK이노베이션,096770,118200.0,119700.0,118200.0,119200.0,52562
2026-04-08 04:00:00+00:00,SK이노베이션,096770,119300.0,119400.0,118300.0,119300.0,63459
2026-04-08 05:00:00+00:00,SK이노베이션,096770,119300.0,120100.0,119100.0,120000.0,98552
2026-04-09 00:00:00+00:00,SK이노베이션,096770,122200.0,122600.0,119100.0,121800.0,140824
2026-04-09 01:00:00+00:00,SK이노베이션,096770,121800.0,123800.0,121300.0,123500.0,90911
2026-04-09 02:00:00+00:00,SK이노베이션,096770,123500.0,124500.0,122900.0,123700.0,69484
2026-04-09 03:00:00+00:00,SK이노베이션,096770,123700.0,123900.0,122600.0,123600.0,55217
2026-04-09 04:00:00+00:00,SK이노베이션,096770,123500.0,124200.0,122600.0,122600.0,82431
2026-04-09 05:00:00+00:00,SK이노베이션,096770,122600.0,123600.0,122200.0,123300.0,71028
2026-04-10 00:00:00+00:00,SK이노베이션,096770,123600.0,124900.0,122800.0,123700.0,75738
2026-04-10 01:00:00+00:00,SK이노베이션,096770,123800.0,123900.0,122200.0,122350.0,61931
2026-04-10 02:00:00+00:00,SK이노베이션,096770,122350.0,122400.0,121100.0,122200.0,44914
2026-04-10 03:00:00+00:00,SK이노베이션,096770,122200.0,122300.0,121700.0,122300.0,19719
2026-04-10 04:00:00+00:00,SK이노베이션,096770,122300.0,123000.0,122100.0,122600.0,27912
2026-04-10 05:00:00+00:00,SK이노베이션,096770,122700.0,123000.0,122400.0,122500.0,30826
2026-04-13 00:00:00+00:00,SK이노베이션,096770,122000.0,123300.0,120200.0,121400.0,0
2026-04-13 01:00:00+00:00,SK이노베이션,096770,121500.0,121800.0,120600.0,120600.0,31604
2026-04-13 02:00:00+00:00,SK이노베이션,096770,120700.0,121100.0,119800.0,120900.0,31832
2026-04-13 03:00:00+00:00,SK이노베이션,096770,120900.0,121800.0,120200.0,121800.0,27379
2026-04-13 04:00:00+00:00,SK이노베이션,096770,121800.0,124200.0,121500.0,122500.0,69784
2026-04-13 05:00:00+00:00,SK이노베이션,096770,122600.0,122700.0,121300.0,121700.0,60289
2026-04-14 00:00:00+00:00,SK이노베이션,096770,122000.0,122300.0,120300.0,121150.0,101955
2026-04-14 01:00:00+00:00,SK이노베이션,096770,121150.0,121300.0,120100.0,120200.0,67714
2026-04-14 02:00:00+00:00,SK이노베이션,096770,120100.0,121800.0,120000.0,121300.0,41341
2026-04-14 03:00:00+00:00,SK이노베이션,096770,121100.0,122600.0,121100.0,122400.0,46670
2026-04-14 04:00:00+00:00,SK이노베이션,096770,122500.0,122800.0,121300.0,121300.0,40376
2026-04-14 05:00:00+00:00,SK이노베이션,096770,121300.0,121600.0,121100.0,121200.0,36706
2026-04-06 00:00:00+00:00,하이브,352820,270000.0,273000.0,269000.0,270000.0,0
2026-04-06 01:00:00+00:00,하이브,352820,270500.0,270500.0,268000.0,268250.0,25094
2026-04-06 02:00:00+00:00,하이브,352820,268000.0,273500.0,268000.0,270000.0,29621
2026-04-06 03:00:00+00:00,하이브,352820,270000.0,271000.0,269500.0,270000.0,19326
2026-04-06 04:00:00+00:00,하이브,352820,269500.0,271000.0,268500.0,269000.0,18904
2026-04-06 05:00:00+00:00,하이브,352820,269500.0,270500.0,268500.0,269000.0,23684
2026-04-07 00:00:00+00:00,하이브,352820,270500.0,270500.0,267000.0,267500.0,51685
2026-04-07 01:00:00+00:00,하이브,352820,267500.0,267750.0,260750.0,261000.0,63001
2026-04-07 02:00:00+00:00,하이브,352820,261000.0,262000.0,257500.0,257500.0,53824
2026-04-07 03:00:00+00:00,하이브,352820,257500.0,259500.0,256000.0,256000.0,61376
2026-04-07 04:00:00+00:00,하이브,352820,256000.0,256500.0,254000.0,254250.0,71036
2026-04-07 05:00:00+00:00,하이브,352820,254000.0,256000.0,252500.0,253500.0,89383
2026-04-08 00:00:00+00:00,하이브,352820,265000.0,266000.0,258500.0,259500.0,112235
2026-04-08 01:00:00+00:00,하이브,352820,259500.0,261000.0,258500.0,260000.0,61694
2026-04-08 02:00:00+00:00,하이브,352820,260000.0,261500.0,259500.0,260500.0,59614
2026-04-08 03:00:00+00:00,하이브,352820,261000.0,261000.0,259500.0,259500.0,40732
2026-04-08 04:00:00+00:00,하이브,352820,259500.0,260500.0,258500.0,260000.0,66364
2026-04-08 05:00:00+00:00,하이브,352820,260000.0,260500.0,259000.0,259500.0,80571
2026-04-09 00:00:00+00:00,하이브,352820,261500.0,262500.0,255500.0,257000.0,80705
2026-04-09 01:00:00+00:00,하이브,352820,256500.0,257500.0,255000.0,257000.0,36811
2026-04-09 02:00:00+00:00,하이브,352820,257000.0,257500.0,255000.0,255000.0,26438
2026-04-09 03:00:00+00:00,하이브,352820,255250.0,256500.0,255000.0,255500.0,22569
2026-04-09 04:00:00+00:00,하이브,352820,255500.0,256000.0,253500.0,254500.0,34161
2026-04-09 05:00:00+00:00,하이브,352820,254500.0,255000.0,253000.0,253000.0,39799
2026-04-10 00:00:00+00:00,하이브,352820,256500.0,257000.0,250000.0,251500.0,101259
2026-04-10 01:00:00+00:00,하이브,352820,251500.0,254000.0,251500.0,251500.0,33244
2026-04-10 02:00:00+00:00,하이브,352820,252000.0,252500.0,251000.0,251500.0,33212
2026-04-10 03:00:00+00:00,하이브,352820,251000.0,252000.0,251000.0,252000.0,24311
2026-04-10 04:00:00+00:00,하이브,352820,251500.0,253000.0,251500.0,252500.0,35038
2026-04-10 05:00:00+00:00,하이브,352820,252500.0,254500.0,252000.0,253500.0,45910
2026-04-13 00:00:00+00:00,하이브,352820,249500.0,251000.0,247000.0,250000.0,0
2026-04-13 01:00:00+00:00,하이브,352820,250000.0,252000.0,250000.0,250500.0,20079
2026-04-13 02:00:00+00:00,하이브,352820,250500.0,250500.0,249000.0,250500.0,14300
2026-04-13 03:00:00+00:00,하이브,352820,250000.0,250500.0,248500.0,248500.0,17513
2026-04-13 04:00:00+00:00,하이브,352820,249000.0,250000.0,247500.0,248000.0,52085
2026-04-13 05:00:00+00:00,하이브,352820,248000.0,249500.0,247500.0,248000.0,41034
2026-04-14 00:00:00+00:00,하이브,352820,253500.0,253500.0,248500.0,250000.0,70580
2026-04-14 01:00:00+00:00,하이브,352820,250500.0,250500.0,248000.0,248500.0,41804
2026-04-14 02:00:00+00:00,하이브,352820,248500.0,249000.0,248000.0,248500.0,25428
2026-04-14 03:00:00+00:00,하이브,352820,248000.0,249000.0,248000.0,248500.0,24274
2026-04-14 04:00:00+00:00,하이브,352820,248500.0,249000.0,247500.0,247750.0,48030
2026-04-14 05:00:00+00:00,하이브,352820,247500.0,248000.0,245500.0,245500.0,64810
2026-04-06 00:00:00+00:00,우리금융지주,316140,32000.0,32500.0,31950.0,32250.0,0
2026-04-06 01:00:00+00:00,우리금융지주,316140,32200.0,32300.0,31950.0,32000.0,144176
2026-04-06 02:00:00+00:00,우리금융지주,316140,31950.0,32650.0,31950.0,32100.0,209327
2026-04-06 03:00:00+00:00,우리금융지주,316140,32050.0,32250.0,32000.0,32200.0,66635
2026-04-06 04:00:00+00:00,우리금융지주,316140,32150.0,32500.0,32150.0,32400.0,100442
2026-04-06 05:00:00+00:00,우리금융지주,316140,32350.0,32500.0,32050.0,32200.0,140239
2026-04-07 00:00:00+00:00,우리금융지주,316140,32050.0,32900.0,32000.0,32750.0,335010
2026-04-07 01:00:00+00:00,우리금융지주,316140,32750.0,32800.0,32200.0,32300.0,192925
2026-04-07 02:00:00+00:00,우리금융지주,316140,32300.0,32300.0,32000.0,32200.0,203201
2026-04-07 03:00:00+00:00,우리금융지주,316140,32200.0,32300.0,32050.0,32150.0,106840
2026-04-07 04:00:00+00:00,우리금융지주,316140,32150.0,32150.0,31950.0,32050.0,149836
2026-04-07 05:00:00+00:00,우리금융지주,316140,32000.0,32100.0,31850.0,32000.0,214475
2026-04-08 00:00:00+00:00,우리금융지주,316140,33600.0,33850.0,33050.0,33150.0,630950
2026-04-08 01:00:00+00:00,우리금융지주,316140,33100.0,33600.0,33050.0,33600.0,306237
2026-04-08 02:00:00+00:00,우리금융지주,316140,33600.0,33800.0,33500.0,33650.0,269277
2026-04-08 03:00:00+00:00,우리금융지주,316140,33600.0,33800.0,33600.0,33650.0,153565
2026-04-08 04:00:00+00:00,우리금융지주,316140,33650.0,33700.0,33200.0,33500.0,244625
2026-04-08 05:00:00+00:00,우리금융지주,316140,33450.0,33700.0,33200.0,33350.0,243083
2026-04-09 00:00:00+00:00,우리금융지주,316140,33500.0,33750.0,33200.0,33400.0,337301
2026-04-09 01:00:00+00:00,우리금융지주,316140,33350.0,33750.0,33300.0,33600.0,258986
2026-04-09 02:00:00+00:00,우리금융지주,316140,33600.0,33650.0,33400.0,33500.0,127821
2026-04-09 03:00:00+00:00,우리금융지주,316140,33500.0,33550.0,33350.0,33400.0,134056
2026-04-09 04:00:00+00:00,우리금융지주,316140,33450.0,33500.0,33200.0,33250.0,139435
2026-04-09 05:00:00+00:00,우리금융지주,316140,33250.0,33250.0,33000.0,33200.0,196650
2026-04-10 00:00:00+00:00,우리금융지주,316140,33350.0,34500.0,33300.0,34050.0,595064
2026-04-10 01:00:00+00:00,우리금융지주,316140,34050.0,34100.0,33750.0,33900.0,238161
2026-04-10 02:00:00+00:00,우리금융지주,316140,33900.0,34200.0,33800.0,34050.0,156375
2026-04-10 03:00:00+00:00,우리금융지주,316140,34050.0,34225.0,34000.0,34150.0,132855
2026-04-10 04:00:00+00:00,우리금융지주,316140,34100.0,34200.0,34000.0,34100.0,132147
2026-04-10 05:00:00+00:00,우리금융지주,316140,34150.0,34300.0,34000.0,34250.0,201699
2026-04-13 00:00:00+00:00,우리금융지주,316140,33750.0,34100.0,33350.0,34050.0,0
2026-04-13 01:00:00+00:00,우리금융지주,316140,34050.0,34300.0,33950.0,34150.0,133727
2026-04-13 02:00:00+00:00,우리금융지주,316140,34150.0,34200.0,34000.0,34150.0,122785
2026-04-13 03:00:00+00:00,우리금융지주,316140,34150.0,34150.0,33950.0,34050.0,115297
2026-04-13 04:00:00+00:00,우리금융지주,316140,34050.0,34100.0,33900.0,33900.0,113636
2026-04-13 05:00:00+00:00,우리금융지주,316140,33950.0,34100.0,33900.0,34000.0,145366
2026-04-14 00:00:00+00:00,우리금융지주,316140,34350.0,35200.0,34350.0,35050.0,323378
2026-04-14 01:00:00+00:00,우리금융지주,316140,35100.0,35100.0,34750.0,34900.0,288883
2026-04-14 02:00:00+00:00,우리금융지주,316140,34900.0,35200.0,34900.0,35100.0,153124
2026-04-14 03:00:00+00:00,우리금융지주,316140,35050.0,35150.0,35000.0,35100.0,106967
2026-04-14 04:00:00+00:00,우리금융지주,316140,35100.0,35300.0,35100.0,35200.0,202194
2026-04-14 05:00:00+00:00,우리금융지주,316140,35200.0,35300.0,35000.0,35000.0,191322
2026-04-06 00:00:00+00:00,기업은행,024110,21350.0,21550.0,21300.0,21550.0,0
2026-04-06 01:00:00+00:00,기업은행,024110,21550.0,21600.0,21350.0,21400.0,55257
2026-04-06 02:00:00+00:00,기업은행,024110,21350.0,21750.0,21350.0,21400.0,135135
2026-04-06 03:00:00+00:00,기업은행,024110,21400.0,21500.0,21350.0,21400.0,32813
2026-04-06 04:00:00+00:00,기업은행,024110,21450.0,21650.0,21400.0,21650.0,68892
2026-04-06 05:00:00+00:00,기업은행,024110,21600.0,21700.0,21450.0,21600.0,78620
2026-04-07 00:00:00+00:00,기업은행,024110,21450.0,21900.0,21450.0,21800.0,146784
2026-04-07 01:00:00+00:00,기업은행,024110,21850.0,21850.0,21500.0,21500.0,111223
2026-04-07 02:00:00+00:00,기업은행,024110,21500.0,21600.0,21400.0,21450.0,105552
2026-04-07 03:00:00+00:00,기업은행,024110,21450.0,21550.0,21400.0,21400.0,88829
2026-04-07 04:00:00+00:00,기업은행,024110,21450.0,21500.0,21350.0,21400.0,116655
2026-04-07 05:00:00+00:00,기업은행,024110,21400.0,21450.0,21300.0,21350.0,140055
2026-04-08 00:00:00+00:00,기업은행,024110,22100.0,22500.0,21900.0,21900.0,332557
2026-04-08 01:00:00+00:00,기업은행,024110,21950.0,22150.0,21900.0,22100.0,172933
2026-04-08 02:00:00+00:00,기업은행,024110,22050.0,22200.0,22000.0,22050.0,132948
2026-04-08 03:00:00+00:00,기업은행,024110,22050.0,22150.0,22050.0,22100.0,99395
2026-04-08 04:00:00+00:00,기업은행,024110,22100.0,22100.0,21900.0,22000.0,128862
2026-04-08 05:00:00+00:00,기업은행,024110,22050.0,22150.0,21900.0,21950.0,137679
2026-04-09 00:00:00+00:00,기업은행,024110,22100.0,22100.0,21800.0,21950.0,205147
2026-04-09 01:00:00+00:00,기업은행,024110,22000.0,22050.0,21900.0,21950.0,120544
2026-04-09 02:00:00+00:00,기업은행,024110,21950.0,22000.0,21800.0,21950.0,94506
2026-04-09 03:00:00+00:00,기업은행,024110,21950.0,21950.0,21850.0,21900.0,78553
2026-04-09 04:00:00+00:00,기업은행,024110,21850.0,21900.0,21700.0,21750.0,157068
2026-04-09 05:00:00+00:00,기업은행,024110,21750.0,21750.0,21600.0,21650.0,134481
2026-04-10 00:00:00+00:00,기업은행,024110,21900.0,22550.0,21850.0,22250.0,344922
2026-04-10 01:00:00+00:00,기업은행,024110,22250.0,22450.0,22200.0,22200.0,101789
2026-04-10 02:00:00+00:00,기업은행,024110,22250.0,22350.0,22200.0,22300.0,76093
2026-04-10 03:00:00+00:00,기업은행,024110,22300.0,22350.0,22200.0,22200.0,72016
2026-04-10 04:00:00+00:00,기업은행,024110,22250.0,22250.0,22150.0,22200.0,99282
2026-04-10 05:00:00+00:00,기업은행,024110,22175.0,22250.0,22150.0,22250.0,145820
2026-04-13 00:00:00+00:00,기업은행,024110,22100.0,22200.0,21900.0,22100.0,0
2026-04-13 01:00:00+00:00,기업은행,024110,22150.0,22250.0,22100.0,22150.0,67664
2026-04-13 02:00:00+00:00,기업은행,024110,22100.0,22250.0,22050.0,22200.0,50083
2026-04-13 03:00:00+00:00,기업은행,024110,22150.0,22200.0,22050.0,22150.0,63216
2026-04-13 04:00:00+00:00,기업은행,024110,22100.0,22150.0,22050.0,22050.0,69585
2026-04-13 05:00:00+00:00,기업은행,024110,22050.0,22200.0,22050.0,22150.0,90130
2026-04-14 00:00:00+00:00,기업은행,024110,22450.0,22700.0,22450.0,22625.0,166219
2026-04-14 01:00:00+00:00,기업은행,024110,22650.0,22650.0,22450.0,22550.0,159422
2026-04-14 02:00:00+00:00,기업은행,024110,22500.0,22600.0,22450.0,22450.0,81345
2026-04-14 03:00:00+00:00,기업은행,024110,22450.0,22600.0,22450.0,22600.0,49992
2026-04-14 04:00:00+00:00,기업은행,024110,22600.0,22600.0,22350.0,22400.0,208534
2026-04-14 05:00:00+00:00,기업은행,024110,22350.0,22450.0,22200.0,22250.0,262569
2026-04-06 00:00:00+00:00,HD현대중공업,329180,476500.0,489500.0,474000.0,480000.0,0
2026-04-06 01:00:00+00:00,HD현대중공업,329180,480000.0,483000.0,470000.0,472000.0,54057
2026-04-06 02:00:00+00:00,HD현대중공업,329180,471500.0,479000.0,471500.0,473000.0,27653
2026-04-06 03:00:00+00:00,HD현대중공업,329180,473000.0,474000.0,471500.0,472000.0,14606
2026-04-06 04:00:00+00:00,HD현대중공업,329180,472500.0,475000.0,471500.0,474000.0,20269
2026-04-06 05:00:00+00:00,HD현대중공업,329180,474000.0,476000.0,470500.0,471500.0,23223
2026-04-07 00:00:00+00:00,HD현대중공업,329180,473000.0,490750.0,471500.0,478000.0,70799
2026-04-07 01:00:00+00:00,HD현대중공업,329180,478500.0,478500.0,465500.0,466000.0,36882
2026-04-07 02:00:00+00:00,HD현대중공업,329180,465500.0,469500.0,465000.0,468000.0,17813
2026-04-07 03:00:00+00:00,HD현대중공업,329180,467500.0,469750.0,466000.0,466500.0,15668
2026-04-07 04:00:00+00:00,HD현대중공업,329180,466500.0,469500.0,463000.0,468000.0,31759
2026-04-07 05:00:00+00:00,HD현대중공업,329180,468500.0,469500.0,466000.0,469000.0,22320
2026-04-08 00:00:00+00:00,HD현대중공업,329180,489500.0,498500.0,483000.0,485000.0,109737
2026-04-08 01:00:00+00:00,HD현대중공업,329180,484500.0,489000.0,484000.0,486000.0,54983
2026-04-08 02:00:00+00:00,HD현대중공업,329180,486000.0,488500.0,484500.0,485500.0,32585
2026-04-08 03:00:00+00:00,HD현대중공업,329180,486000.0,486000.0,480500.0,480500.0,46554
2026-04-08 04:00:00+00:00,HD현대중공업,329180,480500.0,484000.0,480500.0,483000.0,39530
2026-04-08 05:00:00+00:00,HD현대중공업,329180,483500.0,485500.0,481500.0,482500.0,47336
2026-04-09 00:00:00+00:00,HD현대중공업,329180,489000.0,490000.0,482000.0,485500.0,59321
2026-04-09 01:00:00+00:00,HD현대중공업,329180,485000.0,486000.0,480000.0,482000.0,33367
2026-04-09 02:00:00+00:00,HD현대중공업,329180,482000.0,482500.0,477000.0,477000.0,48267
2026-04-09 03:00:00+00:00,HD현대중공업,329180,477000.0,477500.0,471500.0,471500.0,59259
2026-04-09 04:00:00+00:00,HD현대중공업,329180,471750.0,474000.0,470500.0,472750.0,88448
2026-04-09 05:00:00+00:00,HD현대중공업,329180,472750.0,474000.0,471000.0,472000.0,93082
2026-04-10 00:00:00+00:00,HD현대중공업,329180,475500.0,483000.0,474500.0,476000.0,51372
2026-04-10 01:00:00+00:00,HD현대중공업,329180,476000.0,484000.0,476000.0,482500.0,39977
2026-04-10 02:00:00+00:00,HD현대중공업,329180,483000.0,483500.0,478500.0,479000.0,18697
2026-04-10 03:00:00+00:00,HD현대중공업,329180,479000.0,479500.0,475000.0,476500.0,19047
2026-04-10 04:00:00+00:00,HD현대중공업,329180,476000.0,478500.0,475000.0,477750.0,21607
2026-04-10 05:00:00+00:00,HD현대중공업,329180,477750.0,477750.0,474000.0,474000.0,28707
2026-04-13 00:00:00+00:00,HD현대중공업,329180,468000.0,472500.0,463500.0,471000.0,0
2026-04-13 01:00:00+00:00,HD현대중공업,329180,471000.0,474500.0,465500.0,465500.0,22639
2026-04-13 02:00:00+00:00,HD현대중공업,329180,466000.0,466000.0,463500.0,464000.0,33364
2026-04-13 03:00:00+00:00,HD현대중공업,329180,464000.0,464500.0,462500.0,463000.0,28093
2026-04-13 04:00:00+00:00,HD현대중공업,329180,463000.0,463500.0,461500.0,462500.0,38392
2026-04-13 05:00:00+00:00,HD현대중공업,329180,462500.0,464000.0,462000.0,462500.0,36658
2026-04-14 00:00:00+00:00,HD현대중공업,329180,470000.0,475000.0,467500.0,470000.0,53587
2026-04-14 01:00:00+00:00,HD현대중공업,329180,470500.0,471000.0,468000.0,469500.0,32246
2026-04-14 02:00:00+00:00,HD현대중공업,329180,469500.0,472000.0,469000.0,471000.0,21085
2026-04-14 03:00:00+00:00,HD현대중공업,329180,471000.0,474000.0,469000.0,474000.0,22662
2026-04-14 04:00:00+00:00,HD현대중공업,329180,473500.0,477000.0,473000.0,476250.0,38049
2026-04-14 05:00:00+00:00,HD현대중공업,329180,476250.0,476500.0,475000.0,475500.0,28051
2026-04-06 00:00:00+00:00,삼성중공업,010140,27700.0,28100.0,27450.0,27700.0,0
2026-04-06 01:00:00+00:00,삼성중공업,010140,27750.0,27850.0,27200.0,27250.0,347501
2026-04-06 02:00:00+00:00,삼성중공업,010140,27250.0,27800.0,27250.0,27400.0,282887
2026-04-06 03:00:00+00:00,삼성중공업,010140,27400.0,27450.0,27200.0,27300.0,157283
2026-04-06 04:00:00+00:00,삼성중공업,010140,27300.0,27400.0,27100.0,27200.0,358111
2026-04-06 05:00:00+00:00,삼성중공업,010140,27200.0,27250.0,27000.0,27150.0,432471
2026-04-07 00:00:00+00:00,삼성중공업,010140,27250.0,27550.0,26900.0,27225.0,808748
2026-04-07 01:00:00+00:00,삼성중공업,010140,27250.0,27300.0,26650.0,26700.0,405568
2026-04-07 02:00:00+00:00,삼성중공업,010140,26650.0,26850.0,26550.0,26800.0,254980
2026-04-07 03:00:00+00:00,삼성중공업,010140,26750.0,26950.0,26650.0,26700.0,131158
2026-04-07 04:00:00+00:00,삼성중공업,010140,26650.0,26800.0,26500.0,26700.0,225209
2026-04-07 05:00:00+00:00,삼성중공업,010140,26700.0,26950.0,26650.0,26900.0,227160
2026-04-08 00:00:00+00:00,삼성중공업,010140,28050.0,28300.0,27800.0,28100.0,1235217
2026-04-08 01:00:00+00:00,삼성중공업,010140,28100.0,28400.0,28100.0,28275.0,712631
2026-04-08 02:00:00+00:00,삼성중공업,010140,28250.0,28350.0,28200.0,28200.0,274636
2026-04-08 03:00:00+00:00,삼성중공업,010140,28250.0,28400.0,28150.0,28250.0,326936
2026-04-08 04:00:00+00:00,삼성중공업,010140,28250.0,28350.0,28200.0,28350.0,292635
2026-04-08 05:00:00+00:00,삼성중공업,010140,28300.0,28400.0,28150.0,28250.0,452903
2026-04-09 00:00:00+00:00,삼성중공업,010140,28950.0,29000.0,28150.0,28350.0,1123377
2026-04-09 01:00:00+00:00,삼성중공업,010140,28350.0,28400.0,28050.0,28300.0,450088
2026-04-09 02:00:00+00:00,삼성중공업,010140,28250.0,28400.0,28000.0,28175.0,402848
2026-04-09 03:00:00+00:00,삼성중공업,010140,28175.0,28300.0,28100.0,28200.0,277088
2026-04-09 04:00:00+00:00,삼성중공업,010140,28200.0,28500.0,28200.0,28350.0,402353
2026-04-09 05:00:00+00:00,삼성중공업,010140,28350.0,28500.0,28300.0,28450.0,371442
2026-04-10 00:00:00+00:00,삼성중공업,010140,28650.0,29300.0,28450.0,28750.0,1302986
2026-04-10 01:00:00+00:00,삼성중공업,010140,28800.0,29000.0,28650.0,28900.0,474476
2026-04-10 02:00:00+00:00,삼성중공업,010140,28850.0,28900.0,28700.0,28700.0,216196
2026-04-10 03:00:00+00:00,삼성중공업,010140,28750.0,28800.0,28550.0,28600.0,201915
2026-04-10 04:00:00+00:00,삼성중공업,010140,28550.0,28650.0,28500.0,28600.0,208678
2026-04-10 05:00:00+00:00,삼성중공업,010140,28650.0,28750.0,28550.0,28600.0,274364
2026-04-13 00:00:00+00:00,삼성중공업,010140,27850.0,28000.0,27650.0,27850.0,0
2026-04-13 01:00:00+00:00,삼성중공업,010140,27850.0,27900.0,27600.0,27650.0,402278
2026-04-13 02:00:00+00:00,삼성중공업,010140,27650.0,27700.0,27600.0,27600.0,231034
2026-04-13 03:00:00+00:00,삼성중공업,010140,27600.0,27650.0,27500.0,27600.0,371633
2026-04-13 04:00:00+00:00,삼성중공업,010140,27650.0,27700.0,27550.0,27650.0,307705
2026-04-13 05:00:00+00:00,삼성중공업,010140,27700.0,27750.0,27600.0,27600.0,424618
2026-04-14 00:00:00+00:00,삼성중공업,010140,28100.0,28150.0,27650.0,27800.0,908650
2026-04-14 01:00:00+00:00,삼성중공업,010140,27825.0,27850.0,27650.0,27700.0,394158
2026-04-14 02:00:00+00:00,삼성중공업,010140,27675.0,27900.0,27650.0,27750.0,278437
2026-04-14 03:00:00+00:00,삼성중공업,010140,27800.0,27800.0,27700.0,27700.0,214646
2026-04-14 04:00:00+00:00,삼성중공업,010140,27700.0,28000.0,27700.0,27850.0,429214
2026-04-14 05:00:00+00:00,삼성중공업,010140,27850.0,28150.0,27750.0,28100.0,773853
2026-04-06 00:00:00+00:00,한화에어로스페이스,012450,1449000.0,1474000.0,1427000.0,1440000.0,0
2026-04-06 01:00:00+00:00,한화에어로스페이스,012450,1439000.0,1452000.0,1416000.0,1419000.0,14419
2026-04-06 02:00:00+00:00,한화에어로스페이스,012450,1418000.0,1445000.0,1413000.0,1413000.0,16961
2026-04-06 03:00:00+00:00,한화에어로스페이스,012450,1413000.0,1435000.0,1410000.0,1433000.0,12160
2026-04-06 04:00:00+00:00,한화에어로스페이스,012450,1434000.0,1448000.0,1432000.0,1445000.0,13949
2026-04-06 05:00:00+00:00,한화에어로스페이스,012450,1445000.0,1459000.0,1444000.0,1450000.0,20054
2026-04-07 00:00:00+00:00,한화에어로스페이스,012450,1426000.0,1486000.0,1426000.0,1472000.0,44504
2026-04-07 01:00:00+00:00,한화에어로스페이스,012450,1473000.0,1475000.0,1450000.0,1451000.0,17414
2026-04-07 02:00:00+00:00,한화에어로스페이스,012450,1451000.0,1485000.0,1448000.0,1485000.0,28613
2026-04-07 03:00:00+00:00,한화에어로스페이스,012450,1484000.0,1513000.0,1481000.0,1496000.0,39681
2026-04-07 04:00:00+00:00,한화에어로스페이스,012450,1497000.0,1540000.0,1490000.0,1535000.0,52237
2026-04-07 05:00:00+00:00,한화에어로스페이스,012450,1535000.0,1545000.0,1529000.0,1534000.0,50350
2026-04-08 00:00:00+00:00,한화에어로스페이스,012450,1507000.0,1512000.0,1450000.0,1456000.0,106611
2026-04-08 01:00:00+00:00,한화에어로스페이스,012450,1456000.0,1477000.0,1455000.0,1469000.0,38535
2026-04-08 02:00:00+00:00,한화에어로스페이스,012450,1470000.0,1475000.0,1457000.0,1458000.0,27748
2026-04-08 03:00:00+00:00,한화에어로스페이스,012450,1458000.0,1468000.0,1457000.0,1466000.0,19624
2026-04-08 04:00:00+00:00,한화에어로스페이스,012450,1466000.0,1478000.0,1464000.0,1477000.0,24298
2026-04-08 05:00:00+00:00,한화에어로스페이스,012450,1477000.0,1485000.0,1475000.0,1478000.0,33112
2026-04-09 00:00:00+00:00,한화에어로스페이스,012450,1485000.0,1495000.0,1435000.0,1460000.0,63952
2026-04-09 01:00:00+00:00,한화에어로스페이스,012450,1460000.0,1463000.0,1438000.0,1460000.0,22870
2026-04-09 02:00:00+00:00,한화에어로스페이스,012450,1460000.0,1462000.0,1441000.0,1441000.0,15107
2026-04-09 03:00:00+00:00,한화에어로스페이스,012450,1441000.0,1443000.0,1435000.0,1439000.0,16798
2026-04-09 04:00:00+00:00,한화에어로스페이스,012450,1438000.0,1458000.0,1428000.0,1430000.0,28813
2026-04-09 05:00:00+00:00,한화에어로스페이스,012450,1431000.0,1445000.0,1423000.0,1437000.0,21400
2026-04-10 00:00:00+00:00,한화에어로스페이스,012450,1465000.0,1491000.0,1456000.0,1487000.0,48148
2026-04-10 01:00:00+00:00,한화에어로스페이스,012450,1487000.0,1497000.0,1482000.0,1496000.0,27057
2026-04-10 02:00:00+00:00,한화에어로스페이스,012450,1496000.0,1517000.0,1496000.0,1499000.0,27775
2026-04-10 03:00:00+00:00,한화에어로스페이스,012450,1498000.0,1507000.0,1491000.0,1506000.0,17663
2026-04-10 04:00:00+00:00,한화에어로스페이스,012450,1506000.0,1511000.0,1500000.0,1510000.0,19325
2026-04-10 05:00:00+00:00,한화에어로스페이스,012450,1510000.0,1510000.0,1499000.0,1501000.0,19070
2026-04-13 00:00:00+00:00,한화에어로스페이스,012450,1526000.0,1531000.0,1495000.0,1515000.0,0
2026-04-13 01:00:00+00:00,한화에어로스페이스,012450,1515000.0,1559000.0,1514000.0,1549000.0,30041
2026-04-13 02:00:00+00:00,한화에어로스페이스,012450,1549000.0,1558000.0,1536000.0,1538000.0,18019
2026-04-13 03:00:00+00:00,한화에어로스페이스,012450,1538000.0,1547000.0,1530000.0,1546000.0,12741
2026-04-13 04:00:00+00:00,한화에어로스페이스,012450,1545000.0,1550000.0,1535000.0,1541000.0,18680
2026-04-13 05:00:00+00:00,한화에어로스페이스,012450,1541000.0,1547000.0,1538000.0,1543000.0,20664
2026-04-14 00:00:00+00:00,한화에어로스페이스,012450,1515000.0,1526000.0,1484000.0,1504000.0,47990
2026-04-14 01:00:00+00:00,한화에어로스페이스,012450,1503000.0,1515000.0,1498000.0,1511000.0,21162
2026-04-14 02:00:00+00:00,한화에어로스페이스,012450,1511000.0,1519000.0,1510000.0,1517000.0,8325
2026-04-14 03:00:00+00:00,한화에어로스페이스,012450,1517000.0,1526000.0,1515000.0,1525000.0,10824
2026-04-14 04:00:00+00:00,한화에어로스페이스,012450,1526000.0,1531000.0,1524000.0,1526500.0,14454
2026-04-14 05:00:00+00:00,한화에어로스페이스,012450,1527000.0,1530000.0,1520000.0,1524000.0,12710
2026-04-06 00:00:00+00:00,삼성전기,009150,455500.0,465500.0,453000.0,456000.0,0
2026-04-06 01:00:00+00:00,삼성전기,009150,455500.0,459000.0,451000.0,453000.0,52692
2026-04-06 02:00:00+00:00,삼성전기,009150,452500.0,463000.0,452500.0,455500.0,56747
2026-04-06 03:00:00+00:00,삼성전기,009150,455000.0,456500.0,451500.0,453000.0,23464
2026-04-06 04:00:00+00:00,삼성전기,009150,453000.0,459500.0,452500.0,458500.0,30815
2026-04-06 05:00:00+00:00,삼성전기,009150,458000.0,462000.0,458000.0,460000.0,53520
2026-04-07 00:00:00+00:00,삼성전기,009150,475000.0,476500.0,457000.0,460500.0,171262
2026-04-07 01:00:00+00:00,삼성전기,009150,460500.0,463000.0,451000.0,452000.0,77472
2026-04-07 02:00:00+00:00,삼성전기,009150,452000.0,457000.0,450500.0,454500.0,54622
2026-04-07 03:00:00+00:00,삼성전기,009150,455000.0,457000.0,452500.0,453000.0,33044
2026-04-07 04:00:00+00:00,삼성전기,009150,453000.0,456500.0,450000.0,455000.0,49446
2026-04-07 05:00:00+00:00,삼성전기,009150,455000.0,459500.0,452000.0,459000.0,61230
2026-04-08 00:00:00+00:00,삼성전기,009150,490000.0,505000.0,488500.0,497500.0,353538
2026-04-08 01:00:00+00:00,삼성전기,009150,497000.0,518000.0,496000.0,517000.0,151778
2026-04-08 02:00:00+00:00,삼성전기,009150,517000.0,523000.0,516000.0,519000.0,100672
2026-04-08 03:00:00+00:00,삼성전기,009150,520000.0,523000.0,513000.0,517000.0,85429
2026-04-08 04:00:00+00:00,삼성전기,009150,517000.0,519000.0,512000.0,518000.0,97948
2026-04-08 05:00:00+00:00,삼성전기,009150,518000.0,518000.0,511000.0,515000.0,72776
2026-04-09 00:00:00+00:00,삼성전기,009150,512000.0,522000.0,505000.0,521000.0,126183
2026-04-09 01:00:00+00:00,삼성전기,009150,521000.0,522000.0,508000.0,518000.0,81684
2026-04-09 02:00:00+00:00,삼성전기,009150,519000.0,525000.0,518000.0,520000.0,63263
2026-04-09 03:00:00+00:00,삼성전기,009150,520000.0,521000.0,515000.0,516000.0,36849
2026-04-09 04:00:00+00:00,삼성전기,009150,516000.0,519000.0,514000.0,515000.0,52683
2026-04-09 05:00:00+00:00,삼성전기,009150,516000.0,519000.0,514000.0,514000.0,49409
2026-04-10 00:00:00+00:00,삼성전기,009150,530000.0,582000.0,530000.0,576000.0,575484
2026-04-10 01:00:00+00:00,삼성전기,009150,577000.0,583000.0,565000.0,567000.0,136165
2026-04-10 02:00:00+00:00,삼성전기,009150,567000.0,570000.0,560000.0,561000.0,73240
2026-04-10 03:00:00+00:00,삼성전기,009150,561000.0,565000.0,558000.0,560000.0,60427
2026-04-10 04:00:00+00:00,삼성전기,009150,560000.0,564000.0,558000.0,561000.0,81655
2026-04-10 05:00:00+00:00,삼성전기,009150,560000.0,567000.0,560000.0,565000.0,94359
2026-04-13 00:00:00+00:00,삼성전기,009150,555000.0,579000.0,554000.0,573000.0,0
2026-04-13 01:00:00+00:00,삼성전기,009150,574000.0,575000.0,563000.0,567000.0,69700
2026-04-13 02:00:00+00:00,삼성전기,009150,566000.0,568000.0,560000.0,566000.0,49839
2026-04-13 03:00:00+00:00,삼성전기,009150,566000.0,567000.0,562000.0,567000.0,34978
2026-04-13 04:00:00+00:00,삼성전기,009150,567000.0,570000.0,564000.0,570000.0,37549
2026-04-13 05:00:00+00:00,삼성전기,009150,569000.0,570000.0,566000.0,567000.0,52319
2026-04-14 00:00:00+00:00,삼성전기,009150,596000.0,603000.0,579000.0,582000.0,207944
2026-04-14 01:00:00+00:00,삼성전기,009150,583000.0,588000.0,578000.0,583000.0,65896
2026-04-14 02:00:00+00:00,삼성전기,009150,583000.0,584000.0,577000.0,581000.0,44117
2026-04-14 03:00:00+00:00,삼성전기,009150,582000.0,584000.0,579000.0,584000.0,25636
2026-04-14 04:00:00+00:00,삼성전기,009150,584000.0,590000.0,581000.0,588000.0,46497
2026-04-14 05:00:00+00:00,삼성전기,009150,588500.0,593000.0,587000.0,589000.0,82080
2026-04-06 00:00:00+00:00,LG,003550,86500.0,88700.0,85900.0,88400.0,0
2026-04-06 01:00:00+00:00,LG,003550,88300.0,88700.0,87400.0,87600.0,17849
2026-04-06 02:00:00+00:00,LG,003550,87600.0,89500.0,87400.0,87800.0,34833
2026-04-06 03:00:00+00:00,LG,003550,87800.0,88100.0,87400.0,87850.0,11889
2026-04-06 04:00:00+00:00,LG,003550,87850.0,88800.0,87800.0,88500.0,16542
2026-04-06 05:00:00+00:00,LG,003550,88400.0,88900.0,87500.0,87800.0,23412
2026-04-07 00:00:00+00:00,LG,003550,87300.0,89400.0,87300.0,88100.0,26112
2026-04-07 01:00:00+00:00,LG,003550,88200.0,88600.0,86400.0,87000.0,24753
2026-04-07 02:00:00+00:00,LG,003550,87000.0,87500.0,86500.0,87100.0,41334
2026-04-07 03:00:00+00:00,LG,003550,87100.0,87600.0,86800.0,87000.0,27559
2026-04-07 04:00:00+00:00,LG,003550,87000.0,87300.0,86800.0,87000.0,33226
2026-04-07 05:00:00+00:00,LG,003550,86900.0,87300.0,86800.0,87200.0,30814
2026-04-08 00:00:00+00:00,LG,003550,92400.0,93000.0,90600.0,91000.0,73026
2026-04-08 01:00:00+00:00,LG,003550,91000.0,91500.0,90200.0,90400.0,35324
2026-04-08 02:00:00+00:00,LG,003550,90300.0,90900.0,90000.0,90300.0,32154
2026-04-08 03:00:00+00:00,LG,003550,90200.0,91300.0,90200.0,90900.0,27118
2026-04-08 04:00:00+00:00,LG,003550,91000.0,91400.0,90800.0,91200.0,29962
2026-04-08 05:00:00+00:00,LG,003550,91200.0,91700.0,90900.0,91500.0,43908
2026-04-09 00:00:00+00:00,LG,003550,90200.0,91000.0,89300.0,89600.0,68531
2026-04-09 01:00:00+00:00,LG,003550,89600.0,90100.0,89500.0,89900.0,24964
2026-04-09 02:00:00+00:00,LG,003550,89900.0,90750.0,89800.0,90500.0,24535
2026-04-09 03:00:00+00:00,LG,003550,90500.0,90800.0,90200.0,90400.0,22451
2026-04-09 04:00:00+00:00,LG,003550,90500.0,90600.0,89900.0,90000.0,24574
2026-04-09 05:00:00+00:00,LG,003550,89950.0,90200.0,89600.0,89800.0,33662
2026-04-10 00:00:00+00:00,LG,003550,90900.0,92200.0,90900.0,92000.0,52539
2026-04-10 01:00:00+00:00,LG,003550,92100.0,93200.0,92000.0,93000.0,41069
2026-04-10 02:00:00+00:00,LG,003550,93000.0,93800.0,92900.0,93700.0,30358
2026-04-10 03:00:00+00:00,LG,003550,93600.0,93700.0,93200.0,93500.0,19965
2026-04-10 04:00:00+00:00,LG,003550,93500.0,93600.0,93200.0,93300.0,19646
2026-04-10 05:00:00+00:00,LG,003550,93200.0,93500.0,92900.0,93000.0,54056
2026-04-13 00:00:00+00:00,LG,003550,91700.0,91700.0,90500.0,91400.0,0
2026-04-13 01:00:00+00:00,LG,003550,91400.0,92000.0,91300.0,91600.0,30142
2026-04-13 02:00:00+00:00,LG,003550,91500.0,91600.0,91100.0,91200.0,26340
2026-04-13 03:00:00+00:00,LG,003550,91300.0,91300.0,90500.0,91000.0,43410
2026-04-13 04:00:00+00:00,LG,003550,91000.0,91100.0,90800.0,91100.0,27007
2026-04-13 05:00:00+00:00,LG,003550,91100.0,91100.0,90500.0,90500.0,28716
2026-04-14 00:00:00+00:00,LG,003550,91900.0,92400.0,91500.0,91800.0,59639
2026-04-14 01:00:00+00:00,LG,003550,91700.0,92500.0,91500.0,92000.0,55020
2026-04-14 02:00:00+00:00,LG,003550,92000.0,92400.0,91700.0,92000.0,36323
2026-04-14 03:00:00+00:00,LG,003550,92000.0,92200.0,91800.0,92000.0,26681
2026-04-14 04:00:00+00:00,LG,003550,92100.0,92500.0,91900.0,92000.0,39606
2026-04-14 05:00:00+00:00,LG,003550,92000.0,92100.0,91500.0,91600.0,37213
2026-04-06 00:00:00+00:00,SK,034730,311500.0,315500.0,308000.0,314000.0,0
2026-04-06 01:00:00+00:00,SK,034730,314000.0,316500.0,310000.0,311500.0,16396
2026-04-06 02:00:00+00:00,SK,034730,311500.0,316500.0,310500.0,311500.0,18400
2026-04-06 03:00:00+00:00,SK,034730,311250.0,312000.0,308500.0,309500.0,16244
2026-04-06 04:00:00+00:00,SK,034730,309500.0,313000.0,309000.0,312000.0,14310
2026-04-06 05:00:00+00:00,SK,034730,312000.0,314000.0,310500.0,311000.0,11887
2026-04-07 00:00:00+00:00,SK,034730,317000.0,323500.0,315500.0,317000.0,23578
2026-04-07 01:00:00+00:00,SK,034730,316500.0,318000.0,310000.0,310000.0,18121
2026-04-07 02:00:00+00:00,SK,034730,310000.0,312500.0,309000.0,310500.0,13881
2026-04-07 03:00:00+00:00,SK,034730,310500.0,312000.0,308000.0,309000.0,10947
2026-04-07 04:00:00+00:00,SK,034730,309000.0,311000.0,307000.0,309500.0,12484
2026-04-07 05:00:00+00:00,SK,034730,309500.0,313000.0,309000.0,312500.0,14010
2026-04-08 00:00:00+00:00,SK,034730,332500.0,338500.0,331500.0,332500.0,65903
2026-04-08 01:00:00+00:00,SK,034730,332500.0,335000.0,331250.0,334000.0,20288
2026-04-08 02:00:00+00:00,SK,034730,334000.0,336000.0,334000.0,334000.0,15344
2026-04-08 03:00:00+00:00,SK,034730,334000.0,337500.0,334000.0,337000.0,12133
2026-04-08 04:00:00+00:00,SK,034730,337000.0,342500.0,337000.0,341500.0,40611
2026-04-08 05:00:00+00:00,SK,034730,341500.0,345500.0,340000.0,341500.0,39267
2026-04-09 00:00:00+00:00,SK,034730,337000.0,345500.0,336500.0,339000.0,30806
2026-04-09 01:00:00+00:00,SK,034730,339000.0,342000.0,337000.0,341000.0,15812
2026-04-09 02:00:00+00:00,SK,034730,341500.0,343000.0,339000.0,343000.0,12441
2026-04-09 03:00:00+00:00,SK,034730,343000.0,343000.0,341000.0,341000.0,10697
2026-04-09 04:00:00+00:00,SK,034730,341000.0,342000.0,339000.0,340000.0,10882
2026-04-09 05:00:00+00:00,SK,034730,340500.0,341000.0,337500.0,338000.0,18150
2026-04-10 00:00:00+00:00,SK,034730,345500.0,353000.0,344500.0,350000.0,36023
2026-04-10 01:00:00+00:00,SK,034730,350000.0,354000.0,348500.0,352250.0,19853
2026-04-10 02:00:00+00:00,SK,034730,352250.0,356000.0,351000.0,356000.0,27537
2026-04-10 03:00:00+00:00,SK,034730,355500.0,362000.0,355500.0,360500.0,40371
2026-04-10 04:00:00+00:00,SK,034730,360500.0,361000.0,356500.0,357000.0,22832
2026-04-10 05:00:00+00:00,SK,034730,356500.0,357500.0,354000.0,354250.0,21062
2026-04-13 00:00:00+00:00,SK,034730,342500.0,351500.0,340500.0,350500.0,0
2026-04-13 01:00:00+00:00,SK,034730,351000.0,353500.0,347000.0,348000.0,20229
2026-04-13 02:00:00+00:00,SK,034730,348500.0,349000.0,347000.0,349000.0,10615
2026-04-13 03:00:00+00:00,SK,034730,348500.0,348500.0,345500.0,348000.0,10566
2026-04-13 04:00:00+00:00,SK,034730,348000.0,349500.0,347000.0,348500.0,12774
2026-04-13 05:00:00+00:00,SK,034730,348500.0,349500.0,347000.0,348000.0,14478
2026-04-14 00:00:00+00:00,SK,034730,358500.0,364000.0,357000.0,361000.0,38116
2026-04-14 01:00:00+00:00,SK,034730,361000.0,363500.0,358500.0,358500.0,27350
2026-04-14 02:00:00+00:00,SK,034730,358500.0,361000.0,356000.0,359000.0,17043
2026-04-14 03:00:00+00:00,SK,034730,358500.0,364000.0,358500.0,363500.0,18598
2026-04-14 04:00:00+00:00,SK,034730,363500.0,365500.0,362000.0,362000.0,23421
2026-04-14 05:00:00+00:00,SK,034730,362000.0,364000.0,360500.0,361000.0,19993
2026-04-06 00:00:00+00:00,DB손해보험,005830,162900.0,165700.0,161000.0,162000.0,0
2026-04-06 01:00:00+00:00,DB손해보험,005830,162000.0,164000.0,161600.0,162200.0,14125
2026-04-06 02:00:00+00:00,DB손해보험,005830,162000.0,165600.0,162000.0,162400.0,17939
2026-04-06 03:00:00+00:00,DB손해보험,005830,162200.0,163900.0,161300.0,162300.0,11241
2026-04-06 04:00:00+00:00,DB손해보험,005830,162300.0,163600.0,162300.0,162700.0,14651
2026-04-06 05:00:00+00:00,DB손해보험,005830,162700.0,164600.0,161300.0,162100.0,29676
2026-04-07 00:00:00+00:00,DB손해보험,005830,162000.0,164300.0,162000.0,163400.0,19383
2026-04-07 01:00:00+00:00,DB손해보험,005830,163400.0,163400.0,160200.0,160500.0,17187
2026-04-07 02:00:00+00:00,DB손해보험,005830,160600.0,161000.0,159100.0,160300.0,23567
2026-04-07 03:00:00+00:00,DB손해보험,005830,160000.0,161400.0,159900.0,160300.0,14236
2026-04-07 04:00:00+00:00,DB손해보험,005830,160500.0,160800.0,159200.0,159400.0,18913
2026-04-07 05:00:00+00:00,DB손해보험,005830,159500.0,160200.0,158700.0,160100.0,22306
2026-04-08 00:00:00+00:00,DB손해보험,005830,173800.0,173900.0,167500.0,167900.0,43199
2026-04-08 01:00:00+00:00,DB손해보험,005830,168000.0,169500.0,166700.0,167300.0,18552
2026-04-08 02:00:00+00:00,DB손해보험,005830,167300.0,168800.0,166700.0,166800.0,16450
2026-04-08 03:00:00+00:00,DB손해보험,005830,166700.0,168800.0,166600.0,168100.0,14054
2026-04-08 04:00:00+00:00,DB손해보험,005830,168100.0,169000.0,167500.0,168100.0,18148
2026-04-08 05:00:00+00:00,DB손해보험,005830,168100.0,169300.0,167700.0,167900.0,22618
2026-04-09 00:00:00+00:00,DB손해보험,005830,167600.0,169300.0,163600.0,164300.0,28370
2026-04-09 01:00:00+00:00,DB손해보험,005830,164300.0,165300.0,163600.0,164300.0,15733
2026-04-09 02:00:00+00:00,DB손해보험,005830,164300.0,164400.0,162500.0,162600.0,15666
2026-04-09 03:00:00+00:00,DB손해보험,005830,162600.0,163300.0,162200.0,162700.0,15049
2026-04-09 04:00:00+00:00,DB손해보험,005830,162800.0,164200.0,162400.0,162400.0,22115
2026-04-09 05:00:00+00:00,DB손해보험,005830,162400.0,163600.0,162000.0,162000.0,21988
2026-04-10 00:00:00+00:00,DB손해보험,005830,163900.0,168500.0,163900.0,166900.0,18844
2026-04-10 01:00:00+00:00,DB손해보험,005830,167100.0,168500.0,166550.0,167600.0,11219
2026-04-10 02:00:00+00:00,DB손해보험,005830,167600.0,169000.0,166600.0,169000.0,9083
2026-04-10 03:00:00+00:00,DB손해보험,005830,169000.0,170500.0,168900.0,169000.0,8886
2026-04-10 04:00:00+00:00,DB손해보험,005830,168900.0,169600.0,167500.0,167500.0,12022
2026-04-10 05:00:00+00:00,DB손해보험,005830,167600.0,168600.0,167100.0,168000.0,17678
2026-04-13 00:00:00+00:00,DB손해보험,005830,166800.0,166800.0,163200.0,165700.0,0
2026-04-13 01:00:00+00:00,DB손해보험,005830,165800.0,166600.0,164500.0,164700.0,18180
2026-04-13 02:00:00+00:00,DB손해보험,005830,164700.0,166000.0,164400.0,165300.0,10921
2026-04-13 03:00:00+00:00,DB손해보험,005830,165300.0,165900.0,164700.0,165600.0,11189
2026-04-13 04:00:00+00:00,DB손해보험,005830,165500.0,166000.0,165100.0,165600.0,11948
2026-04-13 05:00:00+00:00,DB손해보험,005830,165600.0,166400.0,165400.0,166100.0,17011
2026-04-14 00:00:00+00:00,DB손해보험,005830,167700.0,171600.0,167700.0,170100.0,26565
2026-04-14 01:00:00+00:00,DB손해보험,005830,170100.0,170700.0,167800.0,168800.0,22051
2026-04-14 02:00:00+00:00,DB손해보험,005830,168700.0,169600.0,168200.0,168300.0,15648
2026-04-14 03:00:00+00:00,DB손해보험,005830,168400.0,169300.0,168100.0,169000.0,15021
2026-04-14 04:00:00+00:00,DB손해보험,005830,169000.0,170100.0,168600.0,168900.0,19064
2026-04-14 05:00:00+00:00,DB손해보험,005830,169000.0,169600.0,168500.0,169300.0,21161
2026-04-06 00:00:00+00:00,한미반도체,042700,259500.0,263500.0,256500.0,258000.0,0
2026-04-06 01:00:00+00:00,한미반도체,042700,258000.0,259500.0,253000.0,253500.0,78769
2026-04-06 02:00:00+00:00,한미반도체,042700,254000.0,259000.0,253500.0,253500.0,83269
2026-04-06 03:00:00+00:00,한미반도체,042700,254000.0,254500.0,250000.0,250500.0,71321
2026-04-06 04:00:00+00:00,한미반도체,042700,250500.0,251500.0,249000.0,249500.0,86277
2026-04-06 05:00:00+00:00,한미반도체,042700,249500.0,251000.0,248500.0,249000.0,74207
2026-04-07 00:00:00+00:00,한미반도체,042700,260500.0,262000.0,253750.0,254000.0,154443
2026-04-07 01:00:00+00:00,한미반도체,042700,254500.0,256000.0,250000.0,250500.0,87618
2026-04-07 02:00:00+00:00,한미반도체,042700,250500.0,253000.0,249000.0,251500.0,77580
2026-04-07 03:00:00+00:00,한미반도체,042700,251500.0,251500.0,249500.0,250000.0,33173
2026-04-07 04:00:00+00:00,한미반도체,042700,250000.0,251000.0,247500.0,249500.0,56583
2026-04-07 05:00:00+00:00,한미반도체,042700,249750.0,250500.0,248000.0,250000.0,77568
2026-04-08 00:00:00+00:00,한미반도체,042700,277000.0,280000.0,267500.0,270000.0,459843
2026-04-08 01:00:00+00:00,한미반도체,042700,270000.0,275000.0,270000.0,273000.0,107482
2026-04-08 02:00:00+00:00,한미반도체,042700,273000.0,273500.0,272000.0,272000.0,38140
2026-04-08 03:00:00+00:00,한미반도체,042700,272500.0,272500.0,269500.0,271500.0,55809
2026-04-08 04:00:00+00:00,한미반도체,042700,271500.0,276000.0,270000.0,275500.0,93424
2026-04-08 05:00:00+00:00,한미반도체,042700,275500.0,276000.0,271500.0,275000.0,95629
2026-04-09 00:00:00+00:00,한미반도체,042700,278000.0,280000.0,272500.0,277000.0,139477
2026-04-09 01:00:00+00:00,한미반도체,042700,277500.0,278000.0,271500.0,275500.0,71596
2026-04-09 02:00:00+00:00,한미반도체,042700,276000.0,279000.0,275250.0,276500.0,43894
2026-04-09 03:00:00+00:00,한미반도체,042700,276500.0,277000.0,274000.0,274500.0,28836
2026-04-09 04:00:00+00:00,한미반도체,042700,274000.0,275500.0,273000.0,275000.0,48892
2026-04-09 05:00:00+00:00,한미반도체,042700,275000.0,277000.0,273500.0,275000.0,55663
2026-04-10 00:00:00+00:00,한미반도체,042700,290000.0,290500.0,278500.0,281000.0,259221
2026-04-10 01:00:00+00:00,한미반도체,042700,281000.0,284000.0,280000.0,282000.0,89366
2026-04-10 02:00:00+00:00,한미반도체,042700,282000.0,287500.0,282000.0,287000.0,127003
2026-04-10 03:00:00+00:00,한미반도체,042700,286500.0,288000.0,284000.0,286000.0,112458
2026-04-10 04:00:00+00:00,한미반도체,042700,286000.0,286750.0,284500.0,284500.0,119367
2026-04-10 05:00:00+00:00,한미반도체,042700,285000.0,286000.0,283500.0,285000.0,170520
2026-04-13 00:00:00+00:00,한미반도체,042700,278000.0,280000.0,275500.0,279500.0,0
2026-04-13 01:00:00+00:00,한미반도체,042700,279500.0,280000.0,276500.0,277500.0,69368
2026-04-13 02:00:00+00:00,한미반도체,042700,277000.0,278000.0,276500.0,277000.0,29288
2026-04-13 03:00:00+00:00,한미반도체,042700,276500.0,277000.0,275000.0,276500.0,44406
2026-04-13 04:00:00+00:00,한미반도체,042700,276500.0,277500.0,276500.0,277500.0,26098
2026-04-13 05:00:00+00:00,한미반도체,042700,277500.0,277500.0,277000.0,277500.0,18844
2026-04-14 00:00:00+00:00,한미반도체,042700,285000.0,286000.0,282000.0,282250.0,158359
2026-04-14 01:00:00+00:00,한미반도체,042700,282500.0,282750.0,280500.0,281500.0,105431
2026-04-14 02:00:00+00:00,한미반도체,042700,281500.0,284000.0,280750.0,283500.0,50871
2026-04-14 03:00:00+00:00,한미반도체,042700,284000.0,285500.0,283250.0,285000.0,67165
2026-04-14 04:00:00+00:00,한미반도체,042700,284500.0,285500.0,283000.0,283500.0,50188
2026-04-14 05:00:00+00:00,한미반도체,042700,283500.0,284000.0,282000.0,282000.0,54898
2026-04-06 00:00:00+00:00,HD한국조선해양,009540,375000.0,381000.0,371500.0,377500.0,0
2026-04-06 01:00:00+00:00,HD한국조선해양,009540,377500.0,380500.0,371500.0,372000.0,18402
2026-04-06 02:00:00+00:00,HD한국조선해양,009540,372500.0,379000.0,371000.0,371000.0,21668
2026-04-06 03:00:00+00:00,HD한국조선해양,009540,371000.0,373500.0,370500.0,372500.0,13155
2026-04-06 04:00:00+00:00,HD한국조선해양,009540,373000.0,374500.0,371500.0,374000.0,15072
2026-04-06 05:00:00+00:00,HD한국조선해양,009540,374000.0,375000.0,371000.0,372000.0,20348
2026-04-07 00:00:00+00:00,HD한국조선해양,009540,372000.0,387000.0,372000.0,382500.0,32279
2026-04-07 01:00:00+00:00,HD한국조선해양,009540,383000.0,383000.0,373000.0,373500.0,20347
2026-04-07 02:00:00+00:00,HD한국조선해양,009540,373500.0,377500.0,372000.0,376000.0,16361
2026-04-07 03:00:00+00:00,HD한국조선해양,009540,376000.0,377500.0,373000.0,374000.0,12714
2026-04-07 04:00:00+00:00,HD한국조선해양,009540,373500.0,375000.0,371000.0,374000.0,14891
2026-04-07 05:00:00+00:00,HD한국조선해양,009540,374000.0,377500.0,373000.0,376500.0,14570
2026-04-08 00:00:00+00:00,HD한국조선해양,009540,393000.0,399000.0,388500.0,390250.0,63268
2026-04-08 01:00:00+00:00,HD한국조선해양,009540,390250.0,393500.0,388500.0,391000.0,32212
2026-04-08 02:00:00+00:00,HD한국조선해양,009540,390500.0,393500.0,390000.0,391000.0,21576
2026-04-08 03:00:00+00:00,HD한국조선해양,009540,390500.0,391500.0,387000.0,387000.0,19379
2026-04-08 04:00:00+00:00,HD한국조선해양,009540,387000.0,388000.0,385000.0,387000.0,30100
2026-04-08 05:00:00+00:00,HD한국조선해양,009540,387000.0,389000.0,387000.0,388500.0,28229
2026-04-09 00:00:00+00:00,HD한국조선해양,009540,392500.0,395000.0,390000.0,393500.0,38048
2026-04-09 01:00:00+00:00,HD한국조선해양,009540,393500.0,394500.0,389500.0,394000.0,20275
2026-04-09 02:00:00+00:00,HD한국조선해양,009540,394000.0,395500.0,392000.0,395000.0,23449
2026-04-09 03:00:00+00:00,HD한국조선해양,009540,395500.0,396000.0,392500.0,392500.0,13317
2026-04-09 04:00:00+00:00,HD한국조선해양,009540,392500.0,394500.0,392500.0,393500.0,17336
2026-04-09 05:00:00+00:00,HD한국조선해양,009540,393500.0,395000.0,392500.0,394000.0,21220
2026-04-10 00:00:00+00:00,HD한국조선해양,009540,392000.0,401000.0,390000.0,394000.0,35531
2026-04-10 01:00:00+00:00,HD한국조선해양,009540,394000.0,401000.0,392500.0,399500.0,24935
2026-04-10 02:00:00+00:00,HD한국조선해양,009540,399500.0,400000.0,397000.0,397500.0,11345
2026-04-10 03:00:00+00:00,HD한국조선해양,009540,397000.0,397500.0,394000.0,396000.0,8335
2026-04-10 04:00:00+00:00,HD한국조선해양,009540,395500.0,396000.0,393500.0,396000.0,8150
2026-04-10 05:00:00+00:00,HD한국조선해양,009540,395500.0,397500.0,395000.0,395000.0,9281
2026-04-13 00:00:00+00:00,HD한국조선해양,009540,385000.0,395000.0,383500.0,392500.0,0
2026-04-13 01:00:00+00:00,HD한국조선해양,009540,393000.0,393000.0,387000.0,387500.0,22264
2026-04-13 02:00:00+00:00,HD한국조선해양,009540,387500.0,388500.0,385000.0,388000.0,16218
2026-04-13 03:00:00+00:00,HD한국조선해양,009540,388000.0,388500.0,386000.0,387000.0,17683
2026-04-13 04:00:00+00:00,HD한국조선해양,009540,387000.0,388000.0,386000.0,387000.0,14991
2026-04-13 05:00:00+00:00,HD한국조선해양,009540,387000.0,389000.0,387000.0,388000.0,18161
2026-04-14 00:00:00+00:00,HD한국조선해양,009540,395000.0,399000.0,390000.0,391500.0,35122
2026-04-14 01:00:00+00:00,HD한국조선해양,009540,392000.0,394000.0,390500.0,393500.0,18785
2026-04-14 02:00:00+00:00,HD한국조선해양,009540,393000.0,397500.0,393000.0,395000.0,17352
2026-04-14 03:00:00+00:00,HD한국조선해양,009540,394500.0,396000.0,392250.0,395500.0,11478
2026-04-14 04:00:00+00:00,HD한국조선해양,009540,395500.0,398000.0,395000.0,397000.0,15751
2026-04-14 05:00:00+00:00,HD한국조선해양,009540,397500.0,398000.0,396500.0,397000.0,14768
2026-04-06 00:00:00+00:00,아모레퍼시픽,090430,132600.0,134100.0,131000.0,131500.0,0
2026-04-06 01:00:00+00:00,아모레퍼시픽,090430,131600.0,132000.0,129900.0,130000.0,29467
2026-04-06 02:00:00+00:00,아모레퍼시픽,090430,130000.0,132000.0,129900.0,130400.0,15112
2026-04-06 03:00:00+00:00,아모레퍼시픽,090430,130500.0,130500.0,129900.0,129900.0,8649
2026-04-06 04:00:00+00:00,아모레퍼시픽,090430,129900.0,130800.0,129800.0,130200.0,13873
2026-04-06 05:00:00+00:00,아모레퍼시픽,090430,130100.0,130800.0,130000.0,130700.0,20634
2026-04-07 00:00:00+00:00,아모레퍼시픽,090430,131400.0,132700.0,130200.0,131200.0,38379
2026-04-07 01:00:00+00:00,아모레퍼시픽,090430,131200.0,131300.0,128800.0,128800.0,40432
2026-04-07 02:00:00+00:00,아모레퍼시픽,090430,128800.0,129300.0,128400.0,128800.0,15401
2026-04-07 03:00:00+00:00,아모레퍼시픽,090430,128800.0,129200.0,128200.0,128300.0,18324
2026-04-07 04:00:00+00:00,아모레퍼시픽,090430,128300.0,128600.0,127600.0,127700.0,19852
2026-04-07 05:00:00+00:00,아모레퍼시픽,090430,127700.0,127800.0,127200.0,127500.0,21546
2026-04-08 00:00:00+00:00,아모레퍼시픽,090430,132400.0,134800.0,129100.0,129800.0,56856
2026-04-08 01:00:00+00:00,아모레퍼시픽,090430,129800.0,130500.0,129400.0,130100.0,22274
2026-04-08 02:00:00+00:00,아모레퍼시픽,090430,130200.0,131500.0,130200.0,130800.0,16763
2026-04-08 03:00:00+00:00,아모레퍼시픽,090430,130700.0,131200.0,130500.0,130500.0,14802
2026-04-08 04:00:00+00:00,아모레퍼시픽,090430,130500.0,130900.0,129800.0,130200.0,25197
2026-04-08 05:00:00+00:00,아모레퍼시픽,090430,130300.0,130900.0,130100.0,130200.0,29817
2026-04-09 00:00:00+00:00,아모레퍼시픽,090430,131500.0,133800.0,130500.0,131500.0,60967
2026-04-09 01:00:00+00:00,아모레퍼시픽,090430,131200.0,131600.0,129700.0,129800.0,29724
2026-04-09 02:00:00+00:00,아모레퍼시픽,090430,129900.0,130100.0,128700.0,128800.0,28832
2026-04-09 03:00:00+00:00,아모레퍼시픽,090430,128800.0,129500.0,128500.0,129100.0,18715
2026-04-09 04:00:00+00:00,아모레퍼시픽,090430,129000.0,129400.0,128800.0,128900.0,18083
2026-04-09 05:00:00+00:00,아모레퍼시픽,090430,128900.0,129400.0,128700.0,128800.0,25034
2026-04-10 00:00:00+00:00,아모레퍼시픽,090430,130500.0,131700.0,129100.0,129300.0,36251
2026-04-10 01:00:00+00:00,아모레퍼시픽,090430,129400.0,130700.0,129300.0,130200.0,14085
2026-04-10 02:00:00+00:00,아모레퍼시픽,090430,130200.0,131200.0,130100.0,130900.0,14705
2026-04-10 03:00:00+00:00,아모레퍼시픽,090430,131000.0,131400.0,130700.0,131200.0,11778
2026-04-10 04:00:00+00:00,아모레퍼시픽,090430,131200.0,132300.0,131000.0,132200.0,24611
2026-04-10 05:00:00+00:00,아모레퍼시픽,090430,132300.0,132400.0,131700.0,131900.0,20439
2026-04-13 00:00:00+00:00,아모레퍼시픽,090430,129900.0,132500.0,129500.0,130800.0,0
2026-04-13 01:00:00+00:00,아모레퍼시픽,090430,130900.0,131500.0,130800.0,131300.0,8326
2026-04-13 02:00:00+00:00,아모레퍼시픽,090430,131400.0,131400.0,130400.0,130700.0,10257
2026-04-13 03:00:00+00:00,아모레퍼시픽,090430,130700.0,130900.0,130100.0,130300.0,12861
2026-04-13 04:00:00+00:00,아모레퍼시픽,090430,130300.0,130400.0,129700.0,130100.0,23124
2026-04-13 05:00:00+00:00,아모레퍼시픽,090430,130000.0,130700.0,129900.0,130000.0,24550
2026-04-14 00:00:00+00:00,아모레퍼시픽,090430,131500.0,132200.0,129700.0,130000.0,73122
2026-04-14 01:00:00+00:00,아모레퍼시픽,090430,130000.0,130100.0,128700.0,128800.0,55011
2026-04-14 02:00:00+00:00,아모레퍼시픽,090430,128900.0,129300.0,128800.0,129200.0,17047
2026-04-14 03:00:00+00:00,아모레퍼시픽,090430,129100.0,129600.0,129000.0,129500.0,23144
2026-04-14 04:00:00+00:00,아모레퍼시픽,090430,129500.0,129900.0,129400.0,129500.0,19926
2026-04-14 05:00:00+00:00,아모레퍼시픽,090430,129500.0,129600.0,129000.0,129000.0,32383
2026-04-06 00:00:00+00:00,S-Oil,010950,111300.0,118200.0,111200.0,118000.0,0
2026-04-06 01:00:00+00:00,S-Oil,010950,118100.0,120400.0,117900.0,118300.0,238497
2026-04-06 02:00:00+00:00,S-Oil,010950,118300.0,119500.0,117300.0,117400.0,87835
2026-04-06 03:00:00+00:00,S-Oil,010950,117400.0,117800.0,115700.0,116500.0,55781
2026-04-06 04:00:00+00:00,S-Oil,010950,116500.0,117600.0,116300.0,117100.0,66757
2026-04-06 05:00:00+00:00,S-Oil,010950,117200.0,118200.0,116900.0,118200.0,79121
2026-04-07 00:00:00+00:00,S-Oil,010950,115500.0,120200.0,115300.0,119300.0,173339
2026-04-07 01:00:00+00:00,S-Oil,010950,119400.0,119400.0,117400.0,118500.0,67226
2026-04-07 02:00:00+00:00,S-Oil,010950,118400.0,118500.0,116000.0,116400.0,56947
2026-04-07 03:00:00+00:00,S-Oil,010950,116400.0,116700.0,115600.0,116400.0,40376
2026-04-07 04:00:00+00:00,S-Oil,010950,116300.0,116600.0,115500.0,115800.0,46328
2026-04-07 05:00:00+00:00,S-Oil,010950,115800.0,116300.0,115000.0,115200.0,49836
2026-04-08 00:00:00+00:00,S-Oil,010950,117200.0,119000.0,112300.0,113300.0,201783
2026-04-08 01:00:00+00:00,S-Oil,010950,113400.0,114000.0,110000.0,112200.0,130520
2026-04-08 02:00:00+00:00,S-Oil,010950,112200.0,113100.0,111500.0,112200.0,50919
2026-04-08 03:00:00+00:00,S-Oil,010950,112100.0,112400.0,111100.0,111600.0,45442
2026-04-08 04:00:00+00:00,S-Oil,010950,111700.0,112000.0,110000.0,110500.0,78536
2026-04-08 05:00:00+00:00,S-Oil,010950,110600.0,112000.0,110500.0,111600.0,78534
2026-04-09 00:00:00+00:00,S-Oil,010950,113000.0,117300.0,111200.0,114900.0,146725
2026-04-09 01:00:00+00:00,S-Oil,010950,115000.0,118900.0,114100.0,118800.0,129765
2026-04-09 02:00:00+00:00,S-Oil,010950,118750.0,118800.0,117200.0,117500.0,92461
2026-04-09 03:00:00+00:00,S-Oil,010950,117500.0,119800.0,115500.0,119600.0,91549
2026-04-09 04:00:00+00:00,S-Oil,010950,119600.0,119900.0,118500.0,119400.0,87588
2026-04-09 05:00:00+00:00,S-Oil,010950,119400.0,119700.0,118200.0,119000.0,94990
2026-04-10 00:00:00+00:00,S-Oil,010950,117600.0,122300.0,117100.0,121700.0,255125
2026-04-10 01:00:00+00:00,S-Oil,010950,121800.0,121800.0,119200.0,119200.0,63077
2026-04-10 02:00:00+00:00,S-Oil,010950,119200.0,119700.0,118400.0,119100.0,45340
2026-04-10 03:00:00+00:00,S-Oil,010950,119100.0,120000.0,118800.0,119800.0,32207
2026-04-10 04:00:00+00:00,S-Oil,010950,119900.0,120300.0,118800.0,120300.0,54150
2026-04-10 05:00:00+00:00,S-Oil,010950,120200.0,120900.0,120100.0,120500.0,56901
2026-04-13 00:00:00+00:00,S-Oil,010950,123300.0,124500.0,118900.0,122600.0,0
2026-04-13 01:00:00+00:00,S-Oil,010950,122700.0,123000.0,120600.0,121700.0,98747
2026-04-13 02:00:00+00:00,S-Oil,010950,121700.0,122500.0,121000.0,122500.0,55262
2026-04-13 03:00:00+00:00,S-Oil,010950,122400.0,123900.0,121900.0,123800.0,50064
2026-04-13 04:00:00+00:00,S-Oil,010950,123800.0,124300.0,122400.0,122700.0,60932
2026-04-13 05:00:00+00:00,S-Oil,010950,122700.0,122700.0,120700.0,121500.0,46027
2026-04-14 00:00:00+00:00,S-Oil,010950,121000.0,122000.0,117500.0,118100.0,155331
2026-04-14 01:00:00+00:00,S-Oil,010950,118100.0,119000.0,117500.0,117800.0,62527
2026-04-14 02:00:00+00:00,S-Oil,010950,117600.0,119500.0,117600.0,118000.0,45718
2026-04-14 03:00:00+00:00,S-Oil,010950,117900.0,119700.0,117900.0,119450.0,43101
2026-04-14 04:00:00+00:00,S-Oil,010950,119450.0,119700.0,118400.0,118600.0,46056
2026-04-14 05:00:00+00:00,S-Oil,010950,118600.0,119000.0,118400.0,118600.0,38858
2026-04-06 00:00:00+00:00,롯데케미칼,011170,80900.0,85800.0,80700.0,85500.0,0
2026-04-06 01:00:00+00:00,롯데케미칼,011170,85400.0,86300.0,83100.0,83500.0,53737
2026-04-06 02:00:00+00:00,롯데케미칼,011170,83500.0,84900.0,83000.0,83700.0,20481
2026-04-06 03:00:00+00:00,롯데케미칼,011170,83600.0,84000.0,83200.0,83600.0,13550
2026-04-06 04:00:00+00:00,롯데케미칼,011170,83500.0,84000.0,83400.0,83600.0,12250
2026-04-06 05:00:00+00:00,롯데케미칼,011170,83700.0,83900.0,82900.0,83200.0,16873
2026-04-07 00:00:00+00:00,롯데케미칼,011170,84000.0,90400.0,83300.0,88300.0,118431
2026-04-07 01:00:00+00:00,롯데케미칼,011170,88400.0,89100.0,86100.0,88300.0,57311
2026-04-07 02:00:00+00:00,롯데케미칼,011170,88100.0,90000.0,87600.0,89000.0,50659
2026-04-07 03:00:00+00:00,롯데케미칼,011170,89000.0,89300.0,88000.0,88300.0,24091
2026-04-07 04:00:00+00:00,롯데케미칼,011170,88400.0,88500.0,87600.0,87900.0,23773
2026-04-07 05:00:00+00:00,롯데케미칼,011170,87900.0,88300.0,87300.0,88000.0,28964
2026-04-08 00:00:00+00:00,롯데케미칼,011170,91800.0,91900.0,88000.0,90100.0,71813
2026-04-08 01:00:00+00:00,롯데케미칼,011170,90000.0,90900.0,89300.0,90800.0,33448
2026-04-08 02:00:00+00:00,롯데케미칼,011170,90800.0,92000.0,90700.0,91700.0,41033
2026-04-08 03:00:00+00:00,롯데케미칼,011170,91800.0,92000.0,91200.0,91700.0,27460
2026-04-08 04:00:00+00:00,롯데케미칼,011170,91800.0,91900.0,90400.0,91600.0,29224
2026-04-08 05:00:00+00:00,롯데케미칼,011170,91600.0,91800.0,90900.0,91400.0,32977
2026-04-09 00:00:00+00:00,롯데케미칼,011170,91400.0,100400.0,90800.0,97500.0,219350
2026-04-09 01:00:00+00:00,롯데케미칼,011170,97600.0,98500.0,96200.0,98200.0,57699
2026-04-09 02:00:00+00:00,롯데케미칼,011170,98100.0,98700.0,97800.0,98300.0,30329
2026-04-09 03:00:00+00:00,롯데케미칼,011170,98300.0,98400.0,97000.0,97300.0,27355
2026-04-09 04:00:00+00:00,롯데케미칼,011170,97300.0,97700.0,95700.0,95700.0,36276
2026-04-09 05:00:00+00:00,롯데케미칼,011170,95700.0,96700.0,95400.0,95900.0,36969
2026-04-10 00:00:00+00:00,롯데케미칼,011170,97000.0,97000.0,92100.0,92500.0,78654
2026-04-10 01:00:00+00:00,롯데케미칼,011170,92500.0,92800.0,91300.0,91600.0,43127
2026-04-10 02:00:00+00:00,롯데케미칼,011170,91500.0,92300.0,91300.0,91700.0,18991
2026-04-10 03:00:00+00:00,롯데케미칼,011170,91700.0,92000.0,91300.0,92000.0,18753
2026-04-10 04:00:00+00:00,롯데케미칼,011170,91900.0,92900.0,91700.0,92400.0,22282
2026-04-10 05:00:00+00:00,롯데케미칼,011170,92350.0,92700.0,91500.0,91900.0,27115
2026-04-13 00:00:00+00:00,롯데케미칼,011170,90300.0,90400.0,88000.0,88500.0,0
2026-04-13 01:00:00+00:00,롯데케미칼,011170,88500.0,89100.0,88000.0,88100.0,23116
2026-04-13 02:00:00+00:00,롯데케미칼,011170,88150.0,88300.0,87300.0,87700.0,23990
2026-04-13 03:00:00+00:00,롯데케미칼,011170,87700.0,87900.0,87200.0,87700.0,18913
2026-04-13 04:00:00+00:00,롯데케미칼,011170,87700.0,88300.0,87400.0,87900.0,17898
2026-04-13 05:00:00+00:00,롯데케미칼,011170,88000.0,88600.0,87800.0,88200.0,24263
2026-04-14 00:00:00+00:00,롯데케미칼,011170,89700.0,90900.0,87200.0,87600.0,41748
2026-04-14 01:00:00+00:00,롯데케미칼,011170,87600.0,88700.0,87500.0,87600.0,23082
2026-04-14 02:00:00+00:00,롯데케미칼,011170,87600.0,88400.0,87300.0,88200.0,19346
2026-04-14 03:00:00+00:00,롯데케미칼,011170,88200.0,89300.0,88100.0,89200.0,20414
2026-04-14 04:00:00+00:00,롯데케미칼,011170,89200.0,89550.0,87900.0,87900.0,30801
2026-04-14 05:00:00+00:00,롯데케미칼,011170,87900.0,88800.0,87700.0,88700.0,22176
2026-04-06 00:00:00+00:00,한온시스템,018880,3790.0,3855.0,3760.0,3795.0,0
2026-04-06 01:00:00+00:00,한온시스템,018880,3795.0,3800.0,3750.0,3752.0,578270
2026-04-06 02:00:00+00:00,한온시스템,018880,3752.0,3810.0,3745.0,3770.0,466386
2026-04-06 03:00:00+00:00,한온시스템,018880,3770.0,3770.0,3735.0,3750.0,424527
2026-04-06 04:00:00+00:00,한온시스템,018880,3750.0,3765.0,3740.0,3760.0,235196
2026-04-06 05:00:00+00:00,한온시스템,018880,3755.0,3765.0,3740.0,3750.0,300158
2026-04-07 00:00:00+00:00,한온시스템,018880,3775.0,3835.0,3770.0,3790.0,1235765
2026-04-07 01:00:00+00:00,한온시스템,018880,3790.0,3795.0,3700.0,3700.0,1330370
2026-04-07 02:00:00+00:00,한온시스템,018880,3705.0,3705.0,3670.0,3680.0,832951
2026-04-07 03:00:00+00:00,한온시스템,018880,3680.0,3700.0,3665.0,3670.0,440983
2026-04-07 04:00:00+00:00,한온시스템,018880,3675.0,3685.0,3650.0,3670.0,774711
2026-04-07 05:00:00+00:00,한온시스템,018880,3670.0,3720.0,3662.0,3715.0,593441
2026-04-08 00:00:00+00:00,한온시스템,018880,3870.0,3925.0,3820.0,3850.0,3015882
2026-04-08 01:00:00+00:00,한온시스템,018880,3850.0,3880.0,3850.0,3875.0,849204
2026-04-08 02:00:00+00:00,한온시스템,018880,3870.0,3930.0,3870.0,3910.0,1035136
2026-04-08 03:00:00+00:00,한온시스템,018880,3910.0,3930.0,3905.0,3920.0,615153
2026-04-08 04:00:00+00:00,한온시스템,018880,3920.0,3935.0,3895.0,3930.0,600855
2026-04-08 05:00:00+00:00,한온시스템,018880,3925.0,3945.0,3905.0,3930.0,644161
2026-04-09 00:00:00+00:00,한온시스템,018880,3955.0,3960.0,3870.0,3880.0,1284888
2026-04-09 01:00:00+00:00,한온시스템,018880,3880.0,3900.0,3845.0,3895.0,706493
2026-04-09 02:00:00+00:00,한온시스템,018880,3900.0,3905.0,3880.0,3905.0,294794
2026-04-09 03:00:00+00:00,한온시스템,018880,3905.0,3910.0,3880.0,3910.0,300003
2026-04-09 04:00:00+00:00,한온시스템,018880,3905.0,3915.0,3875.0,3895.0,313405
2026-04-09 05:00:00+00:00,한온시스템,018880,3895.0,3915.0,3885.0,3900.0,488589
2026-04-10 00:00:00+00:00,한온시스템,018880,3960.0,4090.0,3950.0,3990.0,3203413
2026-04-10 01:00:00+00:00,한온시스템,018880,3995.0,4030.0,3980.0,3985.0,1037621
2026-04-10 02:00:00+00:00,한온시스템,018880,3985.0,3985.0,3915.0,3950.0,1188222
2026-04-10 03:00:00+00:00,한온시스템,018880,3955.0,3975.0,3935.0,3950.0,653568
2026-04-10 04:00:00+00:00,한온시스템,018880,3950.0,3960.0,3920.0,3930.0,785053
2026-04-10 05:00:00+00:00,한온시스템,018880,3925.0,3932.0,3905.0,3910.0,1088480
2026-04-13 00:00:00+00:00,한온시스템,018880,3870.0,3925.0,3815.0,3890.0,0
2026-04-13 01:00:00+00:00,한온시스템,018880,3890.0,3915.0,3880.0,3900.0,397998
2026-04-13 02:00:00+00:00,한온시스템,018880,3900.0,3905.0,3880.0,3885.0,228629
2026-04-13 03:00:00+00:00,한온시스템,018880,3890.0,3895.0,3875.0,3890.0,257774
2026-04-13 04:00:00+00:00,한온시스템,018880,3885.0,3910.0,3880.0,3905.0,282962
2026-04-13 05:00:00+00:00,한온시스템,018880,3905.0,3905.0,3880.0,3885.0,246706
2026-04-14 00:00:00+00:00,한온시스템,018880,3950.0,4030.0,3930.0,4000.0,2740281
2026-04-14 01:00:00+00:00,한온시스템,018880,4005.0,4040.0,3975.0,4030.0,1610932
2026-04-14 02:00:00+00:00,한온시스템,018880,4030.0,4085.0,4005.0,4025.0,1785783
2026-04-14 03:00:00+00:00,한온시스템,018880,4025.0,4035.0,3995.0,4000.0,735349
2026-04-14 04:00:00+00:00,한온시스템,018880,4000.0,4060.0,3995.0,4020.0,845223
2026-04-14 05:00:00+00:00,한온시스템,018880,4020.0,4025.0,4005.0,4020.0,368603
2026-04-06 00:00:00+00:00,KT,030200,59700.0,60300.0,59600.0,60300.0,0
2026-04-06 01:00:00+00:00,KT,030200,60200.0,60400.0,59800.0,59900.0,30950
2026-04-06 02:00:00+00:00,KT,030200,59800.0,60800.0,59800.0,60000.0,55015
2026-04-06 03:00:00+00:00,KT,030200,60100.0,60300.0,59800.0,60200.0,18984
2026-04-06 04:00:00+00:00,KT,030200,60200.0,60500.0,60000.0,60300.0,22167
2026-04-06 05:00:00+00:00,KT,030200,60300.0,60400.0,59500.0,59700.0,43522
2026-04-07 00:00:00+00:00,KT,030200,59700.0,60200.0,59500.0,59800.0,67711
2026-04-07 01:00:00+00:00,KT,030200,59800.0,59900.0,59400.0,59400.0,50130
2026-04-07 02:00:00+00:00,KT,030200,59400.0,59650.0,59100.0,59200.0,44763
2026-04-07 03:00:00+00:00,KT,030200,59200.0,59800.0,59200.0,59400.0,23920
2026-04-07 04:00:00+00:00,KT,030200,59500.0,59600.0,59200.0,59200.0,29490
2026-04-07 05:00:00+00:00,KT,030200,59200.0,59600.0,59200.0,59400.0,27908
2026-04-08 00:00:00+00:00,KT,030200,61100.0,61500.0,60700.0,61000.0,135613
2026-04-08 01:00:00+00:00,KT,030200,61100.0,62000.0,60900.0,61800.0,74145
2026-04-08 02:00:00+00:00,KT,030200,61900.0,62300.0,61800.0,61900.0,55888
2026-04-08 03:00:00+00:00,KT,030200,62000.0,62300.0,61800.0,62000.0,28588
2026-04-08 04:00:00+00:00,KT,030200,62100.0,62700.0,61900.0,62400.0,60916
2026-04-08 05:00:00+00:00,KT,030200,62500.0,62800.0,61600.0,61800.0,74995
2026-04-09 00:00:00+00:00,KT,030200,61400.0,63500.0,61400.0,63200.0,124454
2026-04-09 01:00:00+00:00,KT,030200,63200.0,63700.0,62900.0,63700.0,109671
2026-04-09 02:00:00+00:00,KT,030200,63600.0,63700.0,62500.0,62700.0,69574
2026-04-09 03:00:00+00:00,KT,030200,62700.0,62800.0,62300.0,62400.0,35282
2026-04-09 04:00:00+00:00,KT,030200,62400.0,62600.0,61900.0,61900.0,44884
2026-04-09 05:00:00+00:00,KT,030200,61900.0,62100.0,61500.0,61700.0,50735
2026-04-10 00:00:00+00:00,KT,030200,61000.0,62200.0,60900.0,62200.0,93928
2026-04-10 01:00:00+00:00,KT,030200,62200.0,63000.0,62100.0,62400.0,65178
2026-04-10 02:00:00+00:00,KT,030200,62400.0,63000.0,62200.0,62800.0,50166
2026-04-10 03:00:00+00:00,KT,030200,62800.0,63000.0,62500.0,62700.0,33231
2026-04-10 04:00:00+00:00,KT,030200,62600.0,62800.0,62300.0,62600.0,40753
2026-04-10 05:00:00+00:00,KT,030200,62400.0,62700.0,62200.0,62300.0,44151
2026-04-13 00:00:00+00:00,KT,030200,61800.0,62900.0,61600.0,62300.0,0
2026-04-13 01:00:00+00:00,KT,030200,62300.0,62700.0,62200.0,62700.0,24378
2026-04-13 02:00:00+00:00,KT,030200,62600.0,62900.0,62500.0,62850.0,20419
2026-04-13 03:00:00+00:00,KT,030200,62850.0,63100.0,62600.0,63100.0,35557
2026-04-13 04:00:00+00:00,KT,030200,63000.0,63100.0,62600.0,63000.0,28584
2026-04-13 05:00:00+00:00,KT,030200,62900.0,63000.0,62500.0,62500.0,33598
2026-04-14 00:00:00+00:00,KT,030200,63500.0,65000.0,63400.0,64500.0,111377
2026-04-14 01:00:00+00:00,KT,030200,64600.0,64900.0,64100.0,64700.0,71881
2026-04-14 02:00:00+00:00,KT,030200,64700.0,64900.0,64400.0,64600.0,34579
2026-04-14 03:00:00+00:00,KT,030200,64600.0,64800.0,64500.0,64700.0,24926
2026-04-14 04:00:00+00:00,KT,030200,64700.0,64800.0,64200.0,64300.0,42738
2026-04-14 05:00:00+00:00,KT,030200,64200.0,64400.0,63900.0,64000.0,46721
2026-04-06 00:00:00+00:00,DL이앤씨,000210,61600.0,63400.0,60700.0,63000.0,0
2026-04-06 01:00:00+00:00,DL이앤씨,000210,63000.0,64300.0,62000.0,62400.0,55962
2026-04-06 02:00:00+00:00,DL이앤씨,000210,62400.0,63700.0,62100.0,62500.0,20209
2026-04-06 03:00:00+00:00,DL이앤씨,000210,62500.0,62900.0,61800.0,62300.0,10071
2026-04-06 04:00:00+00:00,DL이앤씨,000210,62300.0,62700.0,62000.0,62700.0,10921
2026-04-06 05:00:00+00:00,DL이앤씨,000210,62500.0,63200.0,62300.0,62900.0,30819
2026-04-07 00:00:00+00:00,DL이앤씨,000210,63500.0,67000.0,62800.0,65500.0,64864
2026-04-07 01:00:00+00:00,DL이앤씨,000210,65600.0,66200.0,64200.0,64500.0,26968
2026-04-07 02:00:00+00:00,DL이앤씨,000210,64400.0,65900.0,64300.0,65500.0,26810
2026-04-07 03:00:00+00:00,DL이앤씨,000210,65500.0,65500.0,64100.0,64700.0,17159
2026-04-07 04:00:00+00:00,DL이앤씨,000210,64700.0,65000.0,63100.0,64100.0,26989
2026-04-07 05:00:00+00:00,DL이앤씨,000210,64000.0,65000.0,63900.0,64600.0,29044
2026-04-08 00:00:00+00:00,DL이앤씨,000210,66800.0,70800.0,65600.0,67700.0,161212
2026-04-08 01:00:00+00:00,DL이앤씨,000210,67500.0,68100.0,65900.0,65900.0,55364
2026-04-08 02:00:00+00:00,DL이앤씨,000210,65900.0,68200.0,65800.0,68000.0,45380
2026-04-08 03:00:00+00:00,DL이앤씨,000210,68000.0,69600.0,66500.0,66900.0,55962
2026-04-08 04:00:00+00:00,DL이앤씨,000210,66900.0,67000.0,65100.0,66000.0,56930
2026-04-08 05:00:00+00:00,DL이앤씨,000210,66000.0,66600.0,65700.0,66000.0,36182
2026-04-09 00:00:00+00:00,DL이앤씨,000210,65500.0,68400.0,64200.0,66700.0,46301
2026-04-09 01:00:00+00:00,DL이앤씨,000210,67100.0,67600.0,66400.0,67500.0,14390
2026-04-09 02:00:00+00:00,DL이앤씨,000210,67500.0,67500.0,66000.0,66600.0,13040
2026-04-09 03:00:00+00:00,DL이앤씨,000210,66600.0,67400.0,66300.0,66300.0,12578
2026-04-09 04:00:00+00:00,DL이앤씨,000210,66400.0,67500.0,66000.0,67000.0,20061
2026-04-09 05:00:00+00:00,DL이앤씨,000210,66900.0,67300.0,66400.0,66600.0,10743
2026-04-10 00:00:00+00:00,DL이앤씨,000210,70000.0,70400.0,65600.0,66000.0,45658
2026-04-10 01:00:00+00:00,DL이앤씨,000210,66100.0,67300.0,65800.0,66400.0,20442
2026-04-10 02:00:00+00:00,DL이앤씨,000210,66400.0,66800.0,66000.0,66300.0,10458
2026-04-10 03:00:00+00:00,DL이앤씨,000210,66400.0,66500.0,66100.0,66300.0,6527
2026-04-10 04:00:00+00:00,DL이앤씨,000210,66300.0,66400.0,65700.0,65900.0,23307
2026-04-10 05:00:00+00:00,DL이앤씨,000210,65900.0,66200.0,65600.0,65800.0,20762
2026-04-13 00:00:00+00:00,DL이앤씨,000210,62500.0,64100.0,61800.0,64000.0,0
2026-04-13 01:00:00+00:00,DL이앤씨,000210,64000.0,64200.0,63500.0,63700.0,11696
2026-04-13 02:00:00+00:00,DL이앤씨,000210,63700.0,63900.0,62900.0,63500.0,11663
2026-04-13 03:00:00+00:00,DL이앤씨,000210,63600.0,64900.0,63000.0,64800.0,22648
2026-04-13 04:00:00+00:00,DL이앤씨,000210,64800.0,65100.0,64300.0,64400.0,14881
2026-04-13 05:00:00+00:00,DL이앤씨,000210,64400.0,64500.0,63600.0,63800.0,12404
2026-04-14 00:00:00+00:00,DL이앤씨,000210,64500.0,64900.0,62500.0,64200.0,31783
2026-04-14 01:00:00+00:00,DL이앤씨,000210,64300.0,65900.0,64200.0,65500.0,48289
2026-04-14 02:00:00+00:00,DL이앤씨,000210,65500.0,66200.0,65100.0,66000.0,21488
2026-04-14 03:00:00+00:00,DL이앤씨,000210,66100.0,66200.0,65500.0,66200.0,18298
2026-04-14 04:00:00+00:00,DL이앤씨,000210,66100.0,66500.0,64700.0,65700.0,26530
2026-04-14 05:00:00+00:00,DL이앤씨,000210,65600.0,65800.0,65000.0,65500.0,16527
2026-04-06 00:00:00+00:00,현대제철,004020,34450.0,34600.0,34150.0,34500.0,0
2026-04-06 01:00:00+00:00,현대제철,004020,34500.0,34600.0,33800.0,33850.0,98812
2026-04-06 02:00:00+00:00,현대제철,004020,33850.0,34600.0,33750.0,33850.0,135192
2026-04-06 03:00:00+00:00,현대제철,004020,33850.0,34000.0,33600.0,33700.0,89599
2026-04-06 04:00:00+00:00,현대제철,004020,33750.0,34150.0,33700.0,34050.0,79244
2026-04-06 05:00:00+00:00,현대제철,004020,34000.0,34200.0,33900.0,34000.0,97697
2026-04-07 00:00:00+00:00,현대제철,004020,34300.0,35450.0,34100.0,34850.0,219600
2026-04-07 01:00:00+00:00,현대제철,004020,34800.0,35000.0,34500.0,34500.0,106658
2026-04-07 02:00:00+00:00,현대제철,004020,34500.0,34600.0,34250.0,34350.0,98143
2026-04-07 03:00:00+00:00,현대제철,004020,34350.0,34650.0,34250.0,34300.0,53645
2026-04-07 04:00:00+00:00,현대제철,004020,34350.0,34400.0,34100.0,34300.0,56657
2026-04-07 05:00:00+00:00,현대제철,004020,34250.0,34400.0,34150.0,34400.0,56173
2026-04-08 00:00:00+00:00,현대제철,004020,36000.0,36350.0,35700.0,36000.0,217400
2026-04-08 01:00:00+00:00,현대제철,004020,36000.0,36300.0,35800.0,36250.0,104788
2026-04-08 02:00:00+00:00,현대제철,004020,36200.0,37450.0,36200.0,37400.0,291401
2026-04-08 03:00:00+00:00,현대제철,004020,37350.0,38000.0,37150.0,37300.0,288456
2026-04-08 04:00:00+00:00,현대제철,004020,37350.0,38400.0,37350.0,37950.0,300561
2026-04-08 05:00:00+00:00,현대제철,004020,38000.0,38000.0,37600.0,37900.0,178846
2026-04-09 00:00:00+00:00,현대제철,004020,38650.0,39800.0,37700.0,39150.0,621596
2026-04-09 01:00:00+00:00,현대제철,004020,39150.0,40300.0,38950.0,39900.0,397104
2026-04-09 02:00:00+00:00,현대제철,004020,39950.0,40000.0,39200.0,39500.0,181930
2026-04-09 03:00:00+00:00,현대제철,004020,39500.0,39700.0,39200.0,39200.0,135945
2026-04-09 04:00:00+00:00,현대제철,004020,39200.0,39450.0,38850.0,39100.0,154771
2026-04-09 05:00:00+00:00,현대제철,004020,39100.0,39250.0,38800.0,38950.0,116209
2026-04-10 00:00:00+00:00,현대제철,004020,40450.0,40800.0,39250.0,40100.0,358156
2026-04-10 01:00:00+00:00,현대제철,004020,40100.0,40450.0,39900.0,40000.0,130749
2026-04-10 02:00:00+00:00,현대제철,004020,39950.0,40300.0,39700.0,40250.0,97529
2026-04-10 03:00:00+00:00,현대제철,004020,40250.0,40550.0,39850.0,40225.0,131301
2026-04-10 04:00:00+00:00,현대제철,004020,40200.0,40500.0,40050.0,40200.0,100568
2026-04-10 05:00:00+00:00,현대제철,004020,40200.0,40300.0,40000.0,40300.0,116762
2026-04-13 00:00:00+00:00,현대제철,004020,39050.0,39450.0,38900.0,39100.0,0
2026-04-13 01:00:00+00:00,현대제철,004020,39100.0,39150.0,38600.0,38700.0,122240
2026-04-13 02:00:00+00:00,현대제철,004020,38750.0,38850.0,38400.0,38525.0,110999
2026-04-13 03:00:00+00:00,현대제철,004020,38500.0,38550.0,38150.0,38500.0,107119
2026-04-13 04:00:00+00:00,현대제철,004020,38450.0,38550.0,38300.0,38500.0,55265
2026-04-13 05:00:00+00:00,현대제철,004020,38500.0,38600.0,38200.0,38450.0,101498
2026-04-14 00:00:00+00:00,현대제철,004020,39600.0,40000.0,38900.0,39200.0,257450
2026-04-14 01:00:00+00:00,현대제철,004020,39200.0,39700.0,39150.0,39250.0,123408
2026-04-14 02:00:00+00:00,현대제철,004020,39250.0,40400.0,39250.0,39950.0,202631
2026-04-14 03:00:00+00:00,현대제철,004020,39950.0,40100.0,39700.0,39750.0,85326
2026-04-14 04:00:00+00:00,현대제철,004020,39750.0,39950.0,39400.0,39400.0,99487
2026-04-14 05:00:00+00:00,현대제철,004020,39400.0,39850.0,39400.0,39600.0,126994
2026-04-06 00:00:00+00:00,LG유플러스,032640,15360.0,15500.0,15330.0,15450.0,0
2026-04-06 01:00:00+00:00,LG유플러스,032640,15440.0,15550.0,15420.0,15470.0,79655
2026-04-06 02:00:00+00:00,LG유플러스,032640,15470.0,15650.0,15420.0,15490.0,95851
2026-04-06 03:00:00+00:00,LG유플러스,032640,15480.0,15540.0,15420.0,15530.0,26670
2026-04-06 04:00:00+00:00,LG유플러스,032640,15530.0,15680.0,15430.0,15630.0,58864
2026-04-06 05:00:00+00:00,LG유플러스,032640,15640.0,15680.0,15480.0,15540.0,68108
2026-04-07 00:00:00+00:00,LG유플러스,032640,15510.0,15830.0,15500.0,15790.0,103549
2026-04-07 01:00:00+00:00,LG유플러스,032640,15800.0,15830.0,15690.0,15700.0,79069
2026-04-07 02:00:00+00:00,LG유플러스,032640,15690.0,15760.0,15620.0,15730.0,70503
2026-04-07 03:00:00+00:00,LG유플러스,032640,15730.0,15800.0,15720.0,15790.0,52315
2026-04-07 04:00:00+00:00,LG유플러스,032640,15780.0,15830.0,15780.0,15830.0,73138
2026-04-07 05:00:00+00:00,LG유플러스,032640,15830.0,15900.0,15820.0,15880.0,87993
2026-04-08 00:00:00+00:00,LG유플러스,032640,16450.0,16540.0,16150.0,16170.0,204564
2026-04-08 01:00:00+00:00,LG유플러스,032640,16170.0,16330.0,16120.0,16150.0,123321
2026-04-08 02:00:00+00:00,LG유플러스,032640,16155.0,16280.0,16130.0,16170.0,91264
2026-04-08 03:00:00+00:00,LG유플러스,032640,16170.0,16270.0,16160.0,16180.0,62031
2026-04-08 04:00:00+00:00,LG유플러스,032640,16180.0,16190.0,16000.0,16120.0,107701
2026-04-08 05:00:00+00:00,LG유플러스,032640,16130.0,16240.0,16050.0,16170.0,178880
2026-04-09 00:00:00+00:00,LG유플러스,032640,16140.0,16630.0,16140.0,16620.0,212043
2026-04-09 01:00:00+00:00,LG유플러스,032640,16620.0,16700.0,16485.0,16570.0,153552
2026-04-09 02:00:00+00:00,LG유플러스,032640,16580.0,16580.0,16315.0,16400.0,112263
2026-04-09 03:00:00+00:00,LG유플러스,032640,16390.0,16430.0,16350.0,16370.0,63169
2026-04-09 04:00:00+00:00,LG유플러스,032640,16370.0,16370.0,16200.0,16230.0,107972
2026-04-09 05:00:00+00:00,LG유플러스,032640,16230.0,16300.0,16200.0,16210.0,117206
2026-04-10 00:00:00+00:00,LG유플러스,032640,16260.0,17150.0,16260.0,17120.0,446793
2026-04-10 01:00:00+00:00,LG유플러스,032640,17120.0,17400.0,17000.0,17220.0,243067
2026-04-10 02:00:00+00:00,LG유플러스,032640,17220.0,17400.0,17100.0,17350.0,140887
2026-04-10 03:00:00+00:00,LG유플러스,032640,17350.0,17390.0,17260.0,17360.0,106849
2026-04-10 04:00:00+00:00,LG유플러스,032640,17360.0,17370.0,17200.0,17290.0,128781
2026-04-10 05:00:00+00:00,LG유플러스,032640,17280.0,17400.0,17270.0,17400.0,217035
2026-04-13 00:00:00+00:00,LG유플러스,032640,17030.0,17530.0,16950.0,17240.0,0
2026-04-13 01:00:00+00:00,LG유플러스,032640,17230.0,17420.0,17170.0,17390.0,58166
2026-04-13 02:00:00+00:00,LG유플러스,032640,17390.0,17410.0,17290.0,17380.0,52668
2026-04-13 03:00:00+00:00,LG유플러스,032640,17380.0,17490.0,17300.0,17470.0,55743
2026-04-13 04:00:00+00:00,LG유플러스,032640,17470.0,17480.0,17350.0,17390.0,59372
2026-04-13 05:00:00+00:00,LG유플러스,032640,17390.0,17400.0,17270.0,17280.0,74586
2026-04-14 00:00:00+00:00,LG유플러스,032640,17400.0,18500.0,17390.0,18320.0,495761
2026-04-14 01:00:00+00:00,LG유플러스,032640,18320.0,18440.0,17820.0,17880.0,210627
2026-04-14 02:00:00+00:00,LG유플러스,032640,17880.0,17910.0,17400.0,17480.0,157225
2026-04-14 03:00:00+00:00,LG유플러스,032640,17470.0,17650.0,17460.0,17620.0,106054
2026-04-14 04:00:00+00:00,LG유플러스,032640,17630.0,17660.0,17520.0,17570.0,145245
2026-04-14 05:00:00+00:00,LG유플러스,032640,17560.0,17620.0,17520.0,17550.0,165183
2026-04-06 00:00:00+00:00,SK텔레콤,017670,80300.0,81500.0,80200.0,81400.0,0
2026-04-06 01:00:00+00:00,SK텔레콤,017670,81300.0,81400.0,80300.0,80400.0,39771
2026-04-06 02:00:00+00:00,SK텔레콤,017670,80400.0,81400.0,80300.0,80400.0,60823
2026-04-06 03:00:00+00:00,SK텔레콤,017670,80300.0,80500.0,79900.0,80000.0,28064
2026-04-06 04:00:00+00:00,SK텔레콤,017670,80000.0,80500.0,79900.0,80300.0,28321
2026-04-06 05:00:00+00:00,SK텔레콤,017670,80200.0,80500.0,79600.0,80000.0,51568
2026-04-07 00:00:00+00:00,SK텔레콤,017670,80000.0,80800.0,79900.0,80100.0,84366
2026-04-07 01:00:00+00:00,SK텔레콤,017670,80100.0,80300.0,79700.0,79800.0,61056
2026-04-07 02:00:00+00:00,SK텔레콤,017670,79800.0,80200.0,79500.0,80100.0,55446
2026-04-07 03:00:00+00:00,SK텔레콤,017670,80100.0,80600.0,80100.0,80450.0,36624
2026-04-07 04:00:00+00:00,SK텔레콤,017670,80400.0,80500.0,80000.0,80400.0,42099
2026-04-07 05:00:00+00:00,SK텔레콤,017670,80500.0,81600.0,80300.0,81500.0,150299
2026-04-08 00:00:00+00:00,SK텔레콤,017670,85600.0,87000.0,84500.0,86750.0,492011
2026-04-08 01:00:00+00:00,SK텔레콤,017670,86750.0,89000.0,86700.0,88700.0,575413
2026-04-08 02:00:00+00:00,SK텔레콤,017670,88700.0,89500.0,88600.0,89200.0,204731
2026-04-08 03:00:00+00:00,SK텔레콤,017670,89100.0,89400.0,88500.0,89200.0,176296
2026-04-08 04:00:00+00:00,SK텔레콤,017670,89100.0,89300.0,88500.0,88900.0,160766
2026-04-08 05:00:00+00:00,SK텔레콤,017670,88950.0,89400.0,88600.0,88800.0,228455
2026-04-09 00:00:00+00:00,SK텔레콤,017670,93000.0,97500.0,91300.0,97400.0,759345
2026-04-09 01:00:00+00:00,SK텔레콤,017670,97400.0,99700.0,96700.0,98300.0,736166
2026-04-09 02:00:00+00:00,SK텔레콤,017670,98300.0,98400.0,95200.0,96500.0,280810
2026-04-09 03:00:00+00:00,SK텔레콤,017670,96600.0,96600.0,94800.0,95100.0,151971
2026-04-09 04:00:00+00:00,SK텔레콤,017670,95100.0,95300.0,94100.0,94200.0,157988
2026-04-09 05:00:00+00:00,SK텔레콤,017670,94200.0,94900.0,94000.0,94200.0,137836
2026-04-10 00:00:00+00:00,SK텔레콤,017670,95000.0,96300.0,90000.0,95100.0,578381
2026-04-10 01:00:00+00:00,SK텔레콤,017670,95100.0,95600.0,93800.0,94600.0,207164
2026-04-10 02:00:00+00:00,SK텔레콤,017670,94700.0,95100.0,94000.0,94100.0,107937
2026-04-10 03:00:00+00:00,SK텔레콤,017670,94100.0,94200.0,93300.0,93400.0,77790
2026-04-10 04:00:00+00:00,SK텔레콤,017670,93400.0,94000.0,92600.0,93500.0,114936
2026-04-10 05:00:00+00:00,SK텔레콤,017670,93500.0,94300.0,93500.0,93700.0,131351
2026-04-13 00:00:00+00:00,SK텔레콤,017670,94000.0,96700.0,92500.0,93200.0,0
2026-04-13 01:00:00+00:00,SK텔레콤,017670,93300.0,94100.0,93100.0,93200.0,152157
2026-04-13 02:00:00+00:00,SK텔레콤,017670,93300.0,93500.0,92300.0,93200.0,111332
2026-04-13 03:00:00+00:00,SK텔레콤,017670,93200.0,93800.0,93000.0,93400.0,86013
2026-04-13 04:00:00+00:00,SK텔레콤,017670,93300.0,93500.0,92700.0,93000.0,100367
2026-04-13 05:00:00+00:00,SK텔레콤,017670,93000.0,93100.0,92100.0,92200.0,140644
2026-04-14 00:00:00+00:00,SK텔레콤,017670,95400.0,98000.0,95400.0,96400.0,332362
2026-04-14 01:00:00+00:00,SK텔레콤,017670,96400.0,96500.0,95000.0,95400.0,136240
2026-04-14 02:00:00+00:00,SK텔레콤,017670,95300.0,95900.0,94600.0,94900.0,75813
2026-04-14 03:00:00+00:00,SK텔레콤,017670,94800.0,95600.0,94400.0,95500.0,74460
2026-04-14 04:00:00+00:00,SK텔레콤,017670,95600.0,95900.0,95200.0,95600.0,65771
2026-04-14 05:00:00+00:00,SK텔레콤,017670,95600.0,96000.0,95400.0,95700.0,95771
2026-04-06 00:00:00+00:00,삼성엔지니어링,028050,43000.0,47150.0,42550.0,47150.0,0
2026-04-06 01:00:00+00:00,삼성엔지니어링,028050,47150.0,47700.0,44550.0,45000.0,2061176
2026-04-06 02:00:00+00:00,삼성엔지니어링,028050,44950.0,46050.0,44750.0,45050.0,869634
2026-04-06 03:00:00+00:00,삼성엔지니어링,028050,45100.0,45350.0,44300.0,44550.0,571906
2026-04-06 04:00:00+00:00,삼성엔지니어링,028050,44525.0,46000.0,44300.0,45700.0,750932
2026-04-06 05:00:00+00:00,삼성엔지니어링,028050,45750.0,46250.0,45200.0,45650.0,842936
2026-04-07 00:00:00+00:00,삼성엔지니어링,028050,51300.0,52000.0,48550.0,49500.0,3771727
2026-04-07 01:00:00+00:00,삼성엔지니어링,028050,49500.0,49600.0,48300.0,48525.0,1476461
2026-04-07 02:00:00+00:00,삼성엔지니어링,028050,48500.0,48800.0,47250.0,47450.0,1407953
2026-04-07 03:00:00+00:00,삼성엔지니어링,028050,47450.0,48100.0,46300.0,46750.0,1012823
2026-04-07 04:00:00+00:00,삼성엔지니어링,028050,46750.0,48150.0,46200.0,47500.0,1149494
2026-04-07 05:00:00+00:00,삼성엔지니어링,028050,47525.0,49250.0,47200.0,48900.0,1374626
2026-04-08 00:00:00+00:00,삼성엔지니어링,028050,52500.0,53300.0,49300.0,50600.0,2728953
2026-04-08 01:00:00+00:00,삼성엔지니어링,028050,50600.0,52400.0,50300.0,50500.0,1376619
2026-04-08 02:00:00+00:00,삼성엔지니어링,028050,50500.0,51400.0,50300.0,51200.0,720587
2026-04-08 03:00:00+00:00,삼성엔지니어링,028050,51100.0,53100.0,50800.0,51100.0,2474633
2026-04-08 04:00:00+00:00,삼성엔지니어링,028050,51200.0,51400.0,50200.0,50900.0,1009659
2026-04-08 05:00:00+00:00,삼성엔지니어링,028050,50800.0,51000.0,50500.0,50600.0,607514
2026-04-09 00:00:00+00:00,삼성엔지니어링,028050,50100.0,54500.0,49500.0,52100.0,4032446
2026-04-09 01:00:00+00:00,삼성엔지니어링,028050,52200.0,53300.0,51700.0,52600.0,1062363
2026-04-09 02:00:00+00:00,삼성엔지니어링,028050,52600.0,52600.0,51800.0,52200.0,370143
2026-04-09 03:00:00+00:00,삼성엔지니어링,028050,52200.0,52200.0,50500.0,50600.0,641399
2026-04-09 04:00:00+00:00,삼성엔지니어링,028050,50500.0,51700.0,50500.0,50900.0,470540
2026-04-09 05:00:00+00:00,삼성엔지니어링,028050,51000.0,51600.0,50800.0,51400.0,495670
2026-04-10 00:00:00+00:00,삼성엔지니어링,028050,53200.0,53200.0,49950.0,50800.0,1915580
2026-04-10 01:00:00+00:00,삼성엔지니어링,028050,50900.0,51600.0,50800.0,51200.0,624663
2026-04-10 02:00:00+00:00,삼성엔지니어링,028050,51200.0,52000.0,51100.0,51500.0,504771
2026-04-10 03:00:00+00:00,삼성엔지니어링,028050,51500.0,51600.0,51100.0,51200.0,282473
2026-04-10 04:00:00+00:00,삼성엔지니어링,028050,51200.0,51600.0,50900.0,51400.0,362346
2026-04-10 05:00:00+00:00,삼성엔지니어링,028050,51400.0,51900.0,51300.0,51600.0,442182
2026-04-13 00:00:00+00:00,삼성엔지니어링,028050,49650.0,50300.0,48350.0,49600.0,0
2026-04-13 01:00:00+00:00,삼성엔지니어링,028050,49650.0,49700.0,49100.0,49350.0,396275
2026-04-13 02:00:00+00:00,삼성엔지니어링,028050,49375.0,49400.0,49000.0,49300.0,266737
2026-04-13 03:00:00+00:00,삼성엔지니어링,028050,49300.0,49400.0,48900.0,49300.0,272187
2026-04-13 04:00:00+00:00,삼성엔지니어링,028050,49300.0,49700.0,49150.0,49600.0,325671
2026-04-13 05:00:00+00:00,삼성엔지니어링,028050,49650.0,49700.0,49300.0,49350.0,333716
2026-04-14 00:00:00+00:00,삼성엔지니어링,028050,51000.0,51400.0,49000.0,51100.0,1468743
2026-04-14 01:00:00+00:00,삼성엔지니어링,028050,51200.0,53300.0,51000.0,51500.0,1490902
2026-04-14 02:00:00+00:00,삼성엔지니어링,028050,51400.0,52200.0,51400.0,51800.0,280213
2026-04-14 03:00:00+00:00,삼성엔지니어링,028050,51900.0,52000.0,51400.0,51800.0,224630
2026-04-14 04:00:00+00:00,삼성엔지니어링,028050,51700.0,52200.0,51500.0,52100.0,294224
2026-04-14 05:00:00+00:00,삼성엔지니어링,028050,52100.0,52300.0,51800.0,52100.0,347622
2026-04-06 00:00:00+00:00,유한양행,000100,92800.0,93500.0,92500.0,92700.0,0
2026-04-06 01:00:00+00:00,유한양행,000100,92700.0,92800.0,91900.0,91900.0,37837
2026-04-06 02:00:00+00:00,유한양행,000100,91900.0,93300.0,91800.0,92200.0,31680
2026-04-06 03:00:00+00:00,유한양행,000100,92200.0,92200.0,91800.0,91900.0,13235
2026-04-06 04:00:00+00:00,유한양행,000100,91900.0,92400.0,91900.0,92000.0,14255
2026-04-06 05:00:00+00:00,유한양행,000100,92100.0,92400.0,91700.0,91700.0,20867
2026-04-07 00:00:00+00:00,유한양행,000100,92000.0,93500.0,91800.0,92900.0,39285
2026-04-07 01:00:00+00:00,유한양행,000100,92900.0,93200.0,91900.0,92000.0,30260
2026-04-07 02:00:00+00:00,유한양행,000100,92000.0,92100.0,91700.0,91900.0,15999
2026-04-07 03:00:00+00:00,유한양행,000100,91900.0,92400.0,91700.0,91900.0,10929
2026-04-07 04:00:00+00:00,유한양행,000100,91900.0,91900.0,91500.0,91600.0,16173
2026-04-07 05:00:00+00:00,유한양행,000100,91500.0,91600.0,91000.0,91200.0,22970
2026-04-08 00:00:00+00:00,유한양행,000100,94400.0,95400.0,93600.0,93700.0,62046
2026-04-08 01:00:00+00:00,유한양행,000100,93800.0,94100.0,93500.0,93700.0,20520
2026-04-08 02:00:00+00:00,유한양행,000100,93700.0,94400.0,93700.0,94000.0,16529
2026-04-08 03:00:00+00:00,유한양행,000100,94100.0,94300.0,93900.0,93900.0,13943
2026-04-08 04:00:00+00:00,유한양행,000100,94000.0,94300.0,93900.0,94200.0,28209
2026-04-08 05:00:00+00:00,유한양행,000100,94200.0,94700.0,94000.0,94200.0,43466
2026-04-09 00:00:00+00:00,유한양행,000100,94000.0,94700.0,93000.0,93400.0,36362
2026-04-09 01:00:00+00:00,유한양행,000100,93400.0,93500.0,92800.0,93200.0,19297
2026-04-09 02:00:00+00:00,유한양행,000100,93300.0,93400.0,92900.0,93000.0,12507
2026-04-09 03:00:00+00:00,유한양행,000100,93000.0,93100.0,92800.0,93100.0,13393
2026-04-09 04:00:00+00:00,유한양행,000100,93100.0,93200.0,92600.0,92900.0,27461
2026-04-09 05:00:00+00:00,유한양행,000100,93000.0,93100.0,92700.0,92900.0,19819
2026-04-10 00:00:00+00:00,유한양행,000100,93900.0,94100.0,93300.0,93500.0,32232
2026-04-10 01:00:00+00:00,유한양행,000100,93600.0,93900.0,93300.0,93300.0,28935
2026-04-10 02:00:00+00:00,유한양행,000100,93400.0,93500.0,93000.0,93100.0,31014
2026-04-10 03:00:00+00:00,유한양행,000100,93200.0,93200.0,93000.0,93000.0,7388
2026-04-10 04:00:00+00:00,유한양행,000100,93100.0,93100.0,92800.0,92900.0,22206
2026-04-10 05:00:00+00:00,유한양행,000100,93000.0,93300.0,92900.0,92900.0,22329
2026-04-13 00:00:00+00:00,유한양행,000100,92000.0,92000.0,91200.0,91900.0,0
2026-04-13 01:00:00+00:00,유한양행,000100,91900.0,92000.0,91400.0,91900.0,20265
2026-04-13 02:00:00+00:00,유한양행,000100,92000.0,92100.0,91700.0,91900.0,10432
2026-04-13 03:00:00+00:00,유한양행,000100,92000.0,92000.0,91500.0,92000.0,12134
2026-04-13 04:00:00+00:00,유한양행,000100,92100.0,92100.0,91600.0,91800.0,11008
2026-04-13 05:00:00+00:00,유한양행,000100,91700.0,92000.0,91500.0,91600.0,16962
2026-04-14 00:00:00+00:00,유한양행,000100,92900.0,94000.0,92900.0,93800.0,45055
2026-04-14 01:00:00+00:00,유한양행,000100,93900.0,94200.0,93300.0,93400.0,37184
2026-04-14 02:00:00+00:00,유한양행,000100,93300.0,93900.0,93300.0,93800.0,16725
2026-04-14 03:00:00+00:00,유한양행,000100,93800.0,93800.0,93400.0,93600.0,18882
2026-04-14 04:00:00+00:00,유한양행,000100,93700.0,93700.0,93300.0,93400.0,18237
2026-04-14 05:00:00+00:00,유한양행,000100,93500.0,93600.0,93200.0,93300.0,22246
2026-04-06 00:00:00+00:00,포스코인터내셔널,047050,84100.0,85200.0,82500.0,83400.0,0
2026-04-06 01:00:00+00:00,포스코인터내셔널,047050,83400.0,83600.0,80700.0,81100.0,163278
2026-04-06 02:00:00+00:00,포스코인터내셔널,047050,81000.0,82000.0,78900.0,79500.0,127978
2026-04-06 03:00:00+00:00,포스코인터내셔널,047050,79700.0,80300.0,79100.0,80200.0,84643
2026-04-06 04:00:00+00:00,포스코인터내셔널,047050,80200.0,81900.0,79700.0,79800.0,122579
2026-04-06 05:00:00+00:00,포스코인터내셔널,047050,79800.0,80500.0,79500.0,80200.0,97896
2026-04-07 00:00:00+00:00,포스코인터내셔널,047050,79000.0,80000.0,77300.0,77600.0,331373
2026-04-07 01:00:00+00:00,포스코인터내셔널,047050,77600.0,78400.0,77000.0,77000.0,129735
2026-04-07 02:00:00+00:00,포스코인터내셔널,047050,77000.0,77500.0,76300.0,76700.0,84640
2026-04-07 03:00:00+00:00,포스코인터내셔널,047050,76600.0,77000.0,76200.0,76400.0,69620
2026-04-07 04:00:00+00:00,포스코인터내셔널,047050,76300.0,77600.0,76100.0,77000.0,99261
2026-04-07 05:00:00+00:00,포스코인터내셔널,047050,76900.0,77600.0,76500.0,77000.0,136267
2026-04-08 00:00:00+00:00,포스코인터내셔널,047050,76200.0,77100.0,73000.0,73200.0,397356
2026-04-08 01:00:00+00:00,포스코인터내셔널,047050,73200.0,73500.0,72200.0,73000.0,375560
2026-04-08 02:00:00+00:00,포스코인터내셔널,047050,72900.0,73100.0,72300.0,72700.0,205739
2026-04-08 03:00:00+00:00,포스코인터내셔널,047050,72600.0,73200.0,72500.0,72900.0,177152
2026-04-08 04:00:00+00:00,포스코인터내셔널,047050,72800.0,73300.0,72800.0,72800.0,192582
2026-04-08 05:00:00+00:00,포스코인터내셔널,047050,72800.0,73600.0,72800.0,73400.0,230507
2026-04-09 00:00:00+00:00,포스코인터내셔널,047050,75400.0,75500.0,73200.0,73800.0,227529
2026-04-09 01:00:00+00:00,포스코인터내셔널,047050,73800.0,75400.0,73500.0,75200.0,149047
2026-04-09 02:00:00+00:00,포스코인터내셔널,047050,75100.0,75200.0,74200.0,74700.0,64482
2026-04-09 03:00:00+00:00,포스코인터내셔널,047050,74700.0,74900.0,74200.0,74500.0,59758
2026-04-09 04:00:00+00:00,포스코인터내셔널,047050,74500.0,75300.0,74300.0,74400.0,96683
2026-04-09 05:00:00+00:00,포스코인터내셔널,047050,74300.0,74400.0,73700.0,73800.0,132013
2026-04-10 00:00:00+00:00,포스코인터내셔널,047050,74500.0,75700.0,74400.0,74900.0,150531
2026-04-10 01:00:00+00:00,포스코인터내셔널,047050,74800.0,75400.0,74800.0,75100.0,64582
2026-04-10 02:00:00+00:00,포스코인터내셔널,047050,75000.0,75300.0,74700.0,75100.0,45862
2026-04-10 03:00:00+00:00,포스코인터내셔널,047050,75000.0,75200.0,74900.0,75000.0,27067
2026-04-10 04:00:00+00:00,포스코인터내셔널,047050,75000.0,75200.0,74800.0,74900.0,43941
2026-04-10 05:00:00+00:00,포스코인터내셔널,047050,74900.0,75600.0,74800.0,75600.0,89572
2026-04-13 00:00:00+00:00,포스코인터내셔널,047050,77000.0,77600.0,74200.0,75300.0,0
2026-04-13 01:00:00+00:00,포스코인터내셔널,047050,75200.0,75400.0,74300.0,74400.0,65561
2026-04-13 02:00:00+00:00,포스코인터내셔널,047050,74400.0,74500.0,73900.0,74100.0,62501
2026-04-13 03:00:00+00:00,포스코인터내셔널,047050,74100.0,74350.0,73700.0,74300.0,54346
2026-04-13 04:00:00+00:00,포스코인터내셔널,047050,74200.0,74300.0,73800.0,74200.0,41905
2026-04-13 05:00:00+00:00,포스코인터내셔널,047050,74200.0,74500.0,74000.0,74000.0,45773
2026-04-14 00:00:00+00:00,포스코인터내셔널,047050,74500.0,74900.0,71800.0,72000.0,381987
2026-04-14 01:00:00+00:00,포스코인터내셔널,047050,72000.0,72300.0,71400.0,71900.0,189371
2026-04-14 02:00:00+00:00,포스코인터내셔널,047050,71800.0,72200.0,71800.0,71900.0,96324
2026-04-14 03:00:00+00:00,포스코인터내셔널,047050,71900.0,72200.0,71700.0,72100.0,80436
2026-04-14 04:00:00+00:00,포스코인터내셔널,047050,72000.0,72400.0,71900.0,72100.0,83560
2026-04-14 05:00:00+00:00,포스코인터내셔널,047050,72200.0,72500.0,72000.0,72300.0,128437
2026-04-06 00:00:00+00:00,크래프톤,259960,243500.0,246500.0,240000.0,241500.0,0
2026-04-06 01:00:00+00:00,크래프톤,259960,241000.0,242500.0,237000.0,237500.0,9022
2026-04-06 02:00:00+00:00,크래프톤,259960,237250.0,242000.0,237000.0,238500.0,11566
2026-04-06 03:00:00+00:00,크래프톤,259960,238500.0,240000.0,237500.0,239000.0,5132
2026-04-06 04:00:00+00:00,크래프톤,259960,238500.0,240000.0,237500.0,237500.0,9008
2026-04-06 05:00:00+00:00,크래프톤,259960,238000.0,239000.0,235500.0,236000.0,11850
2026-04-07 00:00:00+00:00,크래프톤,259960,235500.0,238500.0,233000.0,237500.0,18072
2026-04-07 01:00:00+00:00,크래프톤,259960,237500.0,238000.0,233500.0,233500.0,14090
2026-04-07 02:00:00+00:00,크래프톤,259960,233500.0,234500.0,232000.0,233000.0,13910
2026-04-07 03:00:00+00:00,크래프톤,259960,233500.0,235000.0,233000.0,234000.0,7405
2026-04-07 04:00:00+00:00,크래프톤,259960,234000.0,234500.0,231500.0,232000.0,8014
2026-04-07 05:00:00+00:00,크래프톤,259960,232000.0,233000.0,231000.0,232000.0,9126
2026-04-08 00:00:00+00:00,크래프톤,259960,244000.0,245500.0,235000.0,235000.0,29425
2026-04-08 01:00:00+00:00,크래프톤,259960,235500.0,236500.0,233500.0,234500.0,15435
2026-04-08 02:00:00+00:00,크래프톤,259960,234000.0,236500.0,233500.0,234500.0,16419
2026-04-08 03:00:00+00:00,크래프톤,259960,235000.0,236000.0,234000.0,235000.0,8331
2026-04-08 04:00:00+00:00,크래프톤,259960,235000.0,236000.0,234000.0,235000.0,12550
2026-04-08 05:00:00+00:00,크래프톤,259960,235000.0,236500.0,234000.0,235000.0,13793
2026-04-09 00:00:00+00:00,크래프톤,259960,234500.0,236000.0,232000.0,233000.0,12910
2026-04-09 01:00:00+00:00,크래프톤,259960,233500.0,234500.0,232500.0,233000.0,8641
2026-04-09 02:00:00+00:00,크래프톤,259960,232500.0,234000.0,230500.0,231500.0,12523
2026-04-09 03:00:00+00:00,크래프톤,259960,231500.0,232000.0,230000.0,231000.0,9910
2026-04-09 04:00:00+00:00,크래프톤,259960,231500.0,232000.0,230000.0,231000.0,10932
2026-04-09 05:00:00+00:00,크래프톤,259960,231500.0,232000.0,230500.0,231000.0,15374
2026-04-10 00:00:00+00:00,크래프톤,259960,233500.0,238500.0,233500.0,237500.0,15975
2026-04-10 01:00:00+00:00,크래프톤,259960,237000.0,239500.0,236500.0,237000.0,9888
2026-04-10 02:00:00+00:00,크래프톤,259960,237500.0,238000.0,235500.0,237500.0,8144
2026-04-10 03:00:00+00:00,크래프톤,259960,237500.0,238000.0,236500.0,237000.0,5784
2026-04-10 04:00:00+00:00,크래프톤,259960,237000.0,238500.0,236500.0,238000.0,6019
2026-04-10 05:00:00+00:00,크래프톤,259960,238000.0,240000.0,237500.0,238500.0,9523
2026-04-13 00:00:00+00:00,크래프톤,259960,237500.0,237500.0,233000.0,236000.0,0
2026-04-13 01:00:00+00:00,크래프톤,259960,236000.0,242500.0,235000.0,242000.0,17766
2026-04-13 02:00:00+00:00,크래프톤,259960,242500.0,245500.0,242000.0,245000.0,11120
2026-04-13 03:00:00+00:00,크래프톤,259960,245000.0,247000.0,243500.0,245500.0,14269
2026-04-13 04:00:00+00:00,크래프톤,259960,245500.0,246000.0,242000.0,242750.0,9578
2026-04-13 05:00:00+00:00,크래프톤,259960,242750.0,243000.0,240000.0,241000.0,11229
2026-04-14 00:00:00+00:00,크래프톤,259960,241500.0,245500.0,241500.0,243500.0,14841
2026-04-14 01:00:00+00:00,크래프톤,259960,243500.0,245000.0,242000.0,243000.0,11825
2026-04-14 02:00:00+00:00,크래프톤,259960,243000.0,244000.0,242500.0,242500.0,6785
2026-04-14 03:00:00+00:00,크래프톤,259960,242500.0,244000.0,242000.0,242500.0,5212
2026-04-14 04:00:00+00:00,크래프톤,259960,242500.0,244000.0,242500.0,242500.0,7920
2026-04-14 05:00:00+00:00,크래프톤,259960,242500.0,243000.0,240500.0,241000.0,12194
2026-04-06 00:00:00+00:00,코웨이,021240,71900.0,73100.0,71800.0,72400.0,0
2026-04-06 01:00:00+00:00,코웨이,021240,72300.0,72700.0,71600.0,71900.0,11368
2026-04-06 02:00:00+00:00,코웨이,021240,71800.0,73700.0,71800.0,72500.0,17771
2026-04-06 03:00:00+00:00,코웨이,021240,72500.0,72900.0,72300.0,72600.0,5696
2026-04-06 04:00:00+00:00,코웨이,021240,72500.0,72800.0,72200.0,72200.0,10805
2026-04-06 05:00:00+00:00,코웨이,021240,72300.0,72400.0,72000.0,72100.0,12488
2026-04-07 00:00:00+00:00,코웨이,021240,72800.0,78100.0,72800.0,77900.0,134938
2026-04-07 01:00:00+00:00,코웨이,021240,77950.0,79700.0,77700.0,78000.0,128430
2026-04-07 02:00:00+00:00,코웨이,021240,78200.0,79400.0,77900.0,79000.0,58172
2026-04-07 03:00:00+00:00,코웨이,021240,79000.0,79200.0,78500.0,78800.0,51046
2026-04-07 04:00:00+00:00,코웨이,021240,78700.0,79000.0,78300.0,78700.0,62907
2026-04-07 05:00:00+00:00,코웨이,021240,78600.0,78900.0,77800.0,78300.0,85291
2026-04-08 00:00:00+00:00,코웨이,021240,79600.0,80600.0,77700.0,78000.0,64302
2026-04-08 01:00:00+00:00,코웨이,021240,78200.0,79000.0,77200.0,78800.0,34524
2026-04-08 02:00:00+00:00,코웨이,021240,78700.0,79000.0,78000.0,78200.0,22729
2026-04-08 03:00:00+00:00,코웨이,021240,78200.0,78800.0,78100.0,78600.0,20037
2026-04-08 04:00:00+00:00,코웨이,021240,78400.0,78700.0,78000.0,78200.0,30998
2026-04-08 05:00:00+00:00,코웨이,021240,78000.0,78700.0,77900.0,78300.0,44257
2026-04-09 00:00:00+00:00,코웨이,021240,78100.0,78700.0,76400.0,76500.0,47737
2026-04-09 01:00:00+00:00,코웨이,021240,76500.0,76800.0,74700.0,74900.0,58407
2026-04-09 02:00:00+00:00,코웨이,021240,74800.0,75100.0,74300.0,74900.0,40155
2026-04-09 03:00:00+00:00,코웨이,021240,74900.0,75700.0,74900.0,75600.0,34680
2026-04-09 04:00:00+00:00,코웨이,021240,75500.0,75600.0,74800.0,74800.0,27285
2026-04-09 05:00:00+00:00,코웨이,021240,74800.0,75350.0,74500.0,75050.0,38616
2026-04-10 00:00:00+00:00,코웨이,021240,75000.0,75800.0,74000.0,74600.0,41321
2026-04-10 01:00:00+00:00,코웨이,021240,74700.0,75600.0,74500.0,75300.0,18519
2026-04-10 02:00:00+00:00,코웨이,021240,75200.0,76400.0,74900.0,75800.0,17357
2026-04-10 03:00:00+00:00,코웨이,021240,75800.0,76100.0,75600.0,75700.0,9452
2026-04-10 04:00:00+00:00,코웨이,021240,75700.0,75900.0,75300.0,75400.0,10765
2026-04-10 05:00:00+00:00,코웨이,021240,75400.0,75600.0,75200.0,75300.0,14141
2026-04-13 00:00:00+00:00,코웨이,021240,76500.0,79100.0,75700.0,78700.0,0
2026-04-13 01:00:00+00:00,코웨이,021240,78700.0,79500.0,78200.0,79300.0,51131
2026-04-13 02:00:00+00:00,코웨이,021240,79400.0,80800.0,79100.0,80500.0,48323
2026-04-13 03:00:00+00:00,코웨이,021240,80500.0,80500.0,79900.0,80400.0,37873
2026-04-13 04:00:00+00:00,코웨이,021240,80300.0,81000.0,79800.0,80100.0,54042
2026-04-13 05:00:00+00:00,코웨이,021240,80100.0,80400.0,79200.0,79700.0,64565
2026-04-14 00:00:00+00:00,코웨이,021240,79600.0,81300.0,79600.0,81000.0,42440
2026-04-14 01:00:00+00:00,코웨이,021240,80800.0,82500.0,80300.0,81700.0,47196
2026-04-14 02:00:00+00:00,코웨이,021240,81700.0,82100.0,81000.0,81800.0,32144
2026-04-14 03:00:00+00:00,코웨이,021240,81700.0,82200.0,81500.0,81700.0,28245
2026-04-14 04:00:00+00:00,코웨이,021240,81800.0,82000.0,81300.0,81350.0,32065
2026-04-14 05:00:00+00:00,코웨이,021240,81400.0,81900.0,81300.0,81600.0,26302
2026-04-06 00:00:00+00:00,위메이드,112040,19930.0,20050.0,19330.0,19550.0,158151
2026-04-07 00:00:00+00:00,위메이드,112040,19570.0,20150.0,19320.0,19400.0,109876
2026-04-08 00:00:00+00:00,위메이드,112040,20150.0,20850.0,20050.0,20550.0,141299
2026-04-09 00:00:00+00:00,위메이드,112040,20350.0,20650.0,20100.0,20650.0,122644
2026-04-10 00:00:00+00:00,위메이드,112040,20550.0,20900.0,20350.0,20700.0,118373
2026-04-13 00:00:00+00:00,위메이드,112040,20400.0,20700.0,20050.0,20400.0,87957
2026-04-06 00:00:00+00:00,LG이노텍,011070,325000.0,333500.0,322500.0,330500.0,0
2026-04-06 01:00:00+00:00,LG이노텍,011070,331000.0,332500.0,324500.0,327000.0,34223
2026-04-06 02:00:00+00:00,LG이노텍,011070,326500.0,339000.0,326000.0,334000.0,39835
2026-04-06 03:00:00+00:00,LG이노텍,011070,334000.0,336000.0,329500.0,332000.0,22922
2026-04-06 04:00:00+00:00,LG이노텍,011070,332000.0,338000.0,329500.0,335500.0,36252
2026-04-06 05:00:00+00:00,LG이노텍,011070,335000.0,342000.0,334000.0,335500.0,50457
2026-04-07 00:00:00+00:00,LG이노텍,011070,342000.0,345500.0,330500.0,332500.0,43385
2026-04-07 01:00:00+00:00,LG이노텍,011070,333000.0,335500.0,328500.0,329500.0,26230
2026-04-07 02:00:00+00:00,LG이노텍,011070,329500.0,333000.0,326500.0,330500.0,22338
2026-04-07 03:00:00+00:00,LG이노텍,011070,330500.0,331000.0,323500.0,324000.0,22098
2026-04-07 04:00:00+00:00,LG이노텍,011070,323500.0,325000.0,320000.0,324000.0,35975
2026-04-07 05:00:00+00:00,LG이노텍,011070,324000.0,326000.0,322000.0,326000.0,25837
2026-04-08 00:00:00+00:00,LG이노텍,011070,348500.0,356000.0,335500.0,338250.0,129218
2026-04-08 01:00:00+00:00,LG이노텍,011070,338500.0,344500.0,338000.0,344000.0,27139
2026-04-08 02:00:00+00:00,LG이노텍,011070,344500.0,347500.0,342000.0,343500.0,21341
2026-04-08 03:00:00+00:00,LG이노텍,011070,343750.0,348000.0,343500.0,345500.0,16062
2026-04-08 04:00:00+00:00,LG이노텍,011070,346000.0,346500.0,342000.0,345500.0,21980
2026-04-08 05:00:00+00:00,LG이노텍,011070,344500.0,348500.0,342500.0,346500.0,34062
2026-04-09 00:00:00+00:00,LG이노텍,011070,343500.0,353000.0,343000.0,346500.0,47270
2026-04-09 01:00:00+00:00,LG이노텍,011070,346500.0,348500.0,340000.0,345500.0,24941
2026-04-09 02:00:00+00:00,LG이노텍,011070,345500.0,348500.0,344500.0,346500.0,17401
2026-04-09 03:00:00+00:00,LG이노텍,011070,346500.0,349000.0,345500.0,346500.0,18752
2026-04-09 04:00:00+00:00,LG이노텍,011070,346000.0,348000.0,344500.0,347000.0,19652
2026-04-09 05:00:00+00:00,LG이노텍,011070,347000.0,347000.0,343500.0,344500.0,21242
2026-04-10 00:00:00+00:00,LG이노텍,011070,349500.0,365000.0,349000.0,360000.0,143683
2026-04-10 01:00:00+00:00,LG이노텍,011070,360000.0,367000.0,358000.0,364500.0,47988
2026-04-10 02:00:00+00:00,LG이노텍,011070,365000.0,372000.0,363500.0,371000.0,56791
2026-04-10 03:00:00+00:00,LG이노텍,011070,370500.0,374000.0,369000.0,372500.0,42972
2026-04-10 04:00:00+00:00,LG이노텍,011070,372000.0,380000.0,372000.0,378000.0,91314
2026-04-10 05:00:00+00:00,LG이노텍,011070,378000.0,383500.0,377500.0,380000.0,111488
2026-04-13 00:00:00+00:00,LG이노텍,011070,366000.0,377000.0,365000.0,373500.0,0
2026-04-13 01:00:00+00:00,LG이노텍,011070,373500.0,374000.0,365500.0,367000.0,25463
2026-04-13 02:00:00+00:00,LG이노텍,011070,367000.0,367500.0,365000.0,366000.0,13791
2026-04-13 03:00:00+00:00,LG이노텍,011070,366000.0,366500.0,361500.0,361500.0,16541
2026-04-13 04:00:00+00:00,LG이노텍,011070,361500.0,363000.0,358000.0,359500.0,26589
2026-04-13 05:00:00+00:00,LG이노텍,011070,359500.0,361500.0,358000.0,359000.0,25514
2026-04-14 00:00:00+00:00,LG이노텍,011070,371500.0,373500.0,360000.0,362500.0,54353
2026-04-14 01:00:00+00:00,LG이노텍,011070,362000.0,370000.0,361000.0,365500.0,24236
2026-04-14 02:00:00+00:00,LG이노텍,011070,365500.0,370500.0,363500.0,368000.0,15918
2026-04-14 03:00:00+00:00,LG이노텍,011070,367500.0,371500.0,367000.0,371500.0,11030
2026-04-14 04:00:00+00:00,LG이노텍,011070,371000.0,372000.0,368500.0,369500.0,11120
2026-04-14 05:00:00+00:00,LG이노텍,011070,370000.0,371500.0,368000.0,371000.0,18016
2026-04-06 00:00:00+00:00,미래에셋증권,006800,63400.0,64500.0,62200.0,63700.0,0
2026-04-06 01:00:00+00:00,미래에셋증권,006800,63700.0,64000.0,62200.0,62300.0,236960
2026-04-06 02:00:00+00:00,미래에셋증권,006800,62300.0,63400.0,62300.0,62400.0,219186
2026-04-06 03:00:00+00:00,미래에셋증권,006800,62300.0,62500.0,61700.0,61800.0,217206
2026-04-06 04:00:00+00:00,미래에셋증권,006800,61700.0,63100.0,61700.0,62900.0,160741
2026-04-06 05:00:00+00:00,미래에셋증권,006800,62900.0,63200.0,62500.0,62700.0,165185
2026-04-07 00:00:00+00:00,미래에셋증권,006800,64200.0,65000.0,63400.0,63450.0,480684
2026-04-07 01:00:00+00:00,미래에셋증권,006800,63400.0,63600.0,61800.0,62000.0,491515
2026-04-07 02:00:00+00:00,미래에셋증권,006800,61900.0,62000.0,61300.0,61700.0,372416
2026-04-07 03:00:00+00:00,미래에셋증권,006800,61600.0,61900.0,61500.0,61550.0,213211
2026-04-07 04:00:00+00:00,미래에셋증권,006800,61500.0,61800.0,61100.0,61450.0,250324
2026-04-07 05:00:00+00:00,미래에셋증권,006800,61500.0,61800.0,61200.0,61700.0,340680
2026-04-08 00:00:00+00:00,미래에셋증권,006800,66600.0,67200.0,65300.0,66100.0,1269158
2026-04-08 01:00:00+00:00,미래에셋증권,006800,66000.0,67500.0,66000.0,67300.0,598999
2026-04-08 02:00:00+00:00,미래에셋증권,006800,67200.0,68000.0,67000.0,67200.0,428092
2026-04-08 03:00:00+00:00,미래에셋증권,006800,67100.0,67400.0,66900.0,67300.0,236244
2026-04-08 04:00:00+00:00,미래에셋증권,006800,67300.0,67900.0,67200.0,67900.0,303352
2026-04-08 05:00:00+00:00,미래에셋증권,006800,67900.0,67900.0,67000.0,67500.0,340398
2026-04-09 00:00:00+00:00,미래에셋증권,006800,66900.0,68300.0,65900.0,66700.0,686677
2026-04-09 01:00:00+00:00,미래에셋증권,006800,66700.0,66900.0,66100.0,66600.0,228940
2026-04-09 02:00:00+00:00,미래에셋증권,006800,66600.0,66900.0,66100.0,66300.0,150570
2026-04-09 03:00:00+00:00,미래에셋증권,006800,66300.0,66500.0,66000.0,66000.0,135486
2026-04-09 04:00:00+00:00,미래에셋증권,006800,66000.0,66400.0,65900.0,66200.0,208148
2026-04-09 05:00:00+00:00,미래에셋증권,006800,66200.0,66900.0,66000.0,66900.0,207865
2026-04-10 00:00:00+00:00,미래에셋증권,006800,68500.0,68600.0,66600.0,67000.0,625950
2026-04-10 01:00:00+00:00,미래에셋증권,006800,67000.0,67600.0,66800.0,66800.0,281662
2026-04-10 02:00:00+00:00,미래에셋증권,006800,66800.0,66900.0,66500.0,66800.0,212651
2026-04-10 03:00:00+00:00,미래에셋증권,006800,66800.0,66900.0,66500.0,66800.0,144266
2026-04-10 04:00:00+00:00,미래에셋증권,006800,66750.0,67100.0,66700.0,66900.0,144021
2026-04-10 05:00:00+00:00,미래에셋증권,006800,66800.0,66900.0,66500.0,66600.0,183287
2026-04-13 00:00:00+00:00,미래에셋증권,006800,64900.0,66400.0,64400.0,66200.0,0
2026-04-13 01:00:00+00:00,미래에셋증권,006800,66300.0,66500.0,65300.0,65400.0,169195
2026-04-13 02:00:00+00:00,미래에셋증권,006800,65400.0,65600.0,65200.0,65400.0,138411
2026-04-13 03:00:00+00:00,미래에셋증권,006800,65400.0,65500.0,64700.0,65300.0,119525
2026-04-13 04:00:00+00:00,미래에셋증권,006800,65300.0,65400.0,65000.0,65100.0,95099
2026-04-13 05:00:00+00:00,미래에셋증권,006800,65100.0,65700.0,65100.0,65300.0,165783
2026-04-14 00:00:00+00:00,미래에셋증권,006800,67400.0,74100.0,67100.0,73400.0,5840996
2026-04-14 01:00:00+00:00,미래에셋증권,006800,73500.0,73500.0,71100.0,71200.0,1854946
2026-04-14 02:00:00+00:00,미래에셋증권,006800,71300.0,72300.0,71000.0,71900.0,579988
2026-04-14 03:00:00+00:00,미래에셋증권,006800,71900.0,72300.0,71600.0,71750.0,313382
2026-04-14 04:00:00+00:00,미래에셋증권,006800,71800.0,72600.0,71700.0,71900.0,517129
2026-04-14 05:00:00+00:00,미래에셋증권,006800,71900.0,72400.0,71700.0,72050.0,448009
2026-04-06 00:00:00+00:00,GS,078930,63500.0,66000.0,63500.0,65400.0,0
2026-04-06 01:00:00+00:00,GS,078930,65500.0,66300.0,64400.0,64800.0,37968
2026-04-06 02:00:00+00:00,GS,078930,64700.0,66000.0,64700.0,64800.0,18761
2026-04-06 03:00:00+00:00,GS,078930,64800.0,65100.0,64600.0,65000.0,10594
2026-04-06 04:00:00+00:00,GS,078930,65000.0,65700.0,64800.0,65600.0,13999
2026-04-06 05:00:00+00:00,GS,078930,65600.0,65700.0,64800.0,65300.0,23909
2026-04-07 00:00:00+00:00,GS,078930,64100.0,65700.0,64100.0,65000.0,31211
2026-04-07 01:00:00+00:00,GS,078930,65000.0,65100.0,64200.0,64200.0,25846
2026-04-07 02:00:00+00:00,GS,078930,64300.0,64700.0,64000.0,64500.0,18622
2026-04-07 03:00:00+00:00,GS,078930,64600.0,64900.0,64400.0,64500.0,11302
2026-04-07 04:00:00+00:00,GS,078930,64500.0,65100.0,64300.0,64700.0,17690
2026-04-07 05:00:00+00:00,GS,078930,64600.0,65000.0,64500.0,64700.0,18881
2026-04-08 00:00:00+00:00,GS,078930,67300.0,68900.0,67000.0,67100.0,87335
2026-04-08 01:00:00+00:00,GS,078930,67200.0,67800.0,66900.0,67500.0,32936
2026-04-08 02:00:00+00:00,GS,078930,67500.0,68000.0,67400.0,67400.0,28383
2026-04-08 03:00:00+00:00,GS,078930,67500.0,68200.0,67300.0,67900.0,31211
2026-04-08 04:00:00+00:00,GS,078930,67900.0,68100.0,67300.0,67900.0,35391
2026-04-08 05:00:00+00:00,GS,078930,67800.0,68500.0,67700.0,68400.0,48484
2026-04-09 00:00:00+00:00,GS,078930,67700.0,70000.0,67650.0,69700.0,63509
2026-04-09 01:00:00+00:00,GS,078930,69650.0,70500.0,69300.0,70100.0,46319
2026-04-09 02:00:00+00:00,GS,078930,70100.0,70200.0,68900.0,69300.0,33567
2026-04-09 03:00:00+00:00,GS,078930,69300.0,69600.0,69000.0,69400.0,14413
2026-04-09 04:00:00+00:00,GS,078930,69400.0,70300.0,69400.0,70000.0,48190
2026-04-09 05:00:00+00:00,GS,078930,69800.0,70000.0,69300.0,69600.0,37075
2026-04-10 00:00:00+00:00,GS,078930,69500.0,72600.0,69100.0,71800.0,137024
2026-04-10 01:00:00+00:00,GS,078930,71700.0,72200.0,71400.0,71900.0,23963
2026-04-10 02:00:00+00:00,GS,078930,71800.0,72200.0,71400.0,72100.0,26428
2026-04-10 03:00:00+00:00,GS,078930,72100.0,72500.0,71800.0,72400.0,33525
2026-04-10 04:00:00+00:00,GS,078930,72500.0,72500.0,71900.0,72000.0,20253
2026-04-10 05:00:00+00:00,GS,078930,72000.0,72300.0,71900.0,72000.0,22341
2026-04-13 00:00:00+00:00,GS,078930,72600.0,73700.0,72000.0,72900.0,0
2026-04-13 01:00:00+00:00,GS,078930,73000.0,73000.0,71800.0,71900.0,51704
2026-04-13 02:00:00+00:00,GS,078930,72000.0,72500.0,71500.0,72400.0,18478
2026-04-13 03:00:00+00:00,GS,078930,72400.0,74000.0,72000.0,73900.0,42109
2026-04-13 04:00:00+00:00,GS,078930,73900.0,74300.0,72600.0,72900.0,83548
2026-04-13 05:00:00+00:00,GS,078930,72900.0,73200.0,72100.0,72500.0,56142
2026-04-14 00:00:00+00:00,GS,078930,72800.0,74200.0,72400.0,72500.0,59016
2026-04-14 01:00:00+00:00,GS,078930,72600.0,73300.0,72400.0,72500.0,33531
2026-04-14 02:00:00+00:00,GS,078930,72500.0,73600.0,72400.0,73200.0,26583
2026-04-14 03:00:00+00:00,GS,078930,73200.0,73300.0,72800.0,73200.0,16855
2026-04-14 04:00:00+00:00,GS,078930,73200.0,73200.0,72500.0,72700.0,22301
2026-04-14 05:00:00+00:00,GS,078930,72800.0,73200.0,72600.0,73100.0,27142
2026-04-06 00:00:00+00:00,삼성카드,029780,52300.0,53000.0,52200.0,52500.0,0
2026-04-06 01:00:00+00:00,삼성카드,029780,52600.0,52800.0,52400.0,52500.0,8873
2026-04-06 02:00:00+00:00,삼성카드,029780,52400.0,53400.0,52400.0,52500.0,13099
2026-04-06 03:00:00+00:00,삼성카드,029780,52600.0,52800.0,52200.0,52400.0,8298
2026-04-06 04:00:00+00:00,삼성카드,029780,52500.0,52900.0,52200.0,52200.0,12078
2026-04-06 05:00:00+00:00,삼성카드,029780,52400.0,52800.0,52300.0,52500.0,15872
2026-04-07 00:00:00+00:00,삼성카드,029780,52500.0,53700.0,52500.0,53500.0,18160
2026-04-07 01:00:00+00:00,삼성카드,029780,53400.0,53600.0,52500.0,52600.0,9650
2026-04-07 02:00:00+00:00,삼성카드,029780,52600.0,53100.0,52500.0,52700.0,10286
2026-04-07 03:00:00+00:00,삼성카드,029780,52500.0,53100.0,52500.0,52700.0,6578
2026-04-07 04:00:00+00:00,삼성카드,029780,52800.0,53100.0,52600.0,53000.0,8255
2026-04-07 05:00:00+00:00,삼성카드,029780,52900.0,53100.0,52700.0,52900.0,9103
2026-04-08 00:00:00+00:00,삼성카드,029780,54400.0,55000.0,53700.0,53800.0,24517
2026-04-08 01:00:00+00:00,삼성카드,029780,53900.0,53900.0,53500.0,53800.0,14803
2026-04-08 02:00:00+00:00,삼성카드,029780,53800.0,54000.0,53600.0,53600.0,12516
2026-04-08 03:00:00+00:00,삼성카드,029780,53600.0,53900.0,53600.0,53600.0,9234
2026-04-08 04:00:00+00:00,삼성카드,029780,53600.0,53900.0,53500.0,53700.0,18237
2026-04-08 05:00:00+00:00,삼성카드,029780,53800.0,54100.0,53200.0,53300.0,26510
2026-04-09 00:00:00+00:00,삼성카드,029780,53500.0,54000.0,53300.0,53300.0,17734
2026-04-09 01:00:00+00:00,삼성카드,029780,53300.0,54000.0,53200.0,53700.0,19450
2026-04-09 02:00:00+00:00,삼성카드,029780,53700.0,53800.0,53400.0,53800.0,13872
2026-04-09 03:00:00+00:00,삼성카드,029780,53800.0,54000.0,53500.0,53900.0,13918
2026-04-09 04:00:00+00:00,삼성카드,029780,53800.0,54100.0,53700.0,54000.0,13948
2026-04-09 05:00:00+00:00,삼성카드,029780,53900.0,54000.0,53600.0,53900.0,9157
2026-04-10 00:00:00+00:00,삼성카드,029780,54300.0,55100.0,54300.0,54400.0,18603
2026-04-10 01:00:00+00:00,삼성카드,029780,54500.0,54900.0,54300.0,54300.0,8792
2026-04-10 02:00:00+00:00,삼성카드,029780,54300.0,54600.0,54200.0,54300.0,8468
2026-04-10 03:00:00+00:00,삼성카드,029780,54300.0,54700.0,54200.0,54500.0,9535
2026-04-10 04:00:00+00:00,삼성카드,029780,54600.0,54800.0,54400.0,54600.0,10202
2026-04-10 05:00:00+00:00,삼성카드,029780,54600.0,54900.0,54500.0,54800.0,11046
2026-04-13 00:00:00+00:00,삼성카드,029780,54300.0,54400.0,53400.0,53400.0,0
2026-04-13 01:00:00+00:00,삼성카드,029780,53500.0,53700.0,53300.0,53300.0,20073
2026-04-13 02:00:00+00:00,삼성카드,029780,53300.0,53400.0,53000.0,53000.0,12207
2026-04-13 03:00:00+00:00,삼성카드,029780,53100.0,53100.0,52700.0,52900.0,14987
2026-04-13 04:00:00+00:00,삼성카드,029780,52800.0,53100.0,52700.0,52800.0,13916
2026-04-13 05:00:00+00:00,삼성카드,029780,52800.0,53000.0,52600.0,52800.0,15917
2026-04-14 00:00:00+00:00,삼성카드,029780,53200.0,53900.0,53200.0,53600.0,17513
2026-04-14 01:00:00+00:00,삼성카드,029780,53600.0,53800.0,53300.0,53600.0,11456
2026-04-14 02:00:00+00:00,삼성카드,029780,53600.0,54400.0,53600.0,54000.0,13388
2026-04-14 03:00:00+00:00,삼성카드,029780,54000.0,54300.0,53700.0,54000.0,10946
2026-04-14 04:00:00+00:00,삼성카드,029780,54100.0,54400.0,53700.0,53800.0,22764
2026-04-14 05:00:00+00:00,삼성카드,029780,53800.0,54100.0,53700.0,53800.0,25977
2026-04-06 00:00:00+00:00,고려아연,010130,1490000.0,1537000.0,1490000.0,1510000.0,0
2026-04-06 01:00:00+00:00,고려아연,010130,1507000.0,1513000.0,1478000.0,1478000.0,2317
2026-04-06 02:00:00+00:00,고려아연,010130,1478000.0,1507000.0,1476000.0,1482000.0,2310
2026-04-06 03:00:00+00:00,고려아연,010130,1482000.0,1483000.0,1472000.0,1472000.0,1553
2026-04-06 04:00:00+00:00,고려아연,010130,1472000.0,1487000.0,1472000.0,1482000.0,1583
2026-04-06 05:00:00+00:00,고려아연,010130,1481000.0,1490000.0,1473000.0,1477000.0,1582
2026-04-07 00:00:00+00:00,고려아연,010130,1483000.0,1493000.0,1465000.0,1475000.0,3454
2026-04-07 01:00:00+00:00,고려아연,010130,1475000.0,1482000.0,1461000.0,1461000.0,3006
2026-04-07 02:00:00+00:00,고려아연,010130,1462000.0,1471000.0,1456000.0,1468000.0,2053
2026-04-07 03:00:00+00:00,고려아연,010130,1466000.0,1477000.0,1462000.0,1469000.0,1324
2026-04-07 04:00:00+00:00,고려아연,010130,1469000.0,1473000.0,1462000.0,1468000.0,1543
2026-04-07 05:00:00+00:00,고려아연,010130,1468000.0,1480000.0,1465000.0,1477500.0,1454
2026-04-08 00:00:00+00:00,고려아연,010130,1548000.0,1588000.0,1526000.0,1528000.0,8503
2026-04-08 01:00:00+00:00,고려아연,010130,1526000.0,1555000.0,1525000.0,1554000.0,2788
2026-04-08 02:00:00+00:00,고려아연,010130,1555000.0,1569000.0,1555000.0,1569000.0,3107
2026-04-08 03:00:00+00:00,고려아연,010130,1569000.0,1593000.0,1568000.0,1578000.0,4936
2026-04-08 04:00:00+00:00,고려아연,010130,1578000.0,1584000.0,1573000.0,1584000.0,2432
2026-04-08 05:00:00+00:00,고려아연,010130,1583500.0,1590000.0,1579000.0,1589000.0,4347
2026-04-09 00:00:00+00:00,고려아연,010130,1589000.0,1615000.0,1563000.0,1570000.0,7015
2026-04-09 01:00:00+00:00,고려아연,010130,1574000.0,1577000.0,1565000.0,1576000.0,2238
2026-04-09 02:00:00+00:00,고려아연,010130,1575000.0,1577000.0,1565000.0,1568000.0,1668
2026-04-09 03:00:00+00:00,고려아연,010130,1568000.0,1570000.0,1547000.0,1548000.0,2360
2026-04-09 04:00:00+00:00,고려아연,010130,1548000.0,1558000.0,1541000.0,1542000.0,2393
2026-04-09 05:00:00+00:00,고려아연,010130,1541000.0,1545000.0,1528000.0,1528000.0,3387
2026-04-10 00:00:00+00:00,고려아연,010130,1549000.0,1575000.0,1549000.0,1575000.0,4001
2026-04-10 01:00:00+00:00,고려아연,010130,1574000.0,1610000.0,1573000.0,1595000.0,6469
2026-04-10 02:00:00+00:00,고려아연,010130,1595000.0,1599000.0,1582000.0,1595000.0,2889
2026-04-10 03:00:00+00:00,고려아연,010130,1594000.0,1598000.0,1586000.0,1590000.0,1991
2026-04-10 04:00:00+00:00,고려아연,010130,1589000.0,1592000.0,1584000.0,1590000.0,2199
2026-04-10 05:00:00+00:00,고려아연,010130,1590000.0,1593000.0,1584000.0,1589000.0,3340
2026-04-13 00:00:00+00:00,고려아연,010130,1552000.0,1611000.0,1546000.0,1606000.0,0
2026-04-13 01:00:00+00:00,고려아연,010130,1606000.0,1640000.0,1605500.0,1629000.0,7108
2026-04-13 02:00:00+00:00,고려아연,010130,1633000.0,1670000.0,1629000.0,1660000.0,8791
2026-04-13 03:00:00+00:00,고려아연,010130,1660000.0,1665000.0,1653000.0,1657000.0,3610
2026-04-13 04:00:00+00:00,고려아연,010130,1657000.0,1688000.0,1657000.0,1685000.0,8175
2026-04-13 05:00:00+00:00,고려아연,010130,1685000.0,1686000.0,1656000.0,1657000.0,6123
2026-04-14 00:00:00+00:00,고려아연,010130,1703000.0,1709000.0,1663000.0,1671000.0,6973
2026-04-14 01:00:00+00:00,고려아연,010130,1673000.0,1686000.0,1654000.0,1675000.0,4099
2026-04-14 02:00:00+00:00,고려아연,010130,1676000.0,1678000.0,1670000.0,1671000.0,1509
2026-04-14 03:00:00+00:00,고려아연,010130,1671000.0,1677000.0,1671000.0,1675000.0,1202
2026-04-14 04:00:00+00:00,고려아연,010130,1676000.0,1677000.0,1664000.0,1664000.0,1969
2026-04-14 05:00:00+00:00,고려아연,010130,1664000.0,1665000.0,1655000.0,1657000.0,2397
2026-04-06 00:00:00+00:00,아모레G,002790,27300.0,27600.0,27050.0,27200.0,0
2026-04-06 01:00:00+00:00,아모레G,002790,27200.0,27300.0,26750.0,26800.0,8485
2026-04-06 02:00:00+00:00,아모레G,002790,26750.0,27400.0,26750.0,27100.0,6755
2026-04-06 03:00:00+00:00,아모레G,002790,27050.0,27150.0,26900.0,27100.0,5006
2026-04-06 04:00:00+00:00,아모레G,002790,27100.0,27350.0,27000.0,27300.0,3723
2026-04-06 05:00:00+00:00,아모레G,002790,27250.0,27350.0,27100.0,27150.0,4983
2026-04-07 00:00:00+00:00,아모레G,002790,27200.0,27700.0,27200.0,27450.0,11023
2026-04-07 01:00:00+00:00,아모레G,002790,27350.0,27500.0,26900.0,26950.0,11304
2026-04-07 02:00:00+00:00,아모레G,002790,26950.0,27050.0,26850.0,26900.0,6686
2026-04-07 03:00:00+00:00,아모레G,002790,26950.0,27000.0,26850.0,26950.0,3690
2026-04-07 04:00:00+00:00,아모레G,002790,26900.0,26900.0,26700.0,26800.0,8232
2026-04-07 05:00:00+00:00,아모레G,002790,26800.0,26800.0,26550.0,26750.0,11749
2026-04-08 00:00:00+00:00,아모레G,002790,28250.0,28250.0,27400.0,27700.0,22306
2026-04-08 01:00:00+00:00,아모레G,002790,27700.0,27750.0,27450.0,27650.0,8645
2026-04-08 02:00:00+00:00,아모레G,002790,27700.0,27950.0,27650.0,27750.0,9853
2026-04-08 03:00:00+00:00,아모레G,002790,27800.0,27850.0,27700.0,27700.0,4492
2026-04-08 04:00:00+00:00,아모레G,002790,27750.0,27850.0,27650.0,27800.0,8158
2026-04-08 05:00:00+00:00,아모레G,002790,27750.0,27850.0,27650.0,27700.0,9660
2026-04-09 00:00:00+00:00,아모레G,002790,27650.0,28000.0,27300.0,27450.0,35231
2026-04-09 01:00:00+00:00,아모레G,002790,27450.0,27450.0,27150.0,27200.0,11644
2026-04-09 02:00:00+00:00,아모레G,002790,27150.0,27200.0,26900.0,27000.0,14690
2026-04-09 03:00:00+00:00,아모레G,002790,27000.0,27150.0,26950.0,26950.0,9356
2026-04-09 04:00:00+00:00,아모레G,002790,26950.0,27050.0,26950.0,26950.0,10183
2026-04-09 05:00:00+00:00,아모레G,002790,26950.0,27200.0,26900.0,27000.0,15320
2026-04-10 00:00:00+00:00,아모레G,002790,27550.0,27850.0,27100.0,27300.0,34008
2026-04-10 01:00:00+00:00,아모레G,002790,27300.0,27600.0,27200.0,27450.0,12158
2026-04-10 02:00:00+00:00,아모레G,002790,27400.0,27650.0,27300.0,27550.0,12459
2026-04-10 03:00:00+00:00,아모레G,002790,27525.0,27700.0,27500.0,27650.0,6105
2026-04-10 04:00:00+00:00,아모레G,002790,27550.0,27800.0,27500.0,27800.0,11394
2026-04-10 05:00:00+00:00,아모레G,002790,27800.0,27850.0,27650.0,27750.0,11056
2026-04-13 00:00:00+00:00,아모레G,002790,27300.0,27700.0,27050.0,27400.0,0
2026-04-13 01:00:00+00:00,아모레G,002790,27400.0,27500.0,27250.0,27350.0,10695
2026-04-13 02:00:00+00:00,아모레G,002790,27300.0,27400.0,27250.0,27350.0,8002
2026-04-13 03:00:00+00:00,아모레G,002790,27350.0,27350.0,27200.0,27300.0,6290
2026-04-13 04:00:00+00:00,아모레G,002790,27250.0,27300.0,27150.0,27250.0,8132
2026-04-13 05:00:00+00:00,아모레G,002790,27200.0,27250.0,27050.0,27050.0,6726
2026-04-14 00:00:00+00:00,아모레G,002790,27350.0,27450.0,27200.0,27400.0,16611
2026-04-14 01:00:00+00:00,아모레G,002790,27400.0,27450.0,27200.0,27300.0,9858
2026-04-14 02:00:00+00:00,아모레G,002790,27250.0,27400.0,27250.0,27300.0,4428
2026-04-14 03:00:00+00:00,아모레G,002790,27350.0,27400.0,27250.0,27300.0,4270
2026-04-14 04:00:00+00:00,아모레G,002790,27250.0,27400.0,27250.0,27250.0,5325
2026-04-14 05:00:00+00:00,아모레G,002790,27250.0,27350.0,27200.0,27200.0,6342
2026-04-06 00:00:00+00:00,한화오션,042660,126800.0,128400.0,125700.0,125800.0,0
2026-04-06 01:00:00+00:00,한화오션,042660,125900.0,126400.0,122100.0,122700.0,175734
2026-04-06 02:00:00+00:00,한화오션,042660,122600.0,124900.0,122600.0,122600.0,105520
2026-04-06 03:00:00+00:00,한화오션,042660,122600.0,123000.0,122200.0,122300.0,93852
2026-04-06 04:00:00+00:00,한화오션,042660,122400.0,123000.0,122100.0,122100.0,96580
2026-04-06 05:00:00+00:00,한화오션,042660,122200.0,122800.0,121500.0,122000.0,180173
2026-04-07 00:00:00+00:00,한화오션,042660,123000.0,125300.0,122000.0,123600.0,268016
2026-04-07 01:00:00+00:00,한화오션,042660,123600.0,123600.0,120200.0,120300.0,141038
2026-04-07 02:00:00+00:00,한화오션,042660,120200.0,122000.0,120200.0,121400.0,73824
2026-04-07 03:00:00+00:00,한화오션,042660,121500.0,122000.0,121100.0,121100.0,52415
2026-04-07 04:00:00+00:00,한화오션,042660,121100.0,121300.0,120300.0,120900.0,59102
2026-04-07 05:00:00+00:00,한화오션,042660,120900.0,121500.0,120600.0,121300.0,62790
2026-04-08 00:00:00+00:00,한화오션,042660,127000.0,128500.0,125200.0,127000.0,381992
2026-04-08 01:00:00+00:00,한화오션,042660,126900.0,128600.0,126600.0,127550.0,195758
2026-04-08 02:00:00+00:00,한화오션,042660,127500.0,128000.0,127400.0,127500.0,63645
2026-04-08 03:00:00+00:00,한화오션,042660,127600.0,128000.0,127100.0,127100.0,64563
2026-04-08 04:00:00+00:00,한화오션,042660,127100.0,127600.0,126600.0,127500.0,83657
2026-04-08 05:00:00+00:00,한화오션,042660,127500.0,128000.0,127200.0,127400.0,110512
2026-04-09 00:00:00+00:00,한화오션,042660,127600.0,127700.0,125700.0,126100.0,183087
2026-04-09 01:00:00+00:00,한화오션,042660,126200.0,126400.0,124200.0,125400.0,133434
2026-04-09 02:00:00+00:00,한화오션,042660,125400.0,125600.0,124600.0,124700.0,61520
2026-04-09 03:00:00+00:00,한화오션,042660,124700.0,124700.0,124200.0,124300.0,94601
2026-04-09 04:00:00+00:00,한화오션,042660,124200.0,124600.0,124000.0,124000.0,208292
2026-04-09 05:00:00+00:00,한화오션,042660,124000.0,124000.0,123500.0,123700.0,157837
2026-04-10 00:00:00+00:00,한화오션,042660,125300.0,125700.0,123300.0,123700.0,176481
2026-04-10 01:00:00+00:00,한화오션,042660,123700.0,124600.0,123600.0,124100.0,87658
2026-04-10 02:00:00+00:00,한화오션,042660,124200.0,124500.0,123800.0,124300.0,44082
2026-04-10 03:00:00+00:00,한화오션,042660,124300.0,124400.0,123800.0,123800.0,35533
2026-04-10 04:00:00+00:00,한화오션,042660,123800.0,124200.0,123700.0,123800.0,50685
2026-04-10 05:00:00+00:00,한화오션,042660,123800.0,124100.0,123200.0,123300.0,121633
2026-04-13 00:00:00+00:00,한화오션,042660,120700.0,121200.0,120000.0,121000.0,0
2026-04-13 01:00:00+00:00,한화오션,042660,121000.0,121600.0,120700.0,120800.0,65336
2026-04-13 02:00:00+00:00,한화오션,042660,120900.0,120900.0,120500.0,120600.0,29926
2026-04-13 03:00:00+00:00,한화오션,042660,120600.0,120700.0,120200.0,120400.0,50311
2026-04-13 04:00:00+00:00,한화오션,042660,120400.0,120600.0,120100.0,120500.0,64386
2026-04-13 05:00:00+00:00,한화오션,042660,120400.0,120500.0,120200.0,120400.0,56387
2026-04-14 00:00:00+00:00,한화오션,042660,123200.0,123400.0,121900.0,122300.0,171326
2026-04-14 01:00:00+00:00,한화오션,042660,122400.0,122600.0,122000.0,122400.0,60396
2026-04-14 02:00:00+00:00,한화오션,042660,122400.0,123700.0,122400.0,123300.0,89364
2026-04-14 03:00:00+00:00,한화오션,042660,123200.0,123300.0,122700.0,123200.0,60397
2026-04-14 04:00:00+00:00,한화오션,042660,123100.0,124200.0,123100.0,123700.0,114037
2026-04-14 05:00:00+00:00,한화오션,042660,123700.0,124400.0,123600.0,123800.0,97718
2026-04-06 00:00:00+00:00,한국타이어앤테크놀로지,161390,52400.0,53100.0,52000.0,52800.0,0
2026-04-06 01:00:00+00:00,한국타이어앤테크놀로지,161390,52800.0,53000.0,52200.0,52500.0,37089
2026-04-06 02:00:00+00:00,한국타이어앤테크놀로지,161390,52500.0,54000.0,52500.0,53000.0,46287
2026-04-06 03:00:00+00:00,한국타이어앤테크놀로지,161390,53000.0,53600.0,52700.0,53200.0,24010
2026-04-06 04:00:00+00:00,한국타이어앤테크놀로지,161390,53200.0,53800.0,53100.0,53200.0,32620
2026-04-06 05:00:00+00:00,한국타이어앤테크놀로지,161390,53200.0,53600.0,52800.0,53100.0,35019
2026-04-07 00:00:00+00:00,한국타이어앤테크놀로지,161390,52900.0,54000.0,52600.0,53600.0,41495
2026-04-07 01:00:00+00:00,한국타이어앤테크놀로지,161390,53600.0,53600.0,52700.0,52900.0,31307
2026-04-07 02:00:00+00:00,한국타이어앤테크놀로지,161390,52800.0,53300.0,52800.0,52900.0,27855
2026-04-07 03:00:00+00:00,한국타이어앤테크놀로지,161390,52900.0,53500.0,52800.0,53200.0,20567
2026-04-07 04:00:00+00:00,한국타이어앤테크놀로지,161390,53100.0,53400.0,52800.0,53000.0,28007
2026-04-07 05:00:00+00:00,한국타이어앤테크놀로지,161390,53000.0,53300.0,52800.0,53100.0,37518
2026-04-08 00:00:00+00:00,한국타이어앤테크놀로지,161390,57700.0,58600.0,55900.0,57600.0,190049
2026-04-08 01:00:00+00:00,한국타이어앤테크놀로지,161390,57400.0,58500.0,57100.0,58400.0,60192
2026-04-08 02:00:00+00:00,한국타이어앤테크놀로지,161390,58300.0,58900.0,58200.0,58300.0,54514
2026-04-08 03:00:00+00:00,한국타이어앤테크놀로지,161390,58300.0,59300.0,58200.0,59200.0,50660
2026-04-08 04:00:00+00:00,한국타이어앤테크놀로지,161390,59100.0,61000.0,59100.0,60700.0,126243
2026-04-08 05:00:00+00:00,한국타이어앤테크놀로지,161390,60700.0,61600.0,60500.0,60900.0,159730
2026-04-09 00:00:00+00:00,한국타이어앤테크놀로지,161390,60200.0,61400.0,59800.0,60700.0,87353
2026-04-09 01:00:00+00:00,한국타이어앤테크놀로지,161390,60600.0,61500.0,60400.0,61400.0,49415
2026-04-09 02:00:00+00:00,한국타이어앤테크놀로지,161390,61400.0,62800.0,61300.0,62700.0,74258
2026-04-09 03:00:00+00:00,한국타이어앤테크놀로지,161390,62800.0,64000.0,62500.0,63500.0,101224
2026-04-09 04:00:00+00:00,한국타이어앤테크놀로지,161390,63600.0,64200.0,63400.0,63700.0,91648
2026-04-09 05:00:00+00:00,한국타이어앤테크놀로지,161390,63700.0,63900.0,62600.0,62700.0,92841
2026-04-10 00:00:00+00:00,한국타이어앤테크놀로지,161390,62700.0,64300.0,62600.0,63500.0,89101
2026-04-10 01:00:00+00:00,한국타이어앤테크놀로지,161390,63400.0,64100.0,63000.0,63600.0,50992
2026-04-10 02:00:00+00:00,한국타이어앤테크놀로지,161390,63600.0,64700.0,63600.0,64300.0,91741
2026-04-10 03:00:00+00:00,한국타이어앤테크놀로지,161390,64400.0,64500.0,63600.0,64000.0,51686
2026-04-10 04:00:00+00:00,한국타이어앤테크놀로지,161390,64100.0,64100.0,63500.0,63800.0,73735
2026-04-10 05:00:00+00:00,한국타이어앤테크놀로지,161390,63900.0,64500.0,63800.0,64400.0,99807
2026-04-13 00:00:00+00:00,한국타이어앤테크놀로지,161390,61500.0,62200.0,60800.0,61100.0,0
2026-04-13 01:00:00+00:00,한국타이어앤테크놀로지,161390,61000.0,61300.0,60900.0,61100.0,46564
2026-04-13 02:00:00+00:00,한국타이어앤테크놀로지,161390,61100.0,61600.0,61100.0,61400.0,38931
2026-04-13 03:00:00+00:00,한국타이어앤테크놀로지,161390,61300.0,61400.0,61000.0,61000.0,36885
2026-04-13 04:00:00+00:00,한국타이어앤테크놀로지,161390,61000.0,61100.0,60900.0,60900.0,33665
2026-04-13 05:00:00+00:00,한국타이어앤테크놀로지,161390,60900.0,61400.0,60900.0,61200.0,48296
2026-04-14 00:00:00+00:00,한국타이어앤테크놀로지,161390,61800.0,62100.0,60900.0,61700.0,67636
2026-04-14 01:00:00+00:00,한국타이어앤테크놀로지,161390,61700.0,62300.0,61600.0,61800.0,51581
2026-04-14 02:00:00+00:00,한국타이어앤테크놀로지,161390,61800.0,62300.0,61700.0,61900.0,28258
2026-04-14 03:00:00+00:00,한국타이어앤테크놀로지,161390,62000.0,62100.0,61500.0,61700.0,22778
2026-04-14 04:00:00+00:00,한국타이어앤테크놀로지,161390,61700.0,62500.0,61400.0,61400.0,51297
2026-04-14 05:00:00+00:00,한국타이어앤테크놀로지,161390,61400.0,61700.0,61100.0,61300.0,39705
2026-04-06 00:00:00+00:00,현대건설,000720,151100.0,155800.0,151100.0,155200.0,0
2026-04-06 01:00:00+00:00,현대건설,000720,155300.0,156900.0,150100.0,150300.0,145878
2026-04-06 02:00:00+00:00,현대건설,000720,150300.0,153400.0,150200.0,151350.0,87514
2026-04-06 03:00:00+00:00,현대건설,000720,151350.0,152000.0,150400.0,151000.0,58378
2026-04-06 04:00:00+00:00,현대건설,000720,151000.0,152300.0,150800.0,151200.0,58551
2026-04-06 05:00:00+00:00,현대건설,000720,151100.0,152300.0,151000.0,151400.0,55593
2026-04-07 00:00:00+00:00,현대건설,000720,155400.0,166300.0,153400.0,159800.0,629275
2026-04-07 01:00:00+00:00,현대건설,000720,159700.0,160600.0,156500.0,156600.0,176997
2026-04-07 02:00:00+00:00,현대건설,000720,156700.0,157400.0,155700.0,156000.0,105321
2026-04-07 03:00:00+00:00,현대건설,000720,156100.0,156600.0,154500.0,154700.0,88286
2026-04-07 04:00:00+00:00,현대건설,000720,154700.0,155900.0,153200.0,154400.0,102322
2026-04-07 05:00:00+00:00,현대건설,000720,154400.0,156800.0,154200.0,156500.0,98754
2026-04-08 00:00:00+00:00,현대건설,000720,165200.0,177700.0,164900.0,173100.0,1092541
2026-04-08 01:00:00+00:00,현대건설,000720,173100.0,179200.0,172600.0,174800.0,627471
2026-04-08 02:00:00+00:00,현대건설,000720,174900.0,185800.0,174000.0,185600.0,602625
2026-04-08 03:00:00+00:00,현대건설,000720,185600.0,198400.0,184200.0,187200.0,2011619
2026-04-08 04:00:00+00:00,현대건설,000720,187200.0,191400.0,182500.0,190100.0,840929
2026-04-08 05:00:00+00:00,현대건설,000720,189900.0,190400.0,186000.0,189400.0,521376
2026-04-09 00:00:00+00:00,현대건설,000720,182500.0,185800.0,177200.0,181800.0,632472
2026-04-09 01:00:00+00:00,현대건설,000720,181800.0,182700.0,177500.0,181200.0,278394
2026-04-09 02:00:00+00:00,현대건설,000720,181200.0,181700.0,179800.0,181400.0,133996
2026-04-09 03:00:00+00:00,현대건설,000720,181300.0,181900.0,178700.0,178900.0,95187
2026-04-09 04:00:00+00:00,현대건설,000720,178800.0,180200.0,178500.0,179800.0,116767
2026-04-09 05:00:00+00:00,현대건설,000720,179700.0,181200.0,179000.0,180600.0,129439
2026-04-10 00:00:00+00:00,현대건설,000720,191000.0,191100.0,179100.0,180400.0,751517
2026-04-10 01:00:00+00:00,현대건설,000720,180500.0,184100.0,180100.0,181800.0,277441
2026-04-10 02:00:00+00:00,현대건설,000720,181900.0,183400.0,181500.0,182600.0,108402
2026-04-10 03:00:00+00:00,현대건설,000720,182600.0,182700.0,181100.0,181200.0,86771
2026-04-10 04:00:00+00:00,현대건설,000720,181200.0,182700.0,181000.0,182700.0,82622
2026-04-10 05:00:00+00:00,현대건설,000720,182600.0,182600.0,180600.0,180600.0,174989
2026-04-13 00:00:00+00:00,현대건설,000720,172000.0,175700.0,170200.0,173600.0,0
2026-04-13 01:00:00+00:00,현대건설,000720,173700.0,177400.0,173400.0,175400.0,133276
2026-04-13 02:00:00+00:00,현대건설,000720,175500.0,176100.0,174100.0,175000.0,62212
2026-04-13 03:00:00+00:00,현대건설,000720,175000.0,175200.0,173100.0,175000.0,63282
2026-04-13 04:00:00+00:00,현대건설,000720,175000.0,175900.0,174100.0,175800.0,70116
2026-04-13 05:00:00+00:00,현대건설,000720,175800.0,176500.0,174800.0,175100.0,67811
2026-04-14 00:00:00+00:00,현대건설,000720,180400.0,180500.0,173900.0,177900.0,422115
2026-04-14 01:00:00+00:00,현대건설,000720,177900.0,180100.0,176600.0,176800.0,210182
2026-04-14 02:00:00+00:00,현대건설,000720,176800.0,177500.0,176200.0,176600.0,91436
2026-04-14 03:00:00+00:00,현대건설,000720,176600.0,176800.0,175700.0,176200.0,91862
2026-04-14 04:00:00+00:00,현대건설,000720,176300.0,177500.0,176000.0,177000.0,96793
2026-04-14 05:00:00+00:00,현대건설,000720,177000.0,177800.0,176500.0,176800.0,136911
2026-04-06 00:00:00+00:00,한국항공우주,047810,181000.0,191700.0,180000.0,188700.0,0
2026-04-06 01:00:00+00:00,한국항공우주,047810,188700.0,189400.0,182100.0,182600.0,97521
2026-04-06 02:00:00+00:00,한국항공우주,047810,182600.0,185700.0,182500.0,182600.0,56651
2026-04-06 03:00:00+00:00,한국항공우주,047810,182700.0,183700.0,182200.0,182800.0,27604
2026-04-06 04:00:00+00:00,한국항공우주,047810,182800.0,184150.0,182700.0,183650.0,31445
2026-04-06 05:00:00+00:00,한국항공우주,047810,183650.0,184900.0,182700.0,183100.0,38017
2026-04-07 00:00:00+00:00,한국항공우주,047810,182100.0,188300.0,182000.0,187900.0,131798
2026-04-07 01:00:00+00:00,한국항공우주,047810,187900.0,188000.0,183300.0,183400.0,64659
2026-04-07 02:00:00+00:00,한국항공우주,047810,183400.0,185100.0,182700.0,185000.0,47430
2026-04-07 03:00:00+00:00,한국항공우주,047810,185100.0,186300.0,184400.0,185600.0,36237
2026-04-07 04:00:00+00:00,한국항공우주,047810,185600.0,187500.0,184000.0,186400.0,77379
2026-04-07 05:00:00+00:00,한국항공우주,047810,186400.0,187600.0,185800.0,186600.0,62734
2026-04-08 00:00:00+00:00,한국항공우주,047810,190400.0,192400.0,186200.0,186300.0,250503
2026-04-08 01:00:00+00:00,한국항공우주,047810,186400.0,188400.0,185500.0,187600.0,84242
2026-04-08 02:00:00+00:00,한국항공우주,047810,187400.0,188500.0,187000.0,187600.0,46128
2026-04-08 03:00:00+00:00,한국항공우주,047810,187600.0,189100.0,187500.0,188700.0,38457
2026-04-08 04:00:00+00:00,한국항공우주,047810,188700.0,189100.0,188100.0,188800.0,46312
2026-04-08 05:00:00+00:00,한국항공우주,047810,188800.0,189600.0,188500.0,189200.0,55526
2026-04-09 00:00:00+00:00,한국항공우주,047810,193400.0,193400.0,187300.0,189000.0,165312
2026-04-09 01:00:00+00:00,한국항공우주,047810,189100.0,189900.0,188300.0,189500.0,55821
2026-04-09 02:00:00+00:00,한국항공우주,047810,189500.0,190700.0,189100.0,190000.0,53535
2026-04-09 03:00:00+00:00,한국항공우주,047810,189900.0,190400.0,189400.0,190000.0,38306
2026-04-09 04:00:00+00:00,한국항공우주,047810,190000.0,191900.0,189600.0,189600.0,62806
2026-04-09 05:00:00+00:00,한국항공우주,047810,189600.0,200000.0,189200.0,200000.0,382848
2026-04-10 00:00:00+00:00,한국항공우주,047810,201500.0,205500.0,198700.0,203000.0,223846
2026-04-10 01:00:00+00:00,한국항공우주,047810,203000.0,204500.0,200000.0,200000.0,75172
2026-04-10 02:00:00+00:00,한국항공우주,047810,200500.0,201500.0,199500.0,200500.0,45249
2026-04-10 03:00:00+00:00,한국항공우주,047810,200000.0,200500.0,199500.0,200000.0,40218
2026-04-10 04:00:00+00:00,한국항공우주,047810,200000.0,200500.0,198600.0,199800.0,65240
2026-04-10 05:00:00+00:00,한국항공우주,047810,199900.0,200500.0,199500.0,200000.0,51295
2026-04-13 00:00:00+00:00,한국항공우주,047810,198700.0,198800.0,191000.0,192000.0,0
2026-04-13 01:00:00+00:00,한국항공우주,047810,191900.0,193900.0,191900.0,192700.0,58527
2026-04-13 02:00:00+00:00,한국항공우주,047810,192700.0,193900.0,192300.0,193900.0,36237
2026-04-13 03:00:00+00:00,한국항공우주,047810,193800.0,193900.0,192500.0,192800.0,28946
2026-04-13 04:00:00+00:00,한국항공우주,047810,192700.0,194000.0,192300.0,192700.0,37402
2026-04-13 05:00:00+00:00,한국항공우주,047810,192700.0,193100.0,192500.0,192600.0,41568
2026-04-14 00:00:00+00:00,한국항공우주,047810,193400.0,196600.0,193400.0,195300.0,114053
2026-04-14 01:00:00+00:00,한국항공우주,047810,195300.0,196400.0,193500.0,194300.0,74932
2026-04-14 02:00:00+00:00,한국항공우주,047810,194400.0,195300.0,194100.0,194300.0,36295
2026-04-14 03:00:00+00:00,한국항공우주,047810,194200.0,194400.0,193600.0,193900.0,23175
2026-04-14 04:00:00+00:00,한국항공우주,047810,193900.0,194900.0,193800.0,194100.0,27478
2026-04-14 05:00:00+00:00,한국항공우주,047810,194000.0,194600.0,193600.0,193600.0,40094
2026-04-06 00:00:00+00:00,현대오토에버,307950,380000.0,384500.0,376500.0,377500.0,0
2026-04-06 01:00:00+00:00,현대오토에버,307950,378000.0,379000.0,368000.0,368500.0,10794
2026-04-06 02:00:00+00:00,현대오토에버,307950,368500.0,377500.0,368000.0,372500.0,6477
2026-04-06 03:00:00+00:00,현대오토에버,307950,372750.0,373000.0,370000.0,370000.0,3510
2026-04-06 04:00:00+00:00,현대오토에버,307950,370500.0,373500.0,370000.0,371500.0,4053
2026-04-06 05:00:00+00:00,현대오토에버,307950,372000.0,376000.0,371000.0,371000.0,4432
2026-04-07 00:00:00+00:00,현대오토에버,307950,380000.0,383000.0,372000.0,372500.0,10337
2026-04-07 01:00:00+00:00,현대오토에버,307950,372500.0,372500.0,366000.0,366500.0,7882
2026-04-07 02:00:00+00:00,현대오토에버,307950,366500.0,367500.0,365000.0,367000.0,3812
2026-04-07 03:00:00+00:00,현대오토에버,307950,366500.0,369500.0,366000.0,367000.0,3031
2026-04-07 04:00:00+00:00,현대오토에버,307950,366500.0,368500.0,365000.0,367000.0,3391
2026-04-07 05:00:00+00:00,현대오토에버,307950,366500.0,368500.0,365500.0,367500.0,3086
2026-04-08 00:00:00+00:00,현대오토에버,307950,393500.0,397500.0,387000.0,389250.0,24096
2026-04-08 01:00:00+00:00,현대오토에버,307950,389000.0,395000.0,387500.0,394000.0,11057
2026-04-08 02:00:00+00:00,현대오토에버,307950,394500.0,404000.0,394000.0,400500.0,15562
2026-04-08 03:00:00+00:00,현대오토에버,307950,400500.0,409500.0,400500.0,405500.0,15923
2026-04-08 04:00:00+00:00,현대오토에버,307950,405500.0,411500.0,405000.0,409000.0,13268
2026-04-08 05:00:00+00:00,현대오토에버,307950,409500.0,410500.0,406000.0,409000.0,8409
2026-04-09 00:00:00+00:00,현대오토에버,307950,421500.0,421500.0,408500.0,408500.0,25890
2026-04-09 01:00:00+00:00,현대오토에버,307950,408500.0,410500.0,405500.0,409000.0,10239
2026-04-09 02:00:00+00:00,현대오토에버,307950,408750.0,411500.0,406000.0,407500.0,6034
2026-04-09 03:00:00+00:00,현대오토에버,307950,407000.0,407500.0,404500.0,404750.0,6795
2026-04-09 04:00:00+00:00,현대오토에버,307950,404500.0,409000.0,403500.0,408000.0,8074
2026-04-09 05:00:00+00:00,현대오토에버,307950,407500.0,408000.0,388000.0,389500.0,28660
2026-04-10 00:00:00+00:00,현대오토에버,307950,406500.0,406500.0,391500.0,394500.0,23606
2026-04-10 01:00:00+00:00,현대오토에버,307950,394000.0,398500.0,394000.0,394500.0,10549
2026-04-10 02:00:00+00:00,현대오토에버,307950,394500.0,394500.0,392500.0,394000.0,7966
2026-04-10 03:00:00+00:00,현대오토에버,307950,393500.0,394500.0,392000.0,392000.0,6586
2026-04-10 04:00:00+00:00,현대오토에버,307950,392000.0,394000.0,392000.0,393500.0,5211
2026-04-10 05:00:00+00:00,현대오토에버,307950,393500.0,394500.0,393000.0,393000.0,5761
2026-04-13 00:00:00+00:00,현대오토에버,307950,385500.0,385500.0,379500.0,382500.0,0
2026-04-13 01:00:00+00:00,현대오토에버,307950,382500.0,384500.0,381000.0,381500.0,8869
2026-04-13 02:00:00+00:00,현대오토에버,307950,381000.0,381500.0,379000.0,380000.0,10733
2026-04-13 03:00:00+00:00,현대오토에버,307950,380500.0,382000.0,379000.0,380500.0,7543
2026-04-13 04:00:00+00:00,현대오토에버,307950,380000.0,381500.0,379500.0,380500.0,6739
2026-04-13 05:00:00+00:00,현대오토에버,307950,380500.0,383500.0,380000.0,382500.0,11881
2026-04-14 00:00:00+00:00,현대오토에버,307950,401000.0,404500.0,396000.0,403000.0,20147
2026-04-14 01:00:00+00:00,현대오토에버,307950,403000.0,405500.0,400500.0,405000.0,13044
2026-04-14 02:00:00+00:00,현대오토에버,307950,404500.0,405000.0,400000.0,404000.0,4654
2026-04-14 03:00:00+00:00,현대오토에버,307950,403500.0,406000.0,402500.0,403500.0,10168
2026-04-14 04:00:00+00:00,현대오토에버,307950,404000.0,405000.0,402500.0,402500.0,3415
2026-04-14 05:00:00+00:00,현대오토에버,307950,402500.0,402500.0,400500.0,401500.0,4435
2026-04-06 00:00:00+00:00,오리온,271560,129500.0,130600.0,129000.0,129900.0,0
2026-04-06 01:00:00+00:00,오리온,271560,129900.0,130100.0,129000.0,129300.0,6375
2026-04-06 02:00:00+00:00,오리온,271560,129300.0,132000.0,129300.0,130100.0,11788
2026-04-06 03:00:00+00:00,오리온,271560,129800.0,131200.0,129800.0,130400.0,10811
2026-04-06 04:00:00+00:00,오리온,271560,130000.0,131500.0,130000.0,131500.0,18314
2026-04-06 05:00:00+00:00,오리온,271560,131000.0,131800.0,130000.0,130300.0,14464
2026-04-07 00:00:00+00:00,오리온,271560,129700.0,131400.0,129100.0,130700.0,9161
2026-04-07 01:00:00+00:00,오리온,271560,130700.0,130800.0,129500.0,129500.0,7032
2026-04-07 02:00:00+00:00,오리온,271560,129500.0,130200.0,129200.0,129500.0,8753
2026-04-07 03:00:00+00:00,오리온,271560,129400.0,130200.0,129100.0,129600.0,7383
2026-04-07 04:00:00+00:00,오리온,271560,129500.0,129900.0,128400.0,128600.0,12423
2026-04-07 05:00:00+00:00,오리온,271560,128500.0,129000.0,128100.0,128400.0,24005
2026-04-08 00:00:00+00:00,오리온,271560,133100.0,135000.0,129700.0,129700.0,28444
2026-04-08 01:00:00+00:00,오리온,271560,129700.0,131200.0,129300.0,130000.0,12285
2026-04-08 02:00:00+00:00,오리온,271560,130000.0,130900.0,129700.0,129700.0,7709
2026-04-08 03:00:00+00:00,오리온,271560,129700.0,130800.0,129700.0,129700.0,11793
2026-04-08 04:00:00+00:00,오리온,271560,129700.0,130000.0,129000.0,129500.0,19396
2026-04-08 05:00:00+00:00,오리온,271560,129500.0,130300.0,129400.0,130000.0,19932
2026-04-09 00:00:00+00:00,오리온,271560,130800.0,131300.0,129600.0,129700.0,9931
2026-04-09 01:00:00+00:00,오리온,271560,129500.0,130500.0,129500.0,130100.0,8467
2026-04-09 02:00:00+00:00,오리온,271560,129800.0,130400.0,129700.0,129950.0,6694
2026-04-09 03:00:00+00:00,오리온,271560,130000.0,130600.0,129800.0,130300.0,8325
2026-04-09 04:00:00+00:00,오리온,271560,130300.0,130600.0,129400.0,129900.0,12883
2026-04-09 05:00:00+00:00,오리온,271560,129700.0,130300.0,129600.0,129700.0,9093
2026-04-10 00:00:00+00:00,오리온,271560,130400.0,132500.0,130200.0,131200.0,13703
2026-04-10 01:00:00+00:00,오리온,271560,131200.0,131800.0,130700.0,131200.0,6649
2026-04-10 02:00:00+00:00,오리온,271560,131200.0,131600.0,130800.0,131550.0,5329
2026-04-10 03:00:00+00:00,오리온,271560,131550.0,132300.0,131300.0,131850.0,9344
2026-04-10 04:00:00+00:00,오리온,271560,131850.0,133400.0,131600.0,133400.0,15506
2026-04-10 05:00:00+00:00,오리온,271560,133400.0,133600.0,131700.0,132000.0,16012
2026-04-13 00:00:00+00:00,오리온,271560,131000.0,132800.0,130400.0,131500.0,0
2026-04-13 01:00:00+00:00,오리온,271560,131500.0,133600.0,131000.0,133200.0,5790
2026-04-13 02:00:00+00:00,오리온,271560,133200.0,133800.0,131700.0,131900.0,8818
2026-04-13 03:00:00+00:00,오리온,271560,131900.0,132150.0,131200.0,131300.0,8090
2026-04-13 04:00:00+00:00,오리온,271560,131300.0,131550.0,130900.0,131000.0,9893
2026-04-13 05:00:00+00:00,오리온,271560,131000.0,131500.0,130800.0,130850.0,12576
2026-04-14 00:00:00+00:00,오리온,271560,131400.0,132700.0,129800.0,130900.0,20059
2026-04-14 01:00:00+00:00,오리온,271560,130900.0,131300.0,130400.0,130500.0,14372
2026-04-14 02:00:00+00:00,오리온,271560,130500.0,131100.0,130100.0,130700.0,12806
2026-04-14 03:00:00+00:00,오리온,271560,130600.0,131000.0,130400.0,130700.0,7374
2026-04-14 04:00:00+00:00,오리온,271560,130700.0,131100.0,130400.0,130800.0,12104
2026-04-14 05:00:00+00:00,오리온,271560,130800.0,131200.0,130700.0,131000.0,22855
2026-04-06 00:00:00+00:00,현대로템,064350,208000.0,216000.0,207000.0,212000.0,0
2026-04-06 01:00:00+00:00,현대로템,064350,212000.0,213000.0,210000.0,210500.0,75977
2026-04-06 02:00:00+00:00,현대로템,064350,210000.0,213000.0,207500.0,208500.0,75935
2026-04-06 03:00:00+00:00,현대로템,064350,208000.0,209500.0,207000.0,209500.0,52273
2026-04-06 04:00:00+00:00,현대로템,064350,209000.0,211500.0,208500.0,210000.0,66203
2026-04-06 05:00:00+00:00,현대로템,064350,210500.0,212000.0,210000.0,210500.0,56168
2026-04-07 00:00:00+00:00,현대로템,064350,207500.0,218000.0,207500.0,215000.0,203024
2026-04-07 01:00:00+00:00,현대로템,064350,215000.0,215000.0,208500.0,208500.0,81769
2026-04-07 02:00:00+00:00,현대로템,064350,208500.0,209000.0,206500.0,208500.0,64085
2026-04-07 03:00:00+00:00,현대로템,064350,208000.0,210000.0,207500.0,209500.0,49741
2026-04-07 04:00:00+00:00,현대로템,064350,209000.0,209500.0,206500.0,209000.0,69874
2026-04-07 05:00:00+00:00,현대로템,064350,209500.0,212000.0,208500.0,211500.0,90735
2026-04-08 00:00:00+00:00,현대로템,064350,208500.0,213000.0,206000.0,209500.0,284702
2026-04-08 01:00:00+00:00,현대로템,064350,209000.0,209500.0,204500.0,205500.0,122336
2026-04-08 02:00:00+00:00,현대로템,064350,205000.0,206500.0,203500.0,205000.0,110605
2026-04-08 03:00:00+00:00,현대로템,064350,205000.0,205500.0,204000.0,204000.0,71478
2026-04-08 04:00:00+00:00,현대로템,064350,204000.0,206500.0,203500.0,206000.0,95888
2026-04-08 05:00:00+00:00,현대로템,064350,206000.0,207500.0,205500.0,207500.0,102489
2026-04-09 00:00:00+00:00,현대로템,064350,209500.0,211000.0,205500.0,207500.0,92450
2026-04-09 01:00:00+00:00,현대로템,064350,208000.0,208500.0,204500.0,206500.0,78218
2026-04-09 02:00:00+00:00,현대로템,064350,206500.0,207500.0,204500.0,204500.0,62723
2026-04-09 03:00:00+00:00,현대로템,064350,204500.0,205000.0,203000.0,205000.0,63329
2026-04-09 04:00:00+00:00,현대로템,064350,204750.0,207500.0,204000.0,204000.0,79029
2026-04-09 05:00:00+00:00,현대로템,064350,204500.0,206500.0,203500.0,205500.0,92090
2026-04-10 00:00:00+00:00,현대로템,064350,203000.0,205000.0,201000.0,204000.0,118398
2026-04-10 01:00:00+00:00,현대로템,064350,204000.0,205500.0,203000.0,204500.0,54443
2026-04-10 02:00:00+00:00,현대로템,064350,204500.0,209000.0,204500.0,207000.0,183888
2026-04-10 03:00:00+00:00,현대로템,064350,206500.0,208500.0,206500.0,208000.0,87585
2026-04-10 04:00:00+00:00,현대로템,064350,208000.0,209000.0,206000.0,209000.0,92924
2026-04-10 05:00:00+00:00,현대로템,064350,208500.0,209500.0,208000.0,209000.0,99717
2026-04-13 00:00:00+00:00,현대로템,064350,210500.0,212000.0,204000.0,206500.0,0
2026-04-13 01:00:00+00:00,현대로템,064350,206500.0,208000.0,205500.0,205500.0,42753
2026-04-13 02:00:00+00:00,현대로템,064350,206000.0,206500.0,204000.0,206000.0,41539
2026-04-13 03:00:00+00:00,현대로템,064350,206000.0,208000.0,205500.0,207000.0,36823
2026-04-13 04:00:00+00:00,현대로템,064350,207000.0,208000.0,205500.0,207500.0,55456
2026-04-13 05:00:00+00:00,현대로템,064350,207000.0,210000.0,206500.0,209500.0,92774
2026-04-14 00:00:00+00:00,현대로템,064350,209000.0,221500.0,209000.0,215500.0,476884
2026-04-14 01:00:00+00:00,현대로템,064350,216000.0,216000.0,213000.0,214000.0,109905
2026-04-14 02:00:00+00:00,현대로템,064350,214000.0,214000.0,212000.0,213500.0,72410
2026-04-14 03:00:00+00:00,현대로템,064350,213000.0,214000.0,212500.0,213000.0,53418
2026-04-14 04:00:00+00:00,현대로템,064350,213000.0,214000.0,212500.0,213500.0,80372
2026-04-14 05:00:00+00:00,현대로템,064350,214000.0,214500.0,213000.0,213000.0,77009
2026-04-06 00:00:00+00:00,현대해상,001450,29950.0,30250.0,29700.0,29850.0,0
2026-04-06 01:00:00+00:00,현대해상,001450,29850.0,29950.0,29700.0,29750.0,26761
2026-04-06 02:00:00+00:00,현대해상,001450,29700.0,30250.0,29700.0,29800.0,26107
2026-04-06 03:00:00+00:00,현대해상,001450,29800.0,29850.0,29700.0,29800.0,16269
2026-04-06 04:00:00+00:00,현대해상,001450,29800.0,30000.0,29700.0,29850.0,15818
2026-04-06 05:00:00+00:00,현대해상,001450,29900.0,30050.0,29800.0,29850.0,19082
2026-04-07 00:00:00+00:00,현대해상,001450,29950.0,30150.0,29900.0,30100.0,54032
2026-04-07 01:00:00+00:00,현대해상,001450,30050.0,30150.0,29700.0,29750.0,51936
2026-04-07 02:00:00+00:00,현대해상,001450,29750.0,29850.0,29650.0,29700.0,34081
2026-04-07 03:00:00+00:00,현대해상,001450,29750.0,29750.0,29500.0,29550.0,30526
2026-04-07 04:00:00+00:00,현대해상,001450,29500.0,29650.0,29450.0,29550.0,30276
2026-04-07 05:00:00+00:00,현대해상,001450,29550.0,29600.0,29450.0,29550.0,42418
2026-04-08 00:00:00+00:00,현대해상,001450,30650.0,31150.0,30000.0,30000.0,170469
2026-04-08 01:00:00+00:00,현대해상,001450,30025.0,30100.0,29750.0,29850.0,101926
2026-04-08 02:00:00+00:00,현대해상,001450,29850.0,30000.0,29850.0,29875.0,84156
2026-04-08 03:00:00+00:00,현대해상,001450,29875.0,30150.0,29875.0,30000.0,61202
2026-04-08 04:00:00+00:00,현대해상,001450,30000.0,30100.0,29950.0,30050.0,84233
2026-04-08 05:00:00+00:00,현대해상,001450,30000.0,30300.0,30000.0,30150.0,102506
2026-04-09 00:00:00+00:00,현대해상,001450,30000.0,30150.0,29650.0,29700.0,102313
2026-04-09 01:00:00+00:00,현대해상,001450,29700.0,29850.0,29650.0,29800.0,43733
2026-04-09 02:00:00+00:00,현대해상,001450,29775.0,29850.0,29700.0,29800.0,50058
2026-04-09 03:00:00+00:00,현대해상,001450,29850.0,29900.0,29750.0,29850.0,24895
2026-04-09 04:00:00+00:00,현대해상,001450,29800.0,29900.0,29750.0,29750.0,26355
2026-04-09 05:00:00+00:00,현대해상,001450,29775.0,29850.0,29750.0,29800.0,32137
2026-04-10 00:00:00+00:00,현대해상,001450,30000.0,30600.0,29950.0,30250.0,138370
2026-04-10 01:00:00+00:00,현대해상,001450,30250.0,30550.0,30250.0,30350.0,36001
2026-04-10 02:00:00+00:00,현대해상,001450,30350.0,30450.0,30250.0,30400.0,19917
2026-04-10 03:00:00+00:00,현대해상,001450,30400.0,30550.0,30350.0,30450.0,30096
2026-04-10 04:00:00+00:00,현대해상,001450,30450.0,30450.0,30250.0,30300.0,40082
2026-04-10 05:00:00+00:00,현대해상,001450,30350.0,30400.0,30200.0,30300.0,49731
2026-04-13 00:00:00+00:00,현대해상,001450,30000.0,30050.0,29750.0,30000.0,0
2026-04-13 01:00:00+00:00,현대해상,001450,30000.0,30000.0,29800.0,29800.0,38232
2026-04-13 02:00:00+00:00,현대해상,001450,29800.0,29950.0,29750.0,29750.0,34761
2026-04-13 03:00:00+00:00,현대해상,001450,29800.0,29800.0,29700.0,29750.0,35129
2026-04-13 04:00:00+00:00,현대해상,001450,29750.0,29800.0,29650.0,29750.0,33396
2026-04-13 05:00:00+00:00,현대해상,001450,29750.0,29800.0,29700.0,29700.0,28777
2026-04-14 00:00:00+00:00,현대해상,001450,30050.0,30300.0,29950.0,30250.0,90457
2026-04-14 01:00:00+00:00,현대해상,001450,30300.0,30300.0,30050.0,30100.0,49105
2026-04-14 02:00:00+00:00,현대해상,001450,30050.0,30150.0,29950.0,29950.0,38964
2026-04-14 03:00:00+00:00,현대해상,001450,29950.0,30100.0,29950.0,30050.0,37457
2026-04-14 04:00:00+00:00,현대해상,001450,30050.0,30200.0,30000.0,30100.0,39846
2026-04-14 05:00:00+00:00,현대해상,001450,30100.0,30250.0,30050.0,30200.0,46196
2026-04-06 00:00:00+00:00,GS리테일,007070,21450.0,22250.0,21400.0,22150.0,0
2026-04-06 01:00:00+00:00,GS리테일,007070,22150.0,22300.0,21850.0,22000.0,14697
2026-04-06 02:00:00+00:00,GS리테일,007070,21950.0,22250.0,21850.0,21850.0,17774
2026-04-06 03:00:00+00:00,GS리테일,007070,21850.0,22050.0,21750.0,22000.0,11335
2026-04-06 04:00:00+00:00,GS리테일,007070,21950.0,22250.0,21850.0,22150.0,15157
2026-04-06 05:00:00+00:00,GS리테일,007070,22100.0,22250.0,21900.0,22000.0,17401
2026-04-07 00:00:00+00:00,GS리테일,007070,21700.0,22400.0,21650.0,22300.0,23187
2026-04-07 01:00:00+00:00,GS리테일,007070,22300.0,22500.0,22200.0,22250.0,17397
2026-04-07 02:00:00+00:00,GS리테일,007070,22200.0,22350.0,22050.0,22200.0,11341
2026-04-07 03:00:00+00:00,GS리테일,007070,22200.0,22400.0,22150.0,22250.0,9042
2026-04-07 04:00:00+00:00,GS리테일,007070,22250.0,22300.0,22000.0,22100.0,14874
2026-04-07 05:00:00+00:00,GS리테일,007070,22100.0,22200.0,21950.0,22100.0,23119
2026-04-08 00:00:00+00:00,GS리테일,007070,22750.0,23200.0,22100.0,22150.0,32511
2026-04-08 01:00:00+00:00,GS리테일,007070,22150.0,22300.0,21850.0,22000.0,21901
2026-04-08 02:00:00+00:00,GS리테일,007070,21950.0,22100.0,21800.0,21800.0,20167
2026-04-08 03:00:00+00:00,GS리테일,007070,21850.0,21950.0,21750.0,21800.0,16581
2026-04-08 04:00:00+00:00,GS리테일,007070,21800.0,21850.0,21650.0,21700.0,15968
2026-04-08 05:00:00+00:00,GS리테일,007070,21700.0,21900.0,21250.0,21550.0,77118
2026-04-09 00:00:00+00:00,GS리테일,007070,21450.0,22050.0,21450.0,21850.0,29077
2026-04-09 01:00:00+00:00,GS리테일,007070,21900.0,22400.0,21850.0,22350.0,32081
2026-04-09 02:00:00+00:00,GS리테일,007070,22400.0,22500.0,22200.0,22500.0,28231
2026-04-09 03:00:00+00:00,GS리테일,007070,22500.0,22500.0,22400.0,22450.0,15896
2026-04-09 04:00:00+00:00,GS리테일,007070,22450.0,22500.0,22150.0,22250.0,19145
2026-04-09 05:00:00+00:00,GS리테일,007070,22150.0,22350.0,22100.0,22200.0,17642
2026-04-10 00:00:00+00:00,GS리테일,007070,22250.0,22700.0,22150.0,22400.0,24393
2026-04-10 01:00:00+00:00,GS리테일,007070,22400.0,22450.0,22200.0,22200.0,14800
2026-04-10 02:00:00+00:00,GS리테일,007070,22200.0,22350.0,22100.0,22200.0,21143
2026-04-10 03:00:00+00:00,GS리테일,007070,22200.0,22300.0,22100.0,22100.0,18588
2026-04-10 04:00:00+00:00,GS리테일,007070,22100.0,22200.0,22050.0,22150.0,19344
2026-04-10 05:00:00+00:00,GS리테일,007070,22100.0,22200.0,22050.0,22050.0,19585
2026-04-13 00:00:00+00:00,GS리테일,007070,22150.0,22250.0,21850.0,22000.0,0
2026-04-13 01:00:00+00:00,GS리테일,007070,22000.0,22200.0,21900.0,22150.0,5093
2026-04-13 02:00:00+00:00,GS리테일,007070,22150.0,22200.0,21800.0,21900.0,9212
2026-04-13 03:00:00+00:00,GS리테일,007070,21950.0,21950.0,21750.0,21950.0,5294
2026-04-13 04:00:00+00:00,GS리테일,007070,21900.0,22100.0,21850.0,22000.0,7845
2026-04-13 05:00:00+00:00,GS리테일,007070,22000.0,22100.0,21850.0,21950.0,8943
2026-04-14 00:00:00+00:00,GS리테일,007070,21850.0,22300.0,21750.0,22200.0,22946
2026-04-14 01:00:00+00:00,GS리테일,007070,22250.0,22300.0,22050.0,22150.0,21193
2026-04-14 02:00:00+00:00,GS리테일,007070,22150.0,22400.0,22150.0,22350.0,15665
2026-04-14 03:00:00+00:00,GS리테일,007070,22300.0,22450.0,22250.0,22450.0,16517
2026-04-14 04:00:00+00:00,GS리테일,007070,22450.0,22600.0,22400.0,22400.0,21726
2026-04-14 05:00:00+00:00,GS리테일,007070,22400.0,22650.0,22350.0,22600.0,23044
2026-04-06 00:00:00+00:00,팬오션,028670,5280.0,5300.0,5130.0,5190.0,0
2026-04-06 01:00:00+00:00,팬오션,028670,5170.0,5230.0,5150.0,5190.0,371639
2026-04-06 02:00:00+00:00,팬오션,028670,5200.0,5230.0,5170.0,5170.0,333819
2026-04-06 03:00:00+00:00,팬오션,028670,5180.0,5200.0,5140.0,5160.0,296195
2026-04-06 04:00:00+00:00,팬오션,028670,5150.0,5230.0,5130.0,5220.0,260135
2026-04-06 05:00:00+00:00,팬오션,028670,5225.0,5290.0,5190.0,5240.0,1008544
2026-04-07 00:00:00+00:00,팬오션,028670,5220.0,5320.0,5200.0,5220.0,924217
2026-04-07 01:00:00+00:00,팬오션,028670,5210.0,5230.0,5150.0,5150.0,487130
2026-04-07 02:00:00+00:00,팬오션,028670,5160.0,5170.0,5110.0,5130.0,264709
2026-04-07 03:00:00+00:00,팬오션,028670,5140.0,5150.0,5120.0,5130.0,147512
2026-04-07 04:00:00+00:00,팬오션,028670,5130.0,5180.0,5120.0,5150.0,218197
2026-04-07 05:00:00+00:00,팬오션,028670,5140.0,5150.0,5120.0,5140.0,344705
2026-04-08 00:00:00+00:00,팬오션,028670,5360.0,5490.0,5220.0,5240.0,2295463
2026-04-08 01:00:00+00:00,팬오션,028670,5240.0,5270.0,5180.0,5220.0,477821
2026-04-08 02:00:00+00:00,팬오션,028670,5210.0,5250.0,5190.0,5190.0,196990
2026-04-08 03:00:00+00:00,팬오션,028670,5200.0,5205.0,5170.0,5190.0,296676
2026-04-08 04:00:00+00:00,팬오션,028670,5190.0,5200.0,5140.0,5160.0,494836
2026-04-08 05:00:00+00:00,팬오션,028670,5150.0,5200.0,5150.0,5170.0,417426
2026-04-09 00:00:00+00:00,팬오션,028670,5180.0,5220.0,5040.0,5080.0,867801
2026-04-09 01:00:00+00:00,팬오션,028670,5080.0,5140.0,5050.0,5130.0,195879
2026-04-09 02:00:00+00:00,팬오션,028670,5120.0,5130.0,5090.0,5120.0,87106
2026-04-09 03:00:00+00:00,팬오션,028670,5120.0,5170.0,5100.0,5160.0,147823
2026-04-09 04:00:00+00:00,팬오션,028670,5150.0,5200.0,5150.0,5170.0,316529
2026-04-09 05:00:00+00:00,팬오션,028670,5165.0,5190.0,5160.0,5160.0,241185
2026-04-10 00:00:00+00:00,팬오션,028670,5210.0,5350.0,5210.0,5260.0,970255
2026-04-10 01:00:00+00:00,팬오션,028670,5260.0,5470.0,5260.0,5460.0,1338287
2026-04-10 02:00:00+00:00,팬오션,028670,5460.0,5520.0,5400.0,5490.0,1581400
2026-04-10 03:00:00+00:00,팬오션,028670,5490.0,5520.0,5360.0,5370.0,1179990
2026-04-10 04:00:00+00:00,팬오션,028670,5370.0,5420.0,5330.0,5360.0,587104
2026-04-10 05:00:00+00:00,팬오션,028670,5360.0,5460.0,5330.0,5400.0,983505
2026-04-13 00:00:00+00:00,팬오션,028670,5380.0,5510.0,5290.0,5380.0,0
2026-04-13 01:00:00+00:00,팬오션,028670,5380.0,5550.0,5360.0,5440.0,1095743
2026-04-13 02:00:00+00:00,팬오션,028670,5440.0,5470.0,5420.0,5460.0,331973
2026-04-13 03:00:00+00:00,팬오션,028670,5460.0,5470.0,5430.0,5460.0,298313
2026-04-13 04:00:00+00:00,팬오션,028670,5450.0,5460.0,5410.0,5430.0,338315
2026-04-13 05:00:00+00:00,팬오션,028670,5425.0,5450.0,5400.0,5420.0,422062
2026-04-14 00:00:00+00:00,팬오션,028670,5450.0,5500.0,5220.0,5260.0,1756254
2026-04-14 01:00:00+00:00,팬오션,028670,5270.0,5270.0,5180.0,5230.0,1032944
2026-04-14 02:00:00+00:00,팬오션,028670,5230.0,5270.0,5220.0,5220.0,407734
2026-04-14 03:00:00+00:00,팬오션,028670,5230.0,5260.0,5210.0,5260.0,531379
2026-04-14 04:00:00+00:00,팬오션,028670,5260.0,5290.0,5240.0,5260.0,475504
2026-04-14 05:00:00+00:00,팬오션,028670,5270.0,5300.0,5250.0,5280.0,501072
2026-04-06 00:00:00+00:00,이마트,139480,89800.0,91200.0,89800.0,90500.0,0
2026-04-06 01:00:00+00:00,이마트,139480,90400.0,90900.0,89900.0,90000.0,19352
2026-04-06 02:00:00+00:00,이마트,139480,90000.0,91800.0,89900.0,90500.0,17925
2026-04-06 03:00:00+00:00,이마트,139480,90500.0,90700.0,90200.0,90600.0,11040
2026-04-06 04:00:00+00:00,이마트,139480,90500.0,91200.0,90500.0,91000.0,6714
2026-04-06 05:00:00+00:00,이마트,139480,91000.0,91400.0,90600.0,90600.0,9524
2026-04-07 00:00:00+00:00,이마트,139480,90800.0,95300.0,90800.0,94400.0,50306
2026-04-07 01:00:00+00:00,이마트,139480,94400.0,94600.0,92000.0,92100.0,25108
2026-04-07 02:00:00+00:00,이마트,139480,92100.0,92200.0,91200.0,91700.0,21643
2026-04-07 03:00:00+00:00,이마트,139480,91700.0,92400.0,91600.0,91600.0,18766
2026-04-07 04:00:00+00:00,이마트,139480,91600.0,91900.0,91400.0,91600.0,16260
2026-04-07 05:00:00+00:00,이마트,139480,91600.0,92000.0,91300.0,91700.0,22017
2026-04-08 00:00:00+00:00,이마트,139480,94400.0,95500.0,94000.0,94200.0,42162
2026-04-08 01:00:00+00:00,이마트,139480,94300.0,94400.0,92800.0,92800.0,82679
2026-04-08 02:00:00+00:00,이마트,139480,92900.0,93900.0,92800.0,93500.0,30755
2026-04-08 03:00:00+00:00,이마트,139480,93500.0,93900.0,93300.0,93800.0,15704
2026-04-08 04:00:00+00:00,이마트,139480,93800.0,94000.0,93000.0,93600.0,32777
2026-04-08 05:00:00+00:00,이마트,139480,93700.0,94000.0,93400.0,93500.0,28710
2026-04-09 00:00:00+00:00,이마트,139480,93600.0,95300.0,93300.0,94900.0,40349
2026-04-09 01:00:00+00:00,이마트,139480,94900.0,95400.0,94600.0,95200.0,21099
2026-04-09 02:00:00+00:00,이마트,139480,95000.0,95300.0,94600.0,95000.0,10097
2026-04-09 03:00:00+00:00,이마트,139480,94900.0,95100.0,94000.0,94200.0,31801
2026-04-09 04:00:00+00:00,이마트,139480,94100.0,94500.0,93500.0,93600.0,40700
2026-04-09 05:00:00+00:00,이마트,139480,93600.0,93800.0,92700.0,93400.0,52507
2026-04-10 00:00:00+00:00,이마트,139480,95000.0,95100.0,94000.0,94300.0,23944
2026-04-10 01:00:00+00:00,이마트,139480,94200.0,95000.0,94000.0,94500.0,20021
2026-04-10 02:00:00+00:00,이마트,139480,94600.0,95400.0,94400.0,95000.0,16996
2026-04-10 03:00:00+00:00,이마트,139480,95000.0,95200.0,94800.0,94900.0,12889
2026-04-10 04:00:00+00:00,이마트,139480,94900.0,95100.0,94000.0,94100.0,26921
2026-04-10 05:00:00+00:00,이마트,139480,94000.0,94500.0,93900.0,94200.0,33551
2026-04-13 00:00:00+00:00,이마트,139480,92700.0,93300.0,92100.0,92400.0,0
2026-04-13 01:00:00+00:00,이마트,139480,92400.0,93000.0,91800.0,92600.0,44831
2026-04-13 02:00:00+00:00,이마트,139480,92600.0,92700.0,91700.0,91900.0,36268
2026-04-13 03:00:00+00:00,이마트,139480,91900.0,92300.0,91500.0,92100.0,42481
2026-04-13 04:00:00+00:00,이마트,139480,92200.0,92400.0,91800.0,92200.0,33279
2026-04-13 05:00:00+00:00,이마트,139480,92300.0,92500.0,91900.0,91900.0,18850
2026-04-14 00:00:00+00:00,이마트,139480,93100.0,96000.0,93100.0,95800.0,66135
2026-04-14 01:00:00+00:00,이마트,139480,95800.0,95900.0,95100.0,95400.0,29436
2026-04-14 02:00:00+00:00,이마트,139480,95300.0,96600.0,95300.0,96300.0,28359
2026-04-14 03:00:00+00:00,이마트,139480,96300.0,96900.0,96100.0,96750.0,21470
2026-04-14 04:00:00+00:00,이마트,139480,96750.0,96900.0,95900.0,96100.0,19124
2026-04-14 05:00:00+00:00,이마트,139480,96000.0,98000.0,95900.0,97600.0,60621
2026-04-06 00:00:00+00:00,에스원,012750,86500.0,89000.0,86300.0,87700.0,0
2026-04-06 01:00:00+00:00,에스원,012750,87700.0,88100.0,86600.0,86700.0,4347
2026-04-06 02:00:00+00:00,에스원,012750,86800.0,88700.0,86700.0,86800.0,6098
2026-04-06 03:00:00+00:00,에스원,012750,87000.0,87400.0,86700.0,87200.0,1952
2026-04-06 04:00:00+00:00,에스원,012750,87200.0,87900.0,86900.0,87700.0,2787
2026-04-06 05:00:00+00:00,에스원,012750,87700.0,88200.0,86700.0,87300.0,3320
2026-04-07 00:00:00+00:00,에스원,012750,85100.0,90000.0,84900.0,89800.0,8562
2026-04-07 01:00:00+00:00,에스원,012750,89700.0,90000.0,88300.0,88600.0,4737
2026-04-07 02:00:00+00:00,에스원,012750,88600.0,89500.0,88000.0,89000.0,4197
2026-04-07 03:00:00+00:00,에스원,012750,88900.0,89900.0,88900.0,89800.0,3521
2026-04-07 04:00:00+00:00,에스원,012750,89700.0,89700.0,88800.0,89200.0,3278
2026-04-07 05:00:00+00:00,에스원,012750,89200.0,89500.0,88500.0,89500.0,4090
2026-04-08 00:00:00+00:00,에스원,012750,97500.0,103000.0,89700.0,90100.0,24504
2026-04-08 01:00:00+00:00,에스원,012750,90200.0,91200.0,89500.0,90600.0,6911
2026-04-08 02:00:00+00:00,에스원,012750,90400.0,91200.0,89800.0,89900.0,4937
2026-04-08 03:00:00+00:00,에스원,012750,90000.0,90200.0,89100.0,89800.0,4170
2026-04-08 04:00:00+00:00,에스원,012750,89800.0,90500.0,89400.0,90000.0,5182
2026-04-08 05:00:00+00:00,에스원,012750,90000.0,90800.0,89500.0,89700.0,7082
2026-04-09 00:00:00+00:00,에스원,012750,89700.0,91000.0,89200.0,89800.0,5547
2026-04-09 01:00:00+00:00,에스원,012750,89800.0,90700.0,89500.0,90200.0,4131
2026-04-09 02:00:00+00:00,에스원,012750,90200.0,90400.0,89600.0,90200.0,3459
2026-04-09 03:00:00+00:00,에스원,012750,90200.0,90600.0,89800.0,90400.0,3173
2026-04-09 04:00:00+00:00,에스원,012750,90400.0,91300.0,90400.0,90400.0,3857
2026-04-09 05:00:00+00:00,에스원,012750,90400.0,90900.0,90300.0,90700.0,3890
2026-04-10 00:00:00+00:00,에스원,012750,91800.0,92000.0,90400.0,91000.0,6529
2026-04-10 01:00:00+00:00,에스원,012750,91100.0,91600.0,90800.0,91000.0,5601
2026-04-10 02:00:00+00:00,에스원,012750,91000.0,91300.0,90800.0,91000.0,3207
2026-04-10 03:00:00+00:00,에스원,012750,90900.0,91000.0,90200.0,90300.0,6083
2026-04-10 04:00:00+00:00,에스원,012750,90200.0,90300.0,89300.0,89500.0,4535
2026-04-10 05:00:00+00:00,에스원,012750,89500.0,89600.0,89200.0,89600.0,4646
2026-04-13 00:00:00+00:00,에스원,012750,87900.0,88700.0,87200.0,87700.0,0
2026-04-13 01:00:00+00:00,에스원,012750,87800.0,88700.0,87500.0,88600.0,3253
2026-04-13 02:00:00+00:00,에스원,012750,88600.0,88900.0,88100.0,88400.0,2109
2026-04-13 03:00:00+00:00,에스원,012750,88400.0,90000.0,87500.0,87800.0,3905
2026-04-13 04:00:00+00:00,에스원,012750,87700.0,88200.0,87300.0,87600.0,2215
2026-04-13 05:00:00+00:00,에스원,012750,87600.0,88000.0,87400.0,87800.0,2807
2026-04-14 00:00:00+00:00,에스원,012750,88100.0,92100.0,88100.0,91900.0,12966
2026-04-14 01:00:00+00:00,에스원,012750,91900.0,92900.0,91600.0,91800.0,8031
2026-04-14 02:00:00+00:00,에스원,012750,91700.0,92400.0,91500.0,91600.0,3724
2026-04-14 03:00:00+00:00,에스원,012750,91600.0,92000.0,91500.0,91900.0,2759
2026-04-14 04:00:00+00:00,에스원,012750,91900.0,92500.0,91600.0,91800.0,4980
2026-04-14 05:00:00+00:00,에스원,012750,91800.0,92000.0,91100.0,91200.0,7049
2026-04-06 00:00:00+00:00,한미약품,008930,37400.0,38650.0,37250.0,38600.0,0
2026-04-06 01:00:00+00:00,한미약품,008930,38600.0,38750.0,37800.0,38025.0,22132
2026-04-06 02:00:00+00:00,한미약품,008930,38025.0,38800.0,38000.0,38100.0,16686
2026-04-06 03:00:00+00:00,한미약품,008930,38100.0,38450.0,38000.0,38150.0,7647
2026-04-06 04:00:00+00:00,한미약품,008930,38150.0,38950.0,38100.0,38600.0,35855
2026-04-06 05:00:00+00:00,한미약품,008930,38600.0,38600.0,37900.0,37950.0,8623
2026-04-07 00:00:00+00:00,한미약품,008930,37850.0,38900.0,37850.0,38600.0,19117
2026-04-07 01:00:00+00:00,한미약품,008930,38600.0,38700.0,38225.0,38300.0,16435
2026-04-07 02:00:00+00:00,한미약품,008930,38250.0,38350.0,37800.0,38100.0,37926
2026-04-07 03:00:00+00:00,한미약품,008930,38150.0,38450.0,38100.0,38300.0,12512
2026-04-07 04:00:00+00:00,한미약품,008930,38300.0,38350.0,38100.0,38100.0,8126
2026-04-07 05:00:00+00:00,한미약품,008930,38150.0,38150.0,37900.0,38050.0,8915
2026-04-08 00:00:00+00:00,한미약품,008930,39300.0,39700.0,38100.0,38100.0,46361
2026-04-08 01:00:00+00:00,한미약품,008930,38150.0,38550.0,37850.0,38200.0,19679
2026-04-08 02:00:00+00:00,한미약품,008930,38100.0,38250.0,38000.0,38100.0,33113
2026-04-08 03:00:00+00:00,한미약품,008930,38050.0,38250.0,38000.0,38200.0,17015
2026-04-08 04:00:00+00:00,한미약품,008930,38200.0,38550.0,38200.0,38500.0,15577
2026-04-08 05:00:00+00:00,한미약품,008930,38500.0,38650.0,38450.0,38650.0,12621
2026-04-09 00:00:00+00:00,한미약품,008930,38550.0,39300.0,38550.0,38900.0,21906
2026-04-09 01:00:00+00:00,한미약품,008930,38800.0,39550.0,38700.0,39500.0,20359
2026-04-09 02:00:00+00:00,한미약품,008930,39500.0,39800.0,39250.0,39300.0,17032
2026-04-09 03:00:00+00:00,한미약품,008930,39300.0,39500.0,39250.0,39400.0,5617
2026-04-09 04:00:00+00:00,한미약품,008930,39400.0,39700.0,39400.0,39525.0,15203
2026-04-09 05:00:00+00:00,한미약품,008930,39500.0,39550.0,39250.0,39325.0,9128
2026-04-10 00:00:00+00:00,한미약품,008930,39300.0,40050.0,38900.0,39100.0,17446
2026-04-10 01:00:00+00:00,한미약품,008930,39100.0,39100.0,38650.0,38750.0,20810
2026-04-10 02:00:00+00:00,한미약품,008930,38800.0,39050.0,38650.0,39000.0,6143
2026-04-10 03:00:00+00:00,한미약품,008930,38950.0,39000.0,38650.0,38650.0,9060
2026-04-10 04:00:00+00:00,한미약품,008930,38700.0,38950.0,38550.0,38650.0,20202
2026-04-10 05:00:00+00:00,한미약품,008930,38700.0,39000.0,38650.0,38950.0,14331
2026-04-13 00:00:00+00:00,한미약품,008930,38350.0,38500.0,37800.0,38150.0,0
2026-04-13 01:00:00+00:00,한미약품,008930,38200.0,38450.0,38050.0,38200.0,4229
2026-04-13 02:00:00+00:00,한미약품,008930,38200.0,38250.0,38050.0,38150.0,3481
2026-04-13 03:00:00+00:00,한미약품,008930,38150.0,38150.0,38000.0,38150.0,7513
2026-04-13 04:00:00+00:00,한미약품,008930,38100.0,38400.0,38050.0,38200.0,18040
2026-04-13 05:00:00+00:00,한미약품,008930,38250.0,38300.0,38200.0,38250.0,9052
2026-04-14 00:00:00+00:00,한미약품,008930,38600.0,38950.0,38600.0,38800.0,15465
2026-04-14 01:00:00+00:00,한미약품,008930,38850.0,38850.0,38350.0,38450.0,17191
2026-04-14 02:00:00+00:00,한미약품,008930,38450.0,38550.0,38450.0,38500.0,4019
2026-04-14 03:00:00+00:00,한미약품,008930,38450.0,38550.0,38400.0,38500.0,6990
2026-04-14 04:00:00+00:00,한미약품,008930,38500.0,38700.0,38450.0,38500.0,6756
2026-04-14 05:00:00+00:00,한미약품,008930,38550.0,38650.0,38450.0,38450.0,8469
2026-04-06 00:00:00+00:00,휴젤,069260,17450.0,17560.0,17330.0,17390.0,0
2026-04-06 01:00:00+00:00,휴젤,069260,17380.0,17420.0,17250.0,17260.0,10618
2026-04-06 02:00:00+00:00,휴젤,069260,17260.0,17460.0,17230.0,17260.0,8859
2026-04-06 03:00:00+00:00,휴젤,069260,17250.0,17400.0,17240.0,17300.0,4175
2026-04-06 04:00:00+00:00,휴젤,069260,17320.0,17410.0,17290.0,17330.0,3992
2026-04-06 05:00:00+00:00,휴젤,069260,17330.0,17390.0,17280.0,17280.0,3368
2026-04-07 00:00:00+00:00,휴젤,069260,17290.0,17540.0,17290.0,17480.0,7023
2026-04-07 01:00:00+00:00,휴젤,069260,17480.0,17520.0,17350.0,17350.0,6503
2026-04-07 02:00:00+00:00,휴젤,069260,17350.0,17360.0,17290.0,17300.0,4499
2026-04-07 03:00:00+00:00,휴젤,069260,17290.0,17430.0,17280.0,17300.0,2875
2026-04-07 04:00:00+00:00,휴젤,069260,17300.0,17310.0,17210.0,17230.0,9075
2026-04-07 05:00:00+00:00,휴젤,069260,17230.0,17240.0,17150.0,17180.0,12252
2026-04-08 00:00:00+00:00,휴젤,069260,17780.0,17840.0,17400.0,17600.0,26676
2026-04-08 01:00:00+00:00,휴젤,069260,17600.0,17640.0,17500.0,17630.0,12219
2026-04-08 02:00:00+00:00,휴젤,069260,17630.0,17650.0,17620.0,17640.0,4292
2026-04-08 03:00:00+00:00,휴젤,069260,17640.0,17710.0,17640.0,17660.0,5268
2026-04-08 04:00:00+00:00,휴젤,069260,17660.0,17730.0,17600.0,17720.0,8231
2026-04-08 05:00:00+00:00,휴젤,069260,17720.0,17750.0,17640.0,17640.0,9138
2026-04-09 00:00:00+00:00,휴젤,069260,17570.0,17690.0,17380.0,17390.0,9198
2026-04-09 01:00:00+00:00,휴젤,069260,17380.0,17510.0,17290.0,17420.0,10532
2026-04-09 02:00:00+00:00,휴젤,069260,17400.0,17460.0,17350.0,17370.0,7937
2026-04-09 03:00:00+00:00,휴젤,069260,17370.0,17450.0,17370.0,17420.0,6291
2026-04-09 04:00:00+00:00,휴젤,069260,17410.0,17460.0,17400.0,17410.0,6849
2026-04-09 05:00:00+00:00,휴젤,069260,17410.0,17430.0,17330.0,17330.0,10949
2026-04-10 00:00:00+00:00,휴젤,069260,17400.0,17590.0,17400.0,17520.0,10639
2026-04-10 01:00:00+00:00,휴젤,069260,17510.0,17570.0,17500.0,17560.0,7600
2026-04-10 02:00:00+00:00,휴젤,069260,17550.0,17680.0,17550.0,17590.0,5717
2026-04-10 03:00:00+00:00,휴젤,069260,17600.0,17660.0,17580.0,17600.0,6314
2026-04-10 04:00:00+00:00,휴젤,069260,17610.0,17610.0,17570.0,17610.0,4012
2026-04-10 05:00:00+00:00,휴젤,069260,17605.0,17630.0,17560.0,17600.0,6567
2026-04-13 00:00:00+00:00,휴젤,069260,17630.0,17630.0,17340.0,17360.0,0
2026-04-13 01:00:00+00:00,휴젤,069260,17370.0,17500.0,17360.0,17480.0,10856
2026-04-13 02:00:00+00:00,휴젤,069260,17490.0,17490.0,17380.0,17430.0,16781
2026-04-13 03:00:00+00:00,휴젤,069260,17430.0,17460.0,17410.0,17430.0,13989
2026-04-13 04:00:00+00:00,휴젤,069260,17420.0,17520.0,17420.0,17480.0,14558
2026-04-13 05:00:00+00:00,휴젤,069260,17490.0,17540.0,17450.0,17470.0,9819
2026-04-14 00:00:00+00:00,휴젤,069260,17610.0,17750.0,17570.0,17640.0,17440
2026-04-14 01:00:00+00:00,휴젤,069260,17650.0,17730.0,17590.0,17690.0,14441
2026-04-14 02:00:00+00:00,휴젤,069260,17690.0,17840.0,17670.0,17810.0,11976
2026-04-14 03:00:00+00:00,휴젤,069260,17810.0,17830.0,17740.0,17780.0,9098
2026-04-14 04:00:00+00:00,휴젤,069260,17780.0,17800.0,17720.0,17730.0,14610
2026-04-14 05:00:00+00:00,휴젤,069260,17740.0,17760.0,17710.0,17710.0,12502
2026-04-06 00:00:00+00:00,BGF리테일,282330,133900.0,137300.0,133100.0,135000.0,0
2026-04-06 01:00:00+00:00,BGF리테일,282330,135000.0,136000.0,133800.0,135000.0,2538
2026-04-06 02:00:00+00:00,BGF리테일,282330,134900.0,136000.0,134100.0,135300.0,3546
2026-04-06 03:00:00+00:00,BGF리테일,282330,135100.0,135800.0,134000.0,135500.0,2291
2026-04-06 04:00:00+00:00,BGF리테일,282330,135600.0,136000.0,135000.0,135800.0,2698
2026-04-06 05:00:00+00:00,BGF리테일,282330,135800.0,136000.0,134500.0,134900.0,2925
2026-04-07 00:00:00+00:00,BGF리테일,282330,133200.0,138500.0,133100.0,137300.0,5503
2026-04-07 01:00:00+00:00,BGF리테일,282330,137100.0,138000.0,136000.0,137000.0,3394
2026-04-07 02:00:00+00:00,BGF리테일,282330,137100.0,137600.0,135700.0,136300.0,4365
2026-04-07 03:00:00+00:00,BGF리테일,282330,136300.0,137100.0,135500.0,136200.0,2894
2026-04-07 04:00:00+00:00,BGF리테일,282330,136100.0,136200.0,134900.0,135200.0,3133
2026-04-07 05:00:00+00:00,BGF리테일,282330,135300.0,135900.0,134800.0,135400.0,5872
2026-04-08 00:00:00+00:00,BGF리테일,282330,143000.0,143000.0,136000.0,137100.0,9737
2026-04-08 01:00:00+00:00,BGF리테일,282330,137000.0,137600.0,135200.0,135400.0,5739
2026-04-08 02:00:00+00:00,BGF리테일,282330,135400.0,136700.0,135350.0,136200.0,4073
2026-04-08 03:00:00+00:00,BGF리테일,282330,136200.0,136300.0,131000.0,134500.0,32214
2026-04-08 04:00:00+00:00,BGF리테일,282330,134500.0,135000.0,132100.0,132300.0,11627
2026-04-08 05:00:00+00:00,BGF리테일,282330,132300.0,133700.0,131800.0,133100.0,15114
2026-04-09 00:00:00+00:00,BGF리테일,282330,132200.0,134800.0,132200.0,134300.0,4540
2026-04-09 01:00:00+00:00,BGF리테일,282330,134200.0,136800.0,133700.0,136100.0,6985
2026-04-09 02:00:00+00:00,BGF리테일,282330,136100.0,136300.0,134500.0,135500.0,5583
2026-04-09 03:00:00+00:00,BGF리테일,282330,135600.0,136500.0,135200.0,136300.0,5094
2026-04-09 04:00:00+00:00,BGF리테일,282330,136300.0,136700.0,133600.0,133700.0,6848
2026-04-09 05:00:00+00:00,BGF리테일,282330,133700.0,135300.0,133600.0,134500.0,9373
2026-04-10 00:00:00+00:00,BGF리테일,282330,143700.0,143700.0,132700.0,133800.0,23435
2026-04-10 01:00:00+00:00,BGF리테일,282330,133800.0,133900.0,132100.0,132700.0,9044
2026-04-10 02:00:00+00:00,BGF리테일,282330,132600.0,133500.0,132400.0,133000.0,5224
2026-04-10 03:00:00+00:00,BGF리테일,282330,132800.0,132900.0,131500.0,131600.0,9637
2026-04-10 04:00:00+00:00,BGF리테일,282330,131800.0,132600.0,131500.0,132400.0,7552
2026-04-10 05:00:00+00:00,BGF리테일,282330,132400.0,132700.0,131000.0,131100.0,13677
2026-04-13 00:00:00+00:00,BGF리테일,282330,130900.0,131400.0,125400.0,126000.0,0
2026-04-13 01:00:00+00:00,BGF리테일,282330,126000.0,127600.0,125500.0,127200.0,16777
2026-04-13 02:00:00+00:00,BGF리테일,282330,127100.0,127300.0,126600.0,126800.0,3475
2026-04-13 03:00:00+00:00,BGF리테일,282330,126700.0,127000.0,126000.0,126200.0,3550
2026-04-13 04:00:00+00:00,BGF리테일,282330,126200.0,126800.0,125800.0,126000.0,3835
2026-04-13 05:00:00+00:00,BGF리테일,282330,126000.0,126900.0,125300.0,126500.0,9790
2026-04-14 00:00:00+00:00,BGF리테일,282330,126100.0,129600.0,126000.0,128900.0,8791
2026-04-14 01:00:00+00:00,BGF리테일,282330,128900.0,129800.0,128200.0,129400.0,5725
2026-04-14 02:00:00+00:00,BGF리테일,282330,129400.0,129900.0,128900.0,129800.0,3853
2026-04-14 03:00:00+00:00,BGF리테일,282330,129600.0,131300.0,129600.0,131200.0,5065
2026-04-14 04:00:00+00:00,BGF리테일,282330,131200.0,131600.0,129500.0,130300.0,9398
2026-04-14 05:00:00+00:00,BGF리테일,282330,130300.0,130700.0,129300.0,130100.0,13935
2026-04-06 00:00:00+00:00,롯데지주,004990,27350.0,27650.0,27250.0,27400.0,0
2026-04-06 01:00:00+00:00,롯데지주,004990,27400.0,27450.0,27200.0,27200.0,24088
2026-04-06 02:00:00+00:00,롯데지주,004990,27200.0,27500.0,27200.0,27200.0,16105
2026-04-06 03:00:00+00:00,롯데지주,004990,27200.0,27200.0,27050.0,27200.0,16503
2026-04-06 04:00:00+00:00,롯데지주,004990,27250.0,27300.0,27100.0,27250.0,8023
2026-04-06 05:00:00+00:00,롯데지주,004990,27200.0,27400.0,27200.0,27300.0,11916
2026-04-07 00:00:00+00:00,롯데지주,004990,27400.0,27850.0,27400.0,27750.0,21753
2026-04-07 01:00:00+00:00,롯데지주,004990,27650.0,27700.0,27200.0,27300.0,18487
2026-04-07 02:00:00+00:00,롯데지주,004990,27300.0,27300.0,27150.0,27150.0,13916
2026-04-07 03:00:00+00:00,롯데지주,004990,27200.0,27300.0,27150.0,27200.0,11401
2026-04-07 04:00:00+00:00,롯데지주,004990,27200.0,27250.0,27000.0,27050.0,27806
2026-04-07 05:00:00+00:00,롯데지주,004990,27050.0,27150.0,26850.0,27000.0,74446
2026-04-08 00:00:00+00:00,롯데지주,004990,27850.0,28300.0,27800.0,28050.0,63774
2026-04-08 01:00:00+00:00,롯데지주,004990,28050.0,28100.0,27850.0,28050.0,16833
2026-04-08 02:00:00+00:00,롯데지주,004990,28050.0,28150.0,28000.0,28100.0,18820
2026-04-08 03:00:00+00:00,롯데지주,004990,28100.0,28250.0,28000.0,28100.0,22371
2026-04-08 04:00:00+00:00,롯데지주,004990,28100.0,28200.0,28050.0,28100.0,16672
2026-04-08 05:00:00+00:00,롯데지주,004990,28100.0,28300.0,28050.0,28250.0,22988
2026-04-09 00:00:00+00:00,롯데지주,004990,28050.0,28400.0,27900.0,28000.0,46063
2026-04-09 01:00:00+00:00,롯데지주,004990,28100.0,28300.0,28000.0,28300.0,23616
2026-04-09 02:00:00+00:00,롯데지주,004990,28300.0,28300.0,28100.0,28300.0,20039
2026-04-09 03:00:00+00:00,롯데지주,004990,28300.0,28300.0,28100.0,28150.0,21869
2026-04-09 04:00:00+00:00,롯데지주,004990,28150.0,28250.0,28100.0,28150.0,17666
2026-04-09 05:00:00+00:00,롯데지주,004990,28100.0,28200.0,28050.0,28100.0,21763
2026-04-10 00:00:00+00:00,롯데지주,004990,28500.0,29050.0,28500.0,28700.0,41215
2026-04-10 01:00:00+00:00,롯데지주,004990,28700.0,29050.0,28700.0,28850.0,16926
2026-04-10 02:00:00+00:00,롯데지주,004990,28800.0,29000.0,28800.0,28950.0,9116
2026-04-10 03:00:00+00:00,롯데지주,004990,28900.0,29000.0,28800.0,28900.0,9627
2026-04-10 04:00:00+00:00,롯데지주,004990,28900.0,28925.0,28575.0,28750.0,35347
2026-04-10 05:00:00+00:00,롯데지주,004990,28750.0,28800.0,28600.0,28625.0,38707
2026-04-13 00:00:00+00:00,롯데지주,004990,28200.0,28600.0,28150.0,28500.0,0
2026-04-13 01:00:00+00:00,롯데지주,004990,28500.0,28550.0,28300.0,28450.0,14719
2026-04-13 02:00:00+00:00,롯데지주,004990,28350.0,28600.0,28350.0,28500.0,13459
2026-04-13 03:00:00+00:00,롯데지주,004990,28550.0,28550.0,28300.0,28400.0,11275
2026-04-13 04:00:00+00:00,롯데지주,004990,28350.0,28450.0,28100.0,28200.0,28310
2026-04-13 05:00:00+00:00,롯데지주,004990,28150.0,28250.0,28100.0,28100.0,25419
2026-04-14 00:00:00+00:00,롯데지주,004990,28550.0,28700.0,28250.0,28350.0,50249
2026-04-14 01:00:00+00:00,롯데지주,004990,28375.0,28400.0,28150.0,28250.0,46535
2026-04-14 02:00:00+00:00,롯데지주,004990,28200.0,28400.0,28200.0,28250.0,21137
2026-04-14 03:00:00+00:00,롯데지주,004990,28250.0,28400.0,28200.0,28350.0,39229
2026-04-14 04:00:00+00:00,롯데지주,004990,28350.0,28450.0,28300.0,28400.0,19613
2026-04-14 05:00:00+00:00,롯데지주,004990,28400.0,28500.0,28300.0,28425.0,24533
2026-04-06 00:00:00+00:00,엔씨소프트,036570,214000.0,216500.0,211500.0,212500.0,0
2026-04-06 01:00:00+00:00,엔씨소프트,036570,212500.0,213500.0,211500.0,211500.0,6149
2026-04-06 02:00:00+00:00,엔씨소프트,036570,212000.0,216000.0,211500.0,212500.0,6563
2026-04-06 03:00:00+00:00,엔씨소프트,036570,213000.0,213500.0,212000.0,213000.0,1939
2026-04-06 04:00:00+00:00,엔씨소프트,036570,213000.0,214000.0,212500.0,213500.0,3652
2026-04-06 05:00:00+00:00,엔씨소프트,036570,213500.0,214000.0,211500.0,212000.0,6087
2026-04-07 00:00:00+00:00,엔씨소프트,036570,213500.0,217000.0,213000.0,214500.0,9431
2026-04-07 01:00:00+00:00,엔씨소프트,036570,214500.0,214500.0,211500.0,212000.0,6846
2026-04-07 02:00:00+00:00,엔씨소프트,036570,212500.0,212500.0,211000.0,211500.0,7207
2026-04-07 03:00:00+00:00,엔씨소프트,036570,212000.0,213000.0,211000.0,211500.0,2803
2026-04-07 04:00:00+00:00,엔씨소프트,036570,211500.0,211500.0,209000.0,210000.0,7759
2026-04-07 05:00:00+00:00,엔씨소프트,036570,210000.0,211000.0,209000.0,211000.0,4484
2026-04-08 00:00:00+00:00,엔씨소프트,036570,218500.0,220500.0,215500.0,216500.0,20782
2026-04-08 01:00:00+00:00,엔씨소프트,036570,217000.0,217000.0,215000.0,216000.0,8269
2026-04-08 02:00:00+00:00,엔씨소프트,036570,215500.0,217500.0,215500.0,216500.0,5185
2026-04-08 03:00:00+00:00,엔씨소프트,036570,216000.0,217500.0,216000.0,216000.0,5266
2026-04-08 04:00:00+00:00,엔씨소프트,036570,216000.0,217000.0,215000.0,215500.0,6940
2026-04-08 05:00:00+00:00,엔씨소프트,036570,215500.0,218000.0,215500.0,218000.0,8831
2026-04-09 00:00:00+00:00,엔씨소프트,036570,217500.0,227000.0,217500.0,225500.0,33003
2026-04-09 01:00:00+00:00,엔씨소프트,036570,226000.0,227000.0,224250.0,226250.0,21819
2026-04-09 02:00:00+00:00,엔씨소프트,036570,226500.0,228000.0,226250.0,228000.0,16238
2026-04-09 03:00:00+00:00,엔씨소프트,036570,228000.0,233000.0,226000.0,231500.0,44314
2026-04-09 04:00:00+00:00,엔씨소프트,036570,231500.0,235000.0,229500.0,233500.0,29070
2026-04-09 05:00:00+00:00,엔씨소프트,036570,233500.0,234500.0,231500.0,234500.0,29986
2026-04-10 00:00:00+00:00,엔씨소프트,036570,231000.0,243500.0,231000.0,242250.0,67302
2026-04-10 01:00:00+00:00,엔씨소프트,036570,242250.0,245000.0,241000.0,243000.0,35872
2026-04-10 02:00:00+00:00,엔씨소프트,036570,243500.0,246000.0,243000.0,244500.0,27795
2026-04-10 03:00:00+00:00,엔씨소프트,036570,244500.0,245500.0,242500.0,243500.0,17788
2026-04-10 04:00:00+00:00,엔씨소프트,036570,243500.0,243500.0,241000.0,243000.0,19667
2026-04-10 05:00:00+00:00,엔씨소프트,036570,243000.0,243000.0,240000.0,240500.0,22963
2026-04-13 00:00:00+00:00,엔씨소프트,036570,236500.0,240000.0,234000.0,237000.0,0
2026-04-13 01:00:00+00:00,엔씨소프트,036570,237000.0,239500.0,235000.0,239000.0,6242
2026-04-13 02:00:00+00:00,엔씨소프트,036570,238500.0,243500.0,238000.0,243500.0,14773
2026-04-13 03:00:00+00:00,엔씨소프트,036570,243500.0,243500.0,239500.0,240000.0,9715
2026-04-13 04:00:00+00:00,엔씨소프트,036570,240500.0,241000.0,237500.0,238500.0,6836
2026-04-13 05:00:00+00:00,엔씨소프트,036570,238500.0,240000.0,237000.0,238000.0,10562
2026-04-14 00:00:00+00:00,엔씨소프트,036570,240000.0,252000.0,240000.0,251000.0,62611
2026-04-14 01:00:00+00:00,엔씨소프트,036570,251000.0,251000.0,246000.0,247500.0,43236
2026-04-14 02:00:00+00:00,엔씨소프트,036570,247500.0,250000.0,246500.0,249000.0,15308
2026-04-14 03:00:00+00:00,엔씨소프트,036570,249000.0,251000.0,248000.0,250000.0,18064
2026-04-14 04:00:00+00:00,엔씨소프트,036570,250500.0,251000.0,249500.0,250000.0,18703
2026-04-14 05:00:00+00:00,엔씨소프트,036570,250000.0,250750.0,249000.0,249500.0,21232
